date,nav,cash,n_positions,csi300_nav
2016-03-03,998510.5121780871,5518.630902910154,10,
2016-03-04,1005671.9752480029,5518.630902910154,10,
2016-03-07,1030346.6889072894,5518.630902910154,10,
2016-03-08,1030950.5904842853,5518.630902910154,10,
2016-03-09,1013610.99125638,5518.630902910154,10,
2016-03-10,1006844.7106235265,399387.70106961724,6,
2016-03-11,1002947.4258543372,699549.2059589743,3,
2016-03-14,1009851.9046013474,95580.2991812348,9,
2016-03-15,1009320.5118233323,786.1522728561977,10,
2016-03-16,1001139.5342238545,2611.1675150990195,10,
2016-03-17,1052640.5681260228,2611.1675150990195,10,
2016-03-18,1100407.380069077,2611.1675150990195,10,
2016-03-21,1130997.874868691,2611.1675150990195,10,
2016-03-22,1138648.1948741078,2611.1675150990195,10,
2016-03-23,1158960.5899433256,114315.28745690582,9,
2016-03-24,1145317.2440151335,114315.28745690582,9,
2016-03-25,1149183.534237337,433290.60969014163,6,
2016-03-28,1144345.3027003526,783696.6325038194,3,
2016-03-29,1135273.2204484225,894345.533947873,2,
2016-03-30,1148209.6345615862,664884.2511368274,4,
2016-03-31,1147254.6875591516,1260.2197284935537,10,
2016-04-01,1150064.8336031674,103.33825137601525,10,
2016-04-05,1170871.3103392362,103.33825137601525,10,
2016-04-06,1181610.0535013913,103.33825137601525,10,
2016-04-07,1161964.889657998,144.54425623401767,10,
2016-04-08,1144562.7225198268,539486.1091413021,5,
2016-04-11,1152958.6543852328,765628.0457788943,3,
2016-04-12,1149584.4708680152,917763.57800951,2,
2016-04-13,1150400.6271240055,805159.0592619716,3,
2016-04-14,1149895.005107051,348528.3362509071,7,
2016-04-15,1151848.4602272091,3726.7102896748984,10,
2016-04-18,1138433.8346365034,225887.2093084394,8,
2016-04-19,1139034.7734895705,559191.3311925887,5,
2016-04-20,1132992.8208437918,672476.0867205618,4,
2016-04-21,1132749.1710230825,778746.2759539603,3,
2016-04-22,1139343.3396936893,894385.4254366397,2,
2016-04-25,1144476.3026750325,780289.806846404,3,
2016-04-26,1143090.1176051376,210798.9411429643,8,
2016-04-27,1137052.3815456985,214.67400232546788,10,
2016-04-28,1134881.2899543047,250.95047485824034,10,
2016-04-29,1139279.8000377894,11506.096391129453,10,
2016-05-03,1184265.4200357676,11506.096391129453,10,
2016-05-04,1184537.7731603861,11506.096391129453,10,
2016-05-05,1195188.8570112467,11506.096391129453,10,
2016-05-06,1153414.9532057405,449194.3163611054,6,
2016-05-09,1148904.5540237068,1012535.6777572274,1,
2016-05-10,1147389.3339538216,1012535.6777572274,1,
2016-05-11,1149119.9564981104,1034410.0565957667,1,
2016-05-12,1151479.0095376612,1034410.0565957667,1,
2016-05-13,1148947.891111386,919527.7333927276,2,
2016-05-16,1154566.7379273176,229103.28661334526,8,
2016-05-17,1156257.8733715774,330.7773146391846,10,
2016-05-18,1135673.0372867347,65.62916848668829,10,
2016-05-19,1131463.9577288271,219904.51530405303,8,
2016-05-20,1132124.98606385,135.38623989839107,10,
2016-05-23,1137969.711070192,2517.3140097977594,10,
2016-05-24,1130146.846088803,226070.63771191856,8,
2016-05-25,1128913.2381818653,336629.4331691625,7,
2016-05-26,1128042.374945903,449984.19232490077,6,
2016-05-27,1126830.6944441558,130.74560878290504,10,
2016-05-30,1125880.8250431777,226635.82594439999,8,
2016-05-31,1151833.2722505154,380.9899290622852,10,
2016-06-01,1149726.737888676,380.9899290622852,10,
2016-06-02,1154473.1830557408,380.9899290622852,10,
2016-06-03,1168259.268685204,380.9899290622852,10,
2016-06-06,1171892.2033032002,380.9899290622852,10,
2016-06-07,1171423.248062283,344341.4734937253,7,
2016-06-08,1177138.8583400608,801392.6939704778,3,
2016-06-13,1166611.3139243964,920623.6252876165,2,
2016-06-14,1165619.5834251288,920623.6252876165,2,
2016-06-15,1181136.5464301948,920623.6252876165,2,
2016-06-16,1207133.6080211047,800938.5190623644,3,
2016-06-17,1204679.5479318742,319527.3147127273,7,
2016-06-20,1216283.8107631805,72.70417672418989,10,
2016-06-21,1222510.7892082336,72.70417672418989,10,
2016-06-22,1256393.431141055,103.90167442584061,10,
2016-06-23,1258325.7687112454,103.90167442584061,10,
2016-06-24,1247265.9766097309,406036.96876957436,7,
2016-06-27,1283715.19752934,406036.96876957436,7,
2016-06-28,1286246.0931940319,149459.64695646783,9,
2016-06-29,1280961.9221150877,21591.74186587354,10,
2016-06-30,1279516.694592357,279130.66229712986,8,
2016-07-01,1282760.2143229963,378550.8440436843,7,
2016-07-04,1308684.920021272,247772.00264570743,8,
2016-07-05,1319260.0261890653,247772.00264570743,8,
2016-07-06,1323820.6092560056,247772.00264570743,8,
2016-07-07,1331194.6560346845,247772.00264570743,8,
2016-07-08,1345475.7945024732,247772.00264570743,8,
2016-07-11,1346879.3151396038,113101.42955954102,9,
2016-07-12,1392488.8459686998,130.86557433633425,10,
2016-07-13,1386003.0616764787,130.86557433633425,10,
2016-07-14,1385855.5913290742,15.696557498216862,10,
2016-07-15,1386791.9163490895,270903.30455557135,8,
2016-07-18,1392210.031675792,281473.2574696305,8,
2016-07-19,1384595.3444290878,411422.37918860937,7,
2016-07-20,1382015.983825636,973799.270873976,3,
2016-07-21,1381285.3830748084,1116555.6708746436,2,
2016-07-22,1384210.0093298438,1116555.6708746436,2,
2016-07-25,1386293.740204859,839491.5310183051,4,
2016-07-26,1393740.4752634647,144131.44756780888,9,
2016-07-27,1382241.9753624203,6047.974307656521,10,
2016-07-28,1408294.7972367527,141704.96023399854,9,
2016-07-29,1411479.6986554386,5813.371202779061,10,
2016-08-01,1395991.2398789646,5813.371202779061,10,
2016-08-02,1402659.7725467207,416300.75171752,7,
2016-08-03,1424358.1188164712,131840.10634050387,9,
2016-08-04,1426654.0944823625,92.75276750345074,10,
2016-08-05,1429462.6734742525,92.75276750345074,10,
2016-08-08,1454844.4161662462,92.75276750345074,10,
2016-08-09,1468090.883637369,92.75276750345074,10,
2016-08-10,1471230.3393262746,127595.58690966388,9,
2016-08-11,1465702.5451797368,127595.58690966388,9,
2016-08-12,1477949.5095786932,251001.99747656603,8,
2016-08-15,1494841.1621189,140.78799246568815,10,
2016-08-16,1492308.7609552266,43403.13208330888,10,
2016-08-17,1502200.952913654,43403.13208330888,10,
2016-08-18,1494501.001887882,327884.47492655535,8,
2016-08-19,1494045.646386707,327884.47492655535,8,
2016-08-22,1487856.265210736,1081207.7110763672,3,
2016-08-23,1487575.0161644104,1081207.7110763672,3,
2016-08-24,1493549.7368587614,932618.5680164458,4,
2016-08-25,1486342.4653849723,590936.6801104667,6,
2016-08-26,1494618.001546693,137989.62894899864,9,
2016-08-29,1488221.7381067516,171.53120710869553,10,
2016-08-30,1478613.69037478,7380.184195923997,10,
2016-08-31,1480809.8609976412,448581.1651281955,7,
2016-09-01,1481567.0541515471,582095.1177349212,6,
2016-09-02,1485061.5910609367,577347.6886828544,6,
2016-09-05,1489951.9047946336,131867.3645467164,9,
2016-09-06,1516306.514153135,1574.2005916954804,10,
2016-09-07,1523040.7117458703,1574.2005916954804,10,
2016-09-08,1529166.1150308968,1574.2005916954804,10,
2016-09-09,1518590.6535760644,148598.97476594464,9,
2016-09-12,1493554.8296449662,1013647.8868005753,3,
2016-09-13,1485776.2154720307,1332002.1213672638,1,
2016-09-14,1485824.7726877213,1485824.7726877213,0,
2016-09-19,1485602.791724968,1337615.4832227707,1,
2016-09-20,1483778.715233183,598512.8133815288,6,
2016-09-21,1485493.4853431939,5580.350625252613,10,
2016-09-22,1495494.4703218697,5580.350625252613,10,
2016-09-23,1499277.6759502648,5580.350625252613,10,
2016-09-26,1468720.8294211389,436411.41493902204,7,
2016-09-27,1470580.9507808685,1173870.652814865,2,
2016-09-28,1468403.8824056627,1468403.8824056627,0,
2016-09-29,1467528.490995169,883934.2173326018,4,
2016-09-30,1470254.6204401017,297463.7556863787,8,
2016-10-10,1494302.3966930152,75.65123059772304,10,
2016-10-11,1501457.0492885353,75.65123059772304,10,
2016-10-12,1506075.5555770637,75.65123059772304,10,
2016-10-13,1503660.4694507362,75.65123059772304,10,
2016-10-14,1509519.2317481758,296598.1604095223,8,
2016-10-17,1503056.1943553211,735346.9993613485,5,
2016-10-18,1521507.125444794,128910.55471458464,9,
2016-10-19,1523705.1767250064,287122.13696441683,8,
2016-10-20,1535653.2941146854,133565.9796520236,9,
2016-10-21,1539717.054650927,129801.23367085488,9,
2016-10-24,1554071.844621325,349.0301567557617,10,
2016-10-25,1561013.7235949042,149026.8316099647,9,
2016-10-26,1575905.3571531775,149026.8316099647,9,
2016-10-27,1568737.4536217216,467101.759356356,7,
2016-10-28,1557519.0633169177,774673.3864179614,5,
2016-10-31,1565477.0016542438,774673.3864179614,5,
2016-11-01,1584582.8839197163,933893.3102979664,4,
2016-11-02,1575244.0580177787,779403.8343716147,5,
2016-11-03,1578677.3137439732,952998.574291611,4,
2016-11-04,1580420.8775867466,952998.574291611,4,
2016-11-07,1581186.5286914113,636865.6719771626,6,
2016-11-08,1583518.8373878004,469700.7059886457,7,
2016-11-09,1576283.5267708304,625695.978681803,6,
2016-11-10,1598992.5364898685,301405.74249496486,8,
2016-11-11,1610359.4442853453,141055.77716918016,9,
2016-11-14,1632746.2746655943,2132.80499339127,10,
2016-11-15,1632684.1086900237,2132.80499339127,10,
2016-11-16,1622605.6678668503,164915.5281201842,9,
2016-11-17,1623467.432321692,164915.5281201842,9,
2016-11-18,1610215.4275962356,816274.656707907,5,
2016-11-21,1615278.9354873183,954822.3845792296,4,
2016-11-22,1613510.9054406646,955220.967658377,4,
2016-11-23,1618446.086408854,794812.8907940391,5,
2016-11-24,1620098.483967543,633354.8694846634,6,
2016-11-25,1630755.2277360442,307580.3788218978,8,
2016-11-28,1632761.109859753,1175.4458735468506,10,
2016-11-29,1642153.6205599788,1175.4458735468506,10,
2016-11-30,1633432.0504790787,158470.6369048598,9,
2016-12-01,1633302.6135118965,137662.65355668095,9,
2016-12-02,1624428.3477295402,618369.112871981,6,
2016-12-05,1615919.0634711746,1125109.7542747024,3,
2016-12-06,1623565.2666423323,963154.6028468611,4,
2016-12-07,1626741.1181411268,802088.8199767591,5,
2016-12-08,1616226.3399484695,319224.2669823708,8,
2016-12-09,1615076.6400181833,315252.4544679703,8,
2016-12-12,1570446.1442158343,1108734.3260929706,3,
2016-12-13,1567048.6958303335,1250765.5706682089,2,
2016-12-14,1571222.8518365743,1407295.0210927846,1,
2016-12-15,1579229.1111522557,1249766.2187152745,2,
2016-12-16,1588072.5952201725,1249766.2187152745,2,
2016-12-19,1596122.2151069166,453590.24353308685,7,
2016-12-20,1610619.6042431833,133243.45897569662,9,
2016-12-21,1630826.6408179284,96.83701734547503,10,
2016-12-22,1642222.0910046578,96.83701734547503,10,
2016-12-23,1643995.4227183342,96.83701734547503,10,
2016-12-26,1663524.8214074136,151669.10761079798,9,
2016-12-27,1668720.2085507156,300239.65129973897,8,
2016-12-28,1677360.748042178,125244.63969619278,9,
2016-12-29,1690613.3336943388,279208.8308972121,8,
2016-12-30,1708878.705336213,100602.06682837015,9,
2017-01-03,1726627.6150268794,87.41298143867607,10,
2017-01-04,1749951.2751144648,87.41298143867607,10,
2017-01-05,1747507.127483058,757.530124354409,10,
2017-01-06,1740774.6790283918,162504.1841858626,9,
2017-01-09,1744690.436100936,335213.85681626806,8,
2017-01-10,1745698.6518349887,826264.7065606357,6,
2017-01-11,1741919.5393525362,1000096.2738000156,5,
2017-01-12,1736389.5856578113,1496954.1265208484,2,
2017-01-13,1737827.6088435412,1496954.1265208484,2,
2017-01-16,1741592.2051150561,1496954.1265208484,2,
2017-01-17,1742593.8823420764,1496954.1265208484,2,
2017-01-18,1745091.8724734546,1496954.1265208484,2,
2017-01-19,1741783.0888468982,1496954.1265208484,2,
2017-01-20,1741485.1214321377,1498339.7915752651,2,
2017-01-23,1743094.7984208348,803342.0094956639,6,
2017-01-24,1743514.2096986058,803342.0094956639,6,
2017-01-25,1743809.7708215,803342.0094956639,6,
2017-01-26,1746801.012050748,873460.1880189183,5,
2017-02-03,1750708.9095231297,873460.1880189183,5,
2017-02-06,1764983.158621097,871399.3391363862,5,
2017-02-07,1766503.9956593278,1041875.2826237443,4,
2017-02-08,1771971.6504597429,1041875.2826237443,4,
2017-02-09,1771733.5479787593,864769.9733785394,5,
2017-02-10,1781756.4122251277,864769.9733785394,5,
2017-02-13,1788977.8494958642,1226948.1548433069,3,
2017-02-14,1790864.7738919978,1403285.3383527522,2,
2017-02-15,1788031.0358510737,1403285.3383527522,2,
2017-02-16,1790119.6073995356,1403285.3383527522,2,
2017-02-17,1789049.910305572,1403285.3383527522,2,
2017-02-20,1795715.848493648,1584769.294309688,1,
2017-02-21,1794404.3557339434,1406373.966425014,2,
2017-02-22,1803755.7837658648,1406373.966425014,2,
2017-02-23,1800632.9896145586,1406373.966425014,2,
2017-02-24,1797853.8793736224,1406373.966425014,2,
2017-02-27,1796290.2665525202,1617525.4456907038,1,
2017-02-28,1796517.1656228784,1438384.0227700952,2,
2017-03-01,1797954.4751947168,1617869.5871179346,1,
2017-03-02,1796649.4954889063,1617869.5871179346,1,
2017-03-03,1797246.3279986624,1082842.8141856436,4,
2017-03-06,1817376.9872806792,720941.9982097868,6,
2017-03-07,1825006.1671514276,498.22037408390315,10,
2017-03-08,1822972.1370477441,498.22037408390315,10,
2017-03-09,1818401.0913629297,498.22037408390315,10,
2017-03-10,1817047.1548243288,537063.4237452273,7,
2017-03-13,1829226.2088773374,200.22070385253755,10,
2017-03-14,1837074.7165439252,200.22070385253755,10,
2017-03-15,1836556.6411492948,200.22070385253755,10,
2017-03-16,1846991.602189601,13964.49478393831,10,
2017-03-17,1849641.3541333799,9025.83830524722,10,
2017-03-20,1855124.8758356217,377893.74208852096,8,
2017-03-21,1856762.243265546,373574.89480439475,8,
2017-03-22,1852589.927181161,352383.53746787366,8,
2017-03-23,1872186.0814262992,711.4780594473705,10,
2017-03-24,1890245.3835655814,711.4780594473705,10,
2017-03-27,1878760.299823392,9369.032142270153,10,
2017-03-28,1880260.6252170687,9369.032142270153,10,
2017-03-29,1857163.3658989556,1277926.6364678033,3,
2017-03-30,1850458.9589227326,1654892.5656427033,1,
2017-03-31,1852054.4916583665,1470498.5845996507,2,
2017-04-05,1857041.9807182201,732816.3211093791,6,
2017-04-06,1856482.1883037216,1558.780844462628,10,
2017-04-07,1853047.2189738876,1558.780844462628,10,
2017-04-10,1855211.144812358,1558.780844462628,10,
2017-04-11,1852915.350306762,179077.6899464257,9,
2017-04-12,1846253.8154377588,378994.6979298241,8,
2017-04-13,1850773.4982285625,8439.222076905484,10,
2017-04-14,1836668.677817238,908800.8915051349,5,
2017-04-17,1831794.0159277327,1277644.825978697,3,
2017-04-18,1818943.693380583,1090432.878713835,4,
2017-04-19,1815102.2424976714,1268177.692250479,3,
2017-04-20,1822908.2211928852,358320.5839353092,8,
2017-04-21,1818517.7964985378,177497.77289033012,9,
2017-04-24,1823230.7839498527,77.58780574877164,10,
2017-04-25,1827140.450148297,1090.9269616134698,10,
2017-04-26,1827046.200342513,162190.83394560893,9,
2017-04-27,1831515.7253409275,220.38351544219768,10,
2017-04-28,1821159.812171448,3524.9403071292327,10,
2017-05-02,1813604.362547589,388.13408632355276,10,
2017-05-03,1802723.505587209,383229.9250312932,8,
2017-05-04,1801417.1587091573,560746.1257797368,7,
2017-05-05,1786762.7438296205,1055863.045953644,4,
2017-05-08,1767914.1236986048,1591415.9038270838,1,
2017-05-09,1766166.677684856,1238921.763367725,3,
2017-05-10,1759857.9189133411,1064137.2375559574,4,
2017-05-11,1763500.45720985,888396.9379608876,5,
2017-05-12,1719373.1285889393,551319.4705326802,7,
2017-05-15,1723986.1751175649,164181.17781646305,9,
2017-05-16,1735059.6696019892,178.29879529526806,10,
2017-05-17,1735095.2307105784,178.29879529526806,10,
2017-05-18,1750487.1191621546,178.29879529526806,10,
2017-05-19,1763221.0924912218,1436.5162897830014,10,
2017-05-22,1772514.1729365117,170332.5109492069,9,
2017-05-23,1748809.7847269778,679326.8035219914,6,
2017-05-24,1741949.8858934885,850385.221768046,5,
2017-05-25,1761633.2381422524,1045920.9849531656,4,
2017-05-26,1761616.7515213494,1045920.9849531656,4,
2017-05-31,1764295.785829783,694364.4106123453,6,
2017-06-01,1758948.7305417543,345710.8775868898,8,
2017-06-02,1760521.6950547462,167931.8378817801,9,
2017-06-05,1756551.3581439976,329090.4539510731,8,
2017-06-06,1773494.2076683645,153609.31117540642,9,
2017-06-07,1791524.3715229158,104.6524467591662,10,
2017-06-08,1799536.6364660386,104.6524467591662,10,
2017-06-09,1807858.7062540178,104.6524467591662,10,
2017-06-12,1803599.2714156036,882365.4383887176,5,
2017-06-13,1815921.1844910507,882365.4383887176,5,
2017-06-14,1810739.569599784,520461.75485388085,7,
2017-06-15,1825485.9470781926,337928.95602556516,8,
2017-06-16,1816190.814724267,531787.5136283045,7,
2017-06-19,1826406.3762095575,531787.5136283045,7,
2017-06-20,1824889.2582324152,531787.5136283045,7,
2017-06-21,1829580.6520292405,694555.2189180498,6,
2017-06-22,1810647.104501665,1252751.7337321644,3,
2017-06-23,1806963.8911789777,1072792.329556358,4,
2017-06-26,1813477.6988095166,1072792.329556358,4,
2017-06-27,1820486.0980248335,527052.4131035687,7,
2017-06-28,1825089.1191697004,527052.4131035687,7,
2017-06-29,1829705.5772892835,161896.34638947263,9,
2017-06-30,1828618.2635416389,133.3615412117215,10,
2017-07-03,1851096.6199745536,190982.58865970385,9,
2017-07-04,1848579.1750347498,380035.8333027245,8,
2017-07-05,1863404.9631991866,193708.60325484292,9,
2017-07-06,1858300.8271748067,182567.87818017023,9,
2017-07-07,1868845.9122885945,258.7855805637082,10,
2017-07-10,1867851.2389868977,183541.69101421855,9,
2017-07-11,1846810.7659388068,163442.7083063604,9,
2017-07-12,1850585.1126996758,646.2036935569777,10,
2017-07-13,1869980.2621887447,580.3899334193848,10,
2017-07-14,1863161.0304875614,359184.60483982577,8,
2017-07-17,1855437.2177160026,725372.8172338249,6,
2017-07-18,1851552.7009668113,542037.1760072471,7,
2017-07-19,1866709.8761353733,529695.252398038,7,
2017-07-20,1876911.0595177652,1316.9773053170065,10,
2017-07-21,1881058.9600037576,1316.9773053170065,10,
2017-07-24,1886880.8972118618,14345.545744729141,10,
2017-07-25,1883352.0534752132,14345.545744729141,10,
2017-07-26,1877377.438564706,154327.51483480944,9,
2017-07-27,1907108.446426797,338520.9862665416,8,
2017-07-28,1905710.3793663264,147974.57025473125,9,
2017-07-31,1930737.3143818856,378.88525991447386,10,
2017-08-01,1946343.4175398827,378.88525991447386,10,
2017-08-02,1920772.1924951554,183819.19373779304,9,
2017-08-03,1925800.0612722398,571458.7568746568,7,
2017-08-04,1922579.620047772,1147903.38642236,4,
2017-08-07,1920756.085989511,763796.583149469,6,
2017-08-08,1928387.7095142961,591693.5274044634,7,
2017-08-09,1923926.5805211663,37854.722711145936,10,
2017-08-10,1925382.8646806597,4598.884954822104,10,
2017-08-11,1901636.91883986,752089.0405744791,6,
2017-08-14,1926009.8985111476,368242.5546085597,8,
2017-08-15,1918581.5627217055,1216.6359066725418,10,
2017-08-16,1944602.2818646312,72.99230908163008,10,
2017-08-17,1964502.9311593415,414.6154816985654,10,
2017-08-18,1969815.0053879141,1088.389100682747,10,
2017-08-21,1989839.6984239935,1088.389100682747,10,
2017-08-22,1980923.0623489977,216634.3828446031,9,
2017-08-23,1964965.7141472935,402994.4615628362,8,
2017-08-24,1945713.9977980496,1533759.1089774014,2,
2017-08-25,1944770.9119172932,1352618.6435075642,3,
2017-08-28,1960032.7657281281,192292.13290799878,9,
2017-08-29,1951721.9658141495,645.840716874809,10,
2017-08-30,1957551.1293177963,645.840716874809,10,
2017-08-31,1955192.1493941667,193512.27406801007,9,
2017-09-01,1963124.5054693583,383211.52147964266,8,
2017-09-04,1966424.1459425334,571272.4410589578,7,
2017-09-05,1964547.4568342569,46.489379346661735,10,
2017-09-06,1974374.953388274,139.7146931293537,10,
2017-09-07,1952643.1873984458,396257.7388949516,8,
2017-09-08,1950256.425757134,969836.3033959509,5,
2017-09-11,1962150.205949974,180466.56980915074,9,
2017-09-12,1990038.6118894578,119.89305076605524,10,
2017-09-13,2003996.9635070325,442.21223006251967,10,
2017-09-14,2018205.591193998,1245.9981840491819,10,
2017-09-15,2000592.0114677788,1245.9981840491819,10,
2017-09-18,2030437.9659813286,1245.9981840491819,10,
2017-09-19,2023441.515111661,1011.1562487841293,10,
2017-09-20,2060238.8101160529,1196.1489260198432,10,
2017-09-21,2065360.6622993948,1196.1489260198432,10,
2017-09-22,2061787.6058846477,359366.14795026806,8,
2017-09-25,2054627.7562475684,351247.7250433448,8,
2017-09-26,2063151.3826300148,544943.5343672279,7,
2017-09-27,2075610.105291939,337444.57432422676,8,
2017-09-28,2081389.2721546178,343627.9088390355,8,
2017-09-29,2079189.979687715,47.84545042560785,10,
2017-10-09,2108485.768843389,1419.1446072821564,10,
2017-10-10,2128161.5290171867,1419.1446072821564,10,
2017-10-11,2129491.2452933555,220851.85878250646,9,
2017-10-12,2124240.3665301567,492511.4947554831,8,
2017-10-13,2137524.253102923,625671.4611259941,7,
2017-10-16,2126064.161969686,841837.2293963674,6,
2017-10-17,2115602.4671108965,1474429.231217647,3,
2017-10-18,2115292.7607053043,1476256.5653317694,3,
2017-10-19,2109149.8098366978,1476256.5653317694,3,
2017-10-20,2104750.2204554086,1680991.8442385201,2,
2017-10-23,2104450.851597071,1680991.8442385201,2,
2017-10-24,2101935.657771588,841113.8040385251,6,
2017-10-25,2116711.202280498,784.4702648882521,10,
2017-10-26,2113930.3255900624,154.3541297201591,10,
2017-10-27,2105159.8428470856,404683.750413156,8,
2017-10-30,2102007.1356495623,1220029.3054302935,4,
2017-10-31,2122218.4136112933,1220029.3054302935,4,
2017-11-01,2124846.3972767596,1220029.3054302935,4,
2017-11-02,2127535.084080506,582460.1911304479,7,
2017-11-03,2110858.699719716,1029047.4949524885,5,
2017-11-06,2136333.5991484644,1238322.8819472317,4,
2017-11-07,2137623.9922468904,384497.64608790906,8,
2017-11-08,2143337.794619155,928.0478769066394,10,
2017-11-09,2175874.499111438,8978.051262164343,10,
2017-11-10,2190682.6972773317,8978.051262164343,10,
2017-11-13,2207689.1913225893,8978.051262164343,10,
2017-11-14,2225980.27383039,429568.5347194436,8,
2017-11-15,2186658.3435429577,882114.5775212292,6,
2017-11-16,2188993.6211905964,1309912.1417365556,4,
2017-11-17,2181560.199882079,1533338.2369533067,3,
2017-11-20,2220142.29585681,1311588.0908206468,4,
2017-11-21,2218182.680423594,1089993.3839872843,5,
2017-11-22,2212842.798950911,648185.4306962495,7,
2017-11-23,2163021.053350783,1062862.1443637377,5,
2017-11-24,2170389.3557003504,1702449.548380709,2,
2017-11-27,2161337.37152896,1069870.5444224838,5,
2017-11-28,2166452.4270652654,982.8520654562453,10,
2017-11-29,2214108.359682453,982.8520654562453,10,
2017-11-30,2207420.072901142,982.8520654562453,10,
2017-12-01,2217296.2329267384,982.8520654562453,10,
2017-12-04,2213065.641468275,275.23896049294854,10,
2017-12-05,2188978.882796872,406795.47417889873,8,
2017-12-06,2176550.7264364366,1514482.880972684,3,
2017-12-07,2174889.4086694126,1297442.0334910755,4,
2017-12-08,2176044.1723973276,1528359.4832093243,3,
2017-12-11,2180364.438605821,220878.35006765157,9,
2017-12-12,2170253.922686899,4576.927981698827,10,
2017-12-13,2197212.593660677,4576.927981698827,10,
2017-12-14,2213611.1182602053,89.15659505160875,10,
2017-12-15,2243091.3064698344,212836.78083220753,9,
2017-12-18,2241678.8839809066,427963.35186878475,8,
2017-12-19,2251298.27583164,714.7360119226505,10,
2017-12-20,2239872.9228353384,644182.6433277014,7,
2017-12-21,2241707.0747035625,394116.89757286344,8,
2017-12-22,2249879.9445167184,617483.3354964855,7,
2017-12-25,2251366.239550555,626787.5664739253,7,
2017-12-26,2268683.708543241,617432.2401232123,7,
2017-12-27,2258408.736286223,845459.0234375596,6,
2017-12-28,2264380.8006631015,25.301967728097225,10,
2017-12-29,2263025.6418818594,43249.82858840225,10,
2018-01-02,2294625.2730709077,38684.52139911652,10,
2018-01-03,2303726.18447361,38684.52139911652,10,
2018-01-04,2326990.4898983003,38684.52139911652,10,
2018-01-05,2343300.8984905244,38684.52139911652,10,
2018-01-08,2353939.684186554,38684.52139911652,10,
2018-01-09,2338972.2173746703,660609.0624865175,7,
2018-01-10,2339605.6238344787,1351560.7782534242,4,
2018-01-11,2319496.827507651,1835576.1579519869,2,
2018-01-12,2321514.6387755517,1858216.2898718957,2,
2018-01-15,2308459.398859704,1858216.2898718957,2,
2018-01-16,2305782.575112999,1389440.4888932114,4,
2018-01-17,2293130.0310031776,1615817.2134296303,3,
2018-01-18,2290870.282591832,460002.8585329179,8,
2018-01-19,2290679.6413217667,2213.1168638352246,10,
2018-01-22,2320141.35215627,2213.1168638352246,10,
2018-01-23,2323228.5587295177,7068.589352000126,10,
2018-01-24,2344219.028417266,232949.42607084548,9,
2018-01-25,2339444.036761344,438698.9139948491,8,
2018-01-26,2349157.1055805567,667388.9925396326,7,
2018-01-29,2320766.041446102,1121258.6179021718,5,
2018-01-30,2319522.23255955,1800858.4822925213,2,
2018-01-31,2312543.510293019,1838958.8118066909,2,
2018-02-01,2312855.7360162856,1838958.8118066909,2,
2018-02-02,2313253.0977716567,1838958.8118066909,2,
2018-02-05,2300934.6689495207,1612121.5498241545,3,
2018-02-06,2265978.3368931888,1598800.732217896,3,
2018-02-07,2275935.40152179,1598800.732217896,3,
2018-02-08,2296044.5898878695,1593579.0441382052,3,
2018-02-09,2283259.0705875997,1137808.1232075335,5,
2018-02-12,2328669.7479792237,1255.335766851902,10,
2018-02-13,2344617.469269812,1255.335766851902,10,
2018-02-14,2354899.8613901734,1255.335766851902,10,
2018-02-22,2388689.352471411,1255.335766851902,10,
2018-02-23,2385765.562779486,1255.335766851902,10,
2018-02-26,2462080.562645972,1255.335766851902,10,
2018-02-27,2498527.5319643617,1255.335766851902,10,
2018-02-28,2521747.805485785,420989.97658258677,8,
2018-03-01,2576307.3434687257,420989.97658258677,8,
2018-03-02,2557825.1130475164,655273.3424557805,7,
2018-03-05,2594368.62179271,900602.5002144933,6,
2018-03-06,2585561.583676255,900602.5002144933,6,
2018-03-07,2577447.1589676975,1467931.7129723667,4,
2018-03-08,2605800.9187333225,1467931.7129723667,4,
2018-03-09,2625704.7054968,2016902.5459966778,2,
2018-03-12,2635160.6062612655,2016902.5459966778,2,
2018-03-13,2633371.2574682357,2016902.5459966778,2,
2018-03-14,2618681.564017308,2016902.5459966778,2,
2018-03-15,2623973.8799772384,2016902.5459966778,2,
2018-03-16,2619952.4193160175,2326275.280033791,1,
2018-03-19,2638082.252537453,2326275.280033791,1,
2018-03-20,2646378.955876076,2326275.280033791,1,
2018-03-21,2643262.194096291,2326275.280033791,1,
2018-03-22,2639179.7432295918,2326275.280033791,1,
2018-03-23,2630926.923405373,2326275.280033791,1,
2018-03-26,2644974.2302291035,2326275.280033791,1,
2018-03-27,2654719.6182601093,2326275.280033791,1,
2018-03-28,2658933.7952010273,2326275.280033791,1,
2018-03-29,2647608.1222884296,2326275.280033791,1,
2018-03-30,2662094.415318215,2326275.280033791,1,
2018-04-02,2668459.614598,2326275.280033791,1,
2018-04-03,2673507.905613625,2326275.280033791,1,
2018-04-04,2661567.6117293476,2326275.280033791,1,
2018-04-09,2677896.1383570787,2061440.9717311023,2,
2018-04-10,2662551.0918728947,1001165.9459225773,6,
2018-04-11,2670994.4578836085,805135.7032487511,7,
2018-04-12,2691821.194775355,267086.6075828194,9,
2018-04-13,2682866.7108848216,267086.6075828194,9,
2018-04-16,2681185.6044045566,253827.61604701274,9,
2018-04-17,2620870.013064921,1012770.7116313574,6,
2018-04-18,2673188.725272715,1278339.8457446692,5,
2018-04-19,2661863.2664077636,747033.3968036531,7,
2018-04-20,2627752.8509869454,5696.1615815041005,10,
2018-04-23,2603643.474608409,54817.38412951195,10,
2018-04-24,2655068.558959138,54437.387923371396,10,
2018-04-25,2661280.458144319,54437.387923371396,10,
2018-04-26,2619548.3721088762,571555.3304981585,8,
2018-04-27,2639328.199219357,994138.0816217775,6,
2018-05-02,2627400.862505662,749801.769736039,7,
2018-05-03,2639993.5547060603,297.9753203027067,10,
2018-05-04,2643021.931309187,297.9753203027067,10,
2018-05-07,2681692.9512087097,43782.61037504597,10,
2018-05-08,2695437.3522821655,43782.61037504597,10,
2018-05-09,2699540.761810898,43782.61037504597,10,
2018-05-10,2727841.5097363703,42246.381963085325,10,
2018-05-11,2714338.3776262514,262822.8390291445,9,
2018-05-14,2739030.3067890396,529793.3320728533,8,
2018-05-15,2754013.6819048636,831327.0175142996,7,
2018-05-16,2744845.96564691,827061.7575399154,7,
2018-05-17,2728305.3633538955,1377164.109691786,5,
2018-05-18,2730851.3565695994,1617170.2802336924,4,
2018-05-21,2731690.8156035654,529111.9606135599,8,
2018-05-22,2730117.143796014,247164.71974663658,9,
2018-05-23,2727607.2377249235,1052708.55379548,6,
2018-05-24,2732176.3692057123,1317662.1323740475,5,
2018-05-25,2743690.290297174,1854969.811476373,3,
2018-05-28,2725146.500455904,1327093.7401409622,5,
2018-05-29,2724138.6969204424,1327093.7401409622,5,
2018-05-30,2738624.5978351114,1628990.0450702186,4,
2018-05-31,2770717.2325000283,1352372.6398334024,5,
2018-06-01,2759670.7828387734,1352372.6398334024,5,
2018-06-04,2778882.929891443,796997.0797480103,7,
2018-06-05,2851706.8378849025,654.4870300288894,10,
2018-06-06,2862081.031744003,654.4870300288894,10,
2018-06-07,2853087.663264155,5076.65161597688,10,
2018-06-08,2810067.9211416957,268748.4233656641,9,
2018-06-11,2744561.0451452015,1414385.742878127,5,
2018-06-12,2750571.1877311943,1959053.3156360863,3,
2018-06-13,2742123.0182576654,1957369.7482038017,3,
2018-06-14,2742044.3765611164,1683471.8244046683,4,
2018-06-15,2729899.9413003917,1406185.823058128,5,
2018-06-19,2679940.7195745227,1908602.3069558856,3,
2018-06-20,2666502.011781573,2399918.1561526055,1,
2018-06-21,2667409.227933955,2667409.227933955,0,
2018-06-22,2667010.7622199054,2401366.952853679,1,
2018-06-25,2661743.995957851,2401366.952853679,1,
2018-06-26,2661589.071156215,539706.6898123736,8,
2018-06-27,2651453.0280604833,11358.219386624754,10,
2018-06-28,2627819.1344755646,6423.7746256346,10,
2018-06-29,2697398.321534967,6423.7746256346,10,
2018-07-02,2633964.3640609737,512665.58810195874,8,
2018-07-03,2674475.043914842,1032756.1176758284,6,
2018-07-04,2657555.068263959,1555183.8512992377,4,
2018-07-05,2624841.647622108,2072635.6824369426,2,
2018-07-06,2630812.0393988607,2341796.867012691,1,
2018-07-09,2633445.508122158,2341796.867012691,1,
2018-07-10,2633445.508122158,2341796.867012691,1,
2018-07-11,2624791.007717728,2624791.007717728,0,
2018-07-12,2624791.007717728,2624791.007717728,0,
2018-07-13,2624791.007717728,2624791.007717728,0,
2018-07-16,2624791.007717728,2624791.007717728,0,
2018-07-17,2624791.007717728,2624791.007717728,0,
2018-07-18,2624791.007717728,2624791.007717728,0,
2018-07-19,2624791.007717728,2624791.007717728,0,
2018-07-20,2624791.007717728,2624791.007717728,0,
2018-07-23,2624791.007717728,2624791.007717728,0,
2018-07-24,2624398.3180586095,2362605.211979508,1,
2018-07-25,2622979.646641373,2362605.211979508,1,
2018-07-26,2616773.2509199376,2362605.211979508,1,
2018-07-27,2616714.1330305333,2362605.211979508,1,
2018-07-30,2613440.9937864537,2613440.9937864537,0,
2018-07-31,2613440.9937864537,2613440.9937864537,0,
2018-08-01,2613440.9937864537,2613440.9937864537,0,
2018-08-02,2613440.9937864537,2613440.9937864537,0,
2018-08-03,2613440.9937864537,2613440.9937864537,0,
2018-08-06,2613440.9937864537,2613440.9937864537,0,
2018-08-07,2613440.9937864537,2613440.9937864537,0,
2018-08-08,2613440.9937864537,2613440.9937864537,0,
2018-08-09,2612660.3386064763,2092223.551954865,2,
2018-08-10,2619906.0827380894,1306548.8436824556,5,
2018-08-13,2662477.4109012363,1306548.8436824556,5,
2018-08-14,2673773.226345229,1306548.8436824556,5,
2018-08-15,2650443.7733299015,1306548.8436824556,5,
2018-08-16,2634137.7425697325,1809330.5638339992,3,
2018-08-17,2630053.540327835,1809330.5638339992,3,
2018-08-20,2667016.1936309813,1809330.5638339992,3,
2018-08-21,2710185.9945158954,1540936.672482967,4,
2018-08-22,2716346.816943168,726721.3873605722,7,
2018-08-23,2755574.014491295,1440.5346576922457,10,
2018-08-24,2733485.730523323,1440.5346576922457,10,
2018-08-27,2817635.191576075,883.2675858251459,10,
2018-08-28,2821486.3511712304,1314.3790871850797,10,
2018-08-29,2803805.1907212487,1314.3790871850797,10,
2018-08-30,2779083.8239907017,653143.8265084021,8,
2018-08-31,2734518.0810613623,1474648.5374135964,5,
2018-09-03,2716666.418936371,1891494.6687723391,3,
2018-09-04,2732648.530298828,2150174.8065057984,2,
2018-09-05,2722913.2685036887,2416354.166445278,1,
2018-09-06,2723209.2428908576,1873734.3058333625,3,
2018-09-07,2704155.2687392463,1873734.3058333625,3,
2018-09-10,2665798.584616064,2665798.584616064,0,
2018-09-11,2665399.85997579,2399583.433126425,1,
2018-09-12,2673599.0779628507,2399583.433126425,1,
2018-09-13,2674073.9042454,1865672.3488979572,3,
2018-09-14,2694025.7495580907,1059259.8646818395,6,
2018-09-17,2676225.14731276,1059259.8646818395,6,
2018-09-18,2703285.4411902423,250121.20073461486,9,
2018-09-19,2742898.1789273256,1603.3291024203063,10,
2018-09-20,2723552.0841759676,1603.3291024203063,10,
2018-09-21,2795059.9945229525,1603.3291024203063,10,
2018-09-25,2781536.4961308474,1603.3291024203063,10,
2018-09-26,2814047.3020714754,1603.3291024203063,10,
2018-09-27,2790565.707446694,533471.5615764852,8,
2018-09-28,2820499.9529596562,781179.3310400243,7,
2018-10-08,2728887.0963877672,2444671.9314402575,1,
2018-10-09,2722309.3015143387,2722309.3015143387,0,
2018-10-10,2722309.3015143387,2722309.3015143387,0,
2018-10-11,2722309.3015143387,2722309.3015143387,0,
2018-10-12,2722309.3015143387,2722309.3015143387,0,
2018-10-15,2722309.3015143387,2722309.3015143387,0,
2018-10-16,2722309.3015143387,2722309.3015143387,0,
2018-10-17,2722309.3015143387,2722309.3015143387,0,
2018-10-18,2722309.3015143387,2722309.3015143387,0,
2018-10-19,2721902.519338655,2450714.4022160047,1,
2018-10-22,2730860.0100342142,812331.6642347683,7,
2018-10-23,2705027.7144454587,541838.5244392026,8,
2018-10-24,2718935.5598949064,541838.5244392026,8,
2018-10-25,2710840.483000146,541838.5244392026,8,
2018-10-26,2730980.7322286237,541838.5244392026,8,
2018-10-29,2725439.874579774,541838.5244392026,8,
2018-10-30,2749931.8663343536,807572.3179802049,7,
2018-10-31,2774478.384772717,372.8225626338681,10,
2018-11-01,2820695.471779286,372.8225626338681,10,
2018-11-02,2947087.0268978467,372.8225626338681,10,
2018-11-05,2968326.298252522,372.8225626338681,10,
2018-11-06,2982301.5090622297,372.8225626338681,10,
2018-11-07,2985358.8913359037,372.8225626338681,10,
2018-11-08,3107698.7836040845,372.8225626338681,10,
2018-11-09,3092707.882650124,867450.536258446,7,
2018-11-12,3162149.932201134,867450.536258446,7,
2018-11-13,3209691.2535839425,223.1272869456152,10,
2018-11-14,3224730.0804787027,223.1272869456152,10,
2018-11-15,3371684.1427975046,223.1272869456152,10,
2018-11-16,3430282.9701118814,223.1272869456152,10,
2018-11-19,3549423.4188728677,223.1272869456152,10,
2018-11-20,3457900.7200077404,630809.8369673121,8,
2018-11-21,3440180.9630571236,917347.5296436179,7,
2018-11-22,3463344.9381139623,1592377.8577354301,5,
2018-11-23,3349948.348395585,3349948.348395585,0,
2018-11-26,3349948.348395585,3349948.348395585,0,
2018-11-27,3349447.0820946447,3015269.5481343023,1,
2018-11-28,3354265.4580920925,2345834.364733099,3,
2018-11-29,3349071.9199764477,340259.2281925429,9,
2018-11-30,3362343.846467589,3993.9702545155305,10,
2018-12-03,3459385.6021915423,3993.9702545155305,10,
2018-12-04,3481303.0384574877,3993.9702545155305,10,
2018-12-05,3478950.625327681,3993.9702545155305,10,
2018-12-06,3428997.335687207,665925.0721126068,8,
2018-12-07,3476809.1330458154,993477.252857827,7,
2018-12-10,3506655.342910908,644019.2357999312,8,
2018-12-11,3537987.4176711547,658647.1009940612,8,
2018-12-12,3545539.0938375937,1358333.5105513083,6,
2018-12-13,3541767.145679234,548.9023663985427,10,
2018-12-14,3482280.236279701,1036812.3985645522,7,
2018-12-17,3461021.434421443,2377238.4967993726,3,
2018-12-18,3448445.296613287,1687845.85551412,5,
2018-12-19,3437764.63092029,2074152.85057485,4,
2018-12-20,3430346.485607355,2738467.81644079,2,
2018-12-21,3431384.886162012,2738467.81644079,2,
2018-12-24,3451854.2615441494,1705152.1034745388,5,
2018-12-25,3469053.486743658,666725.6259114434,8,
2018-12-26,3493899.4860799005,666725.6259114434,8,
2018-12-27,3459279.2608953165,321057.1791387249,9,
2018-12-28,3512072.713682716,321057.1791387249,9,
2019-01-02,3492566.6146132397,296.93039387941826,10,
2019-01-03,3525528.1874393392,1001193.649551766,7,
2019-01-04,3603088.3710813927,627594.6796369958,8,
2019-01-07,3623020.219618838,265255.7091303276,9,
2019-01-08,3710360.2175222803,260338.09957374807,9,
2019-01-09,3719047.0756517816,260338.09957374807,9,
2019-01-10,3651133.697429602,620757.3536071228,8,
2019-01-11,3649535.0748654054,998122.9740257906,7,
2019-01-14,3623446.905305283,2530867.6067136694,3,
2019-01-15,3651652.3834074903,2893368.3773363996,2,
2019-01-16,3637482.061494391,3259458.3623538422,1,
2019-01-17,3636157.924140494,3259458.3623538422,1,
2019-01-18,3639468.084205191,3259458.3623538422,1,
2019-01-21,3646750.5563388276,3259458.3623538422,1,
2019-01-22,3643440.4296050477,3259458.3623538422,1,
2019-01-23,3648736.67904238,3259458.3623538422,1,
2019-01-24,3656019.0845141816,3259458.3623538422,1,
2019-01-25,3653370.943130057,3259458.3623538422,1,
2019-01-28,3654033.028472464,3259458.3623538422,1,
2019-01-29,3652046.839107077,3259458.3623538422,1,
2019-01-30,3647491.735914795,3647491.735914795,0,
2019-01-31,3647491.735914795,3647491.735914795,0,
2019-02-01,3646948.4268699572,3284742.3969779895,1,
2019-02-11,3651549.9656690047,2554652.719785063,3,
2019-02-12,3665183.6268914626,2554652.719785063,3,
2019-02-13,3699708.4290517257,2554652.719785063,3,
2019-02-14,3717202.200843184,2554652.719785063,3,
2019-02-15,3716791.678286879,2554652.719785063,3,
2019-02-18,3757606.8276418136,2554652.719785063,3,
2019-02-19,3778105.5557263778,2554652.719785063,3,
2019-02-20,3789571.735981314,1796917.265442221,5,
2019-02-21,3814798.376873343,1796917.265442221,5,
2019-02-22,3897536.4234717772,1796917.265442221,5,
2019-02-25,3941813.237525503,1402775.9219184325,6,
2019-02-26,4008885.2779193325,1001985.1416392729,7,
2019-02-27,3950781.202513735,1781228.163106005,5,
2019-02-28,3935204.2208167957,2543569.5473167347,3,
2019-03-01,3985121.5115043567,2543569.5473167347,3,
2019-03-04,4043459.400029294,2139187.17169296,4,
2019-03-05,4165110.790625684,1723357.7998076603,5,
2019-03-06,4320614.569755571,859813.8446769877,7,
2019-03-07,4393498.14403259,420945.1699515506,8,
2019-03-08,4252683.114649884,420945.1699515506,8,
2019-03-11,4326192.79888994,511589.1615045711,8,
2019-03-12,4398064.171571987,642585.8076288863,8,
2019-03-13,4231338.337825184,1171456.2988504218,7,
2019-03-14,4121931.180117588,2406391.897128086,4,
2019-03-15,4116104.4212292484,2819315.7474469,3,
2019-03-18,4104479.0275019216,1589498.2866209554,6,
2019-03-19,4140104.8037398863,348126.9688714552,9,
2019-03-20,4110592.648507838,782147.0840232421,8,
2019-03-21,4136251.296694808,341491.3670855095,9,
2019-03-22,4224371.550076538,1392.2340803673142,10,
2019-03-25,4136994.1103101783,778653.9269090702,8,
2019-03-26,4040724.847020679,2263522.3999877507,4,
2019-03-27,4055280.307340961,2260118.6284545474,4,
2019-03-28,4045327.939879566,1875555.5014010961,5,
2019-03-29,4125867.0174506716,1052810.1213840062,7,
2019-04-01,4169980.9957528883,31.41055353230331,10,
2019-04-02,4180705.079605656,31.41055353230331,10,
2019-04-03,4241436.703480321,519152.8114209945,9,
2019-04-04,4304043.10501917,519152.8114209945,9,
2019-04-08,4225591.483383733,912502.3228460129,8,
2019-04-09,4274916.422651845,1733559.391544896,6,
2019-04-10,4273772.878839951,3053167.522242051,3,
2019-04-11,4245130.900194626,3053167.522242051,3,
2019-04-12,4224127.09955886,3069545.941969901,3,
2019-04-15,4193320.5385509785,3782379.0315929707,1,
2019-04-16,4197367.783385878,3782379.0315929707,1,
2019-04-17,4200436.686828141,842829.9776816416,8,
2019-04-18,4194734.135463242,842829.9776816416,8,
2019-04-19,4207465.62672463,8371.24152985093,10,
2019-04-22,4231116.213615804,8371.24152985093,10,
2019-04-23,4190144.5353458454,406596.30827408313,9,
2019-04-24,4263190.625873952,1648737.4897159627,6,
2019-04-25,4176831.9587723785,2853720.7125680023,3,
2019-04-26,4196611.110307412,2853720.7125680023,3,
2019-05-06,4070736.7414490753,2853720.7125680023,3,
2019-05-07,4090342.7201703126,3649684.394975,1,
2019-05-08,4100530.3697064454,3649684.394975,1,
2019-05-09,4089889.8911908204,3649684.394975,1,
2019-05-10,4113945.8189780526,1594040.8859545998,6,
2019-05-13,4096203.7470760634,889.0152874282794,10,
2019-05-14,4058784.3725624373,889.0152874282794,10,
2019-05-15,4109122.6198616317,889.0152874282794,10,
2019-05-16,4115342.924994736,47502.03945091291,10,
2019-05-17,4045115.8056430155,817147.1917323403,8,
2019-05-20,4120646.67137652,1991518.5491421751,5,
2019-05-21,4202598.593745523,1991518.5491421751,5,
2019-05-22,4217542.924738985,2410355.5809508376,4,
2019-05-23,4252656.771327119,2410355.5809508376,4,
2019-05-24,4138018.189097505,2410355.5809508376,4,
2019-05-27,4212556.687785249,2899163.656283479,3,
2019-05-28,4295475.570536714,2899163.656283479,3,
2019-05-29,4296997.4462996535,2899163.656283479,3,
2019-05-30,4263611.581463914,3291408.88103972,2,
2019-05-31,4260065.092512231,3726701.1078320555,1,
2019-06-03,4242027.675442987,4242027.675442987,0,
2019-06-04,4242027.675442987,4242027.675442987,0,
2019-06-05,4242027.675442987,4242027.675442987,0,
2019-06-06,4242027.675442987,4242027.675442987,0,
2019-06-10,4242027.675442987,4242027.675442987,0,
2019-06-11,4242027.675442987,4242027.675442987,0,
2019-06-12,4242027.675442987,4242027.675442987,0,
2019-06-13,4242027.675442987,4242027.675442987,0,
2019-06-14,4242027.675442987,4242027.675442987,0,
2019-06-17,4242027.675442987,4242027.675442987,0,
2019-06-18,4242027.675442987,4242027.675442987,0,
2019-06-19,4242027.675442987,4242027.675442987,0,
2019-06-20,4242027.675442987,4242027.675442987,0,
2019-06-21,4242027.675442987,4242027.675442987,0,
2019-06-24,4242027.675442987,4242027.675442987,0,
2019-06-25,4242027.675442987,4242027.675442987,0,
2019-06-26,4242027.675442987,4242027.675442987,0,
2019-06-27,4242027.675442987,4242027.675442987,0,
2019-06-28,4242027.675442987,4242027.675442987,0,
2019-07-01,4242027.675442987,4242027.675442987,0,
2019-07-02,4239490.3788027335,2547959.2853006893,4,
2019-07-03,4224064.323072152,2126317.6167771393,5,
2019-07-04,4264310.842833143,2536710.95097981,4,
2019-07-05,4256495.80386601,2536710.95097981,4,
2019-07-08,4174040.714048677,2926340.242075258,3,
2019-07-09,4173127.406902986,3756655.991001802,1,
2019-07-10,4170017.9531294876,3756655.991001802,1,
2019-07-11,4149138.671008044,3320819.8254021937,2,
2019-07-12,4150968.622393542,2905998.539919787,3,
2019-07-15,4160050.939491516,46.64590669237077,10,
2019-07-16,4181778.1029017027,46.64590669237077,10,
2019-07-17,4174497.605976659,890.1998372849193,10,
2019-07-18,4134261.981005269,681.7158170518815,10,
2019-07-19,4160367.4832666693,360469.2215050039,9,
2019-07-22,4088244.39042359,1599407.4421718656,6,
2019-07-23,4124850.094512564,2025822.8374515595,5,
2019-07-24,4216739.916021425,1619696.2034531417,6,
2019-07-25,4224259.483619839,445.1705895962659,10,
2019-07-26,4235315.693946987,445.1705895962659,10,
2019-07-29,4297947.317787319,445.1705895962659,10,
2019-07-30,4266902.979704052,445.1705895962659,10,
2019-07-31,4302497.213455349,445.1705895962659,10,
2019-08-01,4311420.086449868,405677.2320454182,9,
2019-08-02,4208711.2743731085,2887678.193604523,3,
2019-08-05,4183061.0563658774,3765796.490707308,1,
2019-08-06,4176061.3226317465,3765796.490707308,1,
2019-08-07,4152924.885560709,4152924.885560709,0,
2019-08-08,4152924.885560709,4152924.885560709,0,
2019-08-09,4151683.5176806985,3324104.931006962,2,
2019-08-12,4149651.3442363082,5831.535991603101,10,
2019-08-13,4124888.0003299057,5831.535991603101,10,
2019-08-14,4158650.854556543,61.659018975507934,10,
2019-08-15,4180821.6941022696,663.0826139271376,10,
2019-08-16,4214637.7757597985,251.5460539877531,10,
2019-08-19,4355582.492356402,251.5460539877531,10,
2019-08-20,4387783.833699328,251.5460539877531,10,
2019-08-21,4379578.975253207,251.5460539877531,10,
2019-08-22,4424933.370165926,251.5460539877531,10,
2019-08-23,4497004.548697573,251.5460539877531,10,
2019-08-26,4479891.720522744,1246949.5872868123,7,
2019-08-27,4496205.402220589,1246949.5872868123,7,
2019-08-28,4464344.9973794045,1296269.7280140938,7,
2019-08-29,4455846.981577713,1767866.4036320033,6,
2019-08-30,4484559.883933289,2210299.8058368987,5,
2019-09-02,4518291.098612934,1306544.3513576095,7,
2019-09-03,4500076.687927216,76.4513444606564,10,
2019-09-04,4582952.223391503,76.4513444606564,10,
2019-09-05,4649054.183099908,1029.8877698604483,10,
2019-09-06,4638441.06216256,1029.8877698604483,10,
2019-09-09,4707421.4236242,1029.8877698604483,10,
2019-09-10,4703674.8510080045,67780.57844216266,10,
2019-09-11,4660855.294079346,530744.361085457,9,
2019-09-12,4701159.11607222,530744.361085457,9,
2019-09-16,4734783.489273388,1428869.4818957632,7,
2019-09-17,4656340.384604962,2751052.170255215,4,
2019-09-18,4732031.09915498,2751052.170255215,4,
2019-09-19,4769235.944011242,2751052.170255215,4,
2019-09-20,4819101.824527748,2269853.8209495614,5,
2019-09-23,4842898.97851382,1786146.7357579302,6,
2019-09-24,4847041.486014039,2289316.809548051,5,
2019-09-25,4816870.004131658,2764897.0987819266,4,
2019-09-26,4707074.254516418,4183252.596191223,1,
2019-09-27,4697071.8746046135,4697071.8746046135,0,
2019-09-30,4696368.551261694,4227486.322648794,1,
2019-10-08,4694037.37659517,3758075.2654797146,2,
2019-10-09,4649499.573623092,3293393.644105346,3,
2019-10-10,4656148.324525387,14.51808217301732,10,
2019-10-11,4650734.382116825,14.51808217301732,10,
2019-10-14,4689400.570237667,14.51808217301732,10,
2019-10-15,4662507.766196425,443023.9771100833,9,
2019-10-16,4634233.112721069,1326882.9598232342,7,
2019-10-17,4640741.423569877,2711758.5933792186,4,
2019-10-18,4632578.163190801,2718440.6450233054,4,
2019-10-21,4664700.737710912,2718440.6450233054,4,
2019-10-22,4692344.5524530485,2732246.1030321196,4,
2019-10-23,4685907.755016501,858303.4274808721,8,
2019-10-24,4672127.09579552,428677.2789486723,9,
2019-10-25,4678278.655070717,451.0109609918436,10,
2019-10-28,4742320.931500847,451.0109609918436,10,
2019-10-29,4709394.347987803,1263.4765011387062,10,
2019-10-30,4785725.008970316,42.75808912090724,10,
2019-10-31,4863564.772230203,42.75808912090724,10,
2019-11-01,4868276.556402261,42.75808912090724,10,
2019-11-04,4950445.861536081,42.75808912090724,10,
2019-11-05,5035819.523435648,42.75808912090724,10,
2019-11-06,4979575.901995524,1381.3240154820378,10,
2019-11-07,5016793.129168375,1381.3240154820378,10,
2019-11-08,4990062.899158534,459752.13551336114,9,
2019-11-11,4927049.355834051,1921245.8971672493,6,
2019-11-12,4937059.61336207,2374736.725846048,5,
2019-11-13,4950482.949987169,2374736.725846048,5,
2019-11-14,4951008.10400271,2880065.042793985,4,
2019-11-15,4941811.013162371,2880065.042793985,4,
2019-11-18,4951243.829238649,2880065.042793985,4,
2019-11-19,5011733.290867205,1378467.7401822761,7,
2019-11-20,5047960.74446332,899888.5323394489,8,
2019-11-21,5025280.022532339,381118.14778506284,9,
2019-11-22,4976010.592824812,381118.14778506284,9,
2019-11-25,5028804.216721709,873072.1193820788,8,
2019-11-26,4998742.467930968,873072.1193820788,8,
2019-11-27,4998417.286750014,374259.560986693,9,
2019-11-28,4948842.375854333,527.0213163687149,10,
2019-11-29,4961932.931466277,2040521.628136809,6,
2019-12-02,4941037.98167518,2582715.1028375938,5,
2019-12-03,4927582.068804581,2090857.8328884435,6,
2019-12-04,4937475.976788933,2455149.3003248526,5,
2019-12-05,4958318.093001397,1463822.0897550895,7,
2019-12-06,4964235.960257132,1534383.611166556,7,
2019-12-09,4908749.590933401,1534383.611166556,7,
2019-12-10,4887903.279944785,1992329.7131265474,6,
2019-12-11,4854699.388122733,2968606.8002702547,4,
2019-12-12,4840999.838588316,3952665.992877562,2,
2019-12-13,4860620.620046027,2025245.5632070375,6,
2019-12-16,4845168.759764607,1440.7882108044578,10,
2019-12-17,4908453.476883347,1440.7882108044578,10,
2019-12-18,4886768.93154958,1760.2169690442388,10,
2019-12-19,4892429.469636376,501432.50700562727,9,
2019-12-20,4903133.770016702,1455345.5235281303,7,
2019-12-23,4830628.358272251,2852463.8426815826,4,
2019-12-24,4859750.744408688,2882951.8195811114,4,
2019-12-25,4879993.605683407,2398692.407391628,5,
2019-12-26,4862109.459174236,2396307.482302746,5,
2019-12-27,4838975.574419722,1466425.1226641978,7,
2019-12-30,4925850.937143692,45.067373641824815,10,
2019-12-31,4917158.009759315,45.067373641824815,10,
2020-01-02,5039400.203243622,45.067373641824815,10,
2020-01-03,5051537.398353943,45.067373641824815,10,
2020-01-06,5073288.161746391,45.067373641824815,10,
2020-01-07,5079841.944357284,523060.19696844474,9,
2020-01-08,5020913.711400565,2484457.8013377753,5,
2020-01-09,5016837.410796794,870.3316341962782,10,
2020-01-10,5037456.488067016,421.0536302176188,10,
2020-01-13,5185324.260310754,562.674216851301,10,
2020-01-14,5136993.200956115,3169.7909219351714,10,
2020-01-15,5193948.726735839,3169.7909219351714,10,
2020-01-16,5236648.457574949,504098.36545000947,9,
2020-01-17,5267326.402463874,1486410.0194835272,7,
2020-01-20,5381957.70720478,1486410.0194835272,7,
2020-01-21,5345058.610106906,1449732.367087802,7,
2020-01-22,5410327.112477454,911038.180058631,8,
2020-01-23,5278351.2304639425,1433297.9482984154,7,
2020-02-03,5146407.530760822,2501126.1600256534,5,
2020-02-04,5290857.507716332,4114357.2826491925,2,
2020-02-05,5374412.580968818,3578204.1514415354,3,
2020-02-06,5449490.788516864,2498215.010700092,5,
2020-02-07,5459727.352643833,864592.2938593479,8,
2020-02-10,5396279.0890470715,304374.2184177609,9,
2020-02-11,5360714.828190622,88.82509213400772,10,
2020-02-12,5463167.073974428,88.82509213400772,10,
2020-02-13,5426991.873907004,1216279.2726744744,8,
2020-02-14,5448321.359574327,2320071.9407911394,6,
2020-02-17,5572474.33085843,1206699.1224329085,8,
2020-02-18,5571429.453938112,649820.9109951109,9,
2020-02-19,5511961.503186902,1195010.3274972052,8,
2020-02-20,5594641.112428579,1205471.8540248007,8,
2020-02-21,5710037.779230985,581631.9579075903,9,
2020-02-24,5726156.255264196,581631.9579075903,9,
2020-02-25,5910883.623381659,1413286.920424506,7,
2020-02-26,5743992.101289603,1944134.9531191317,6,
2020-02-27,5767784.421519706,2608524.4970125644,5,
2020-02-28,5588716.466152427,4375689.2608759375,2,
2020-03-02,5675156.761909327,3240477.427101931,4,
2020-03-03,5709920.366727898,2669558.731948921,5,
2020-03-04,5724680.371671673,1525177.3380813566,7,
2020-03-05,5791462.605596372,1052311.830759832,8,
2020-03-06,5792721.6301010335,473699.04528124,9,
2020-03-09,5660448.4379451005,1620911.3177697388,7,
2020-03-10,5670635.053509817,4969129.436463461,1,
2020-03-11,5651148.777240858,4969129.436463461,1,
2020-03-12,5618671.554273711,4969129.436463461,1,
2020-03-13,5683625.876969443,4969129.436463461,1,
2020-03-16,5706359.694785223,4969129.436463461,1,
2020-03-17,5779433.179444418,4969129.436463461,1,
2020-03-18,5847635.208005057,4969129.436463461,1,
2020-03-19,5802167.408055411,4969129.436463461,1,
2020-03-20,5741230.2178240875,4398643.741116629,2,
2020-03-23,5735224.4377423385,5172060.892133818,1,
2020-03-24,5750671.934919463,5172060.892133818,1,
2020-03-25,5763400.328118989,1715015.9417941072,7,
2020-03-26,5767199.622568534,1138372.740206168,8,
2020-03-27,5809731.500300811,1138372.740206168,8,
2020-03-30,5769636.545009159,2253106.9772191267,6,
2020-03-31,5801997.717351459,2253106.9772191267,6,
2020-04-01,5773674.951190494,2801095.9575600843,5,
2020-04-02,5798739.427203201,3379941.12905886,4,
2020-04-03,5827442.538327239,3379941.12905886,4,
2020-04-07,5871816.5139379725,3379941.12905886,4,
2020-04-08,5853981.217083,4005946.2445106725,3,
2020-04-09,5919717.920574211,4005946.2445106725,3,
2020-04-10,5856095.552547477,4587364.585407279,2,
2020-04-13,5847706.969676422,5206630.489001678,1,
2020-04-14,5843032.450137543,5206630.489001678,1,
2020-04-15,5836743.621746372,5836743.621746372,0,
2020-04-16,5836743.621746372,5836743.621746372,0,
2020-04-17,5836743.621746372,5836743.621746372,0,
2020-04-20,5836743.621746372,5836743.621746372,0,
2020-04-21,5836743.621746372,5836743.621746372,0,
2020-04-22,5836743.621746372,5836743.621746372,0,
2020-04-23,5836743.621746372,5836743.621746372,0,
2020-04-24,5836743.621746372,5836743.621746372,0,
2020-04-27,5836743.621746372,5836743.621746372,0,
2020-04-28,5836743.621746372,5836743.621746372,0,
2020-04-29,5836743.621746372,5836743.621746372,0,
2020-04-30,5836743.621746372,5836743.621746372,0,
2020-05-06,5836743.621746372,5836743.621746372,0,
2020-05-07,5836743.621746372,5836743.621746372,0,
2020-05-08,5836743.621746372,5836743.621746372,0,
2020-05-11,5836743.621746372,5836743.621746372,0,
2020-05-12,5836743.621746372,5836743.621746372,0,
2020-05-13,5836743.621746372,5836743.621746372,0,
2020-05-14,5835869.447152435,5253086.3845275035,1,
2020-05-15,5863905.317487823,4668858.0403472055,2,
2020-05-18,5910719.453169166,3488231.1774266353,4,
2020-05-19,6054713.596331655,2298761.8582125297,6,
2020-05-20,6085646.065413867,510.605442439497,10,
2020-05-21,6051963.375413333,510.605442439497,10,
2020-05-22,5969208.457850897,2298205.559873068,6,
2020-05-25,5988988.407826864,2895729.802060568,5,
2020-05-26,5969878.878942357,1701983.2398565882,7,
2020-05-27,5959433.034673082,1014450.4221585863,8,
2020-05-28,6005046.461333763,187.37172080209712,10,
2020-05-29,6166218.526271736,102457.67031088984,10,
2020-06-01,6445906.436685478,102457.67031088984,10,
2020-06-02,6607862.4534167405,102457.67031088984,10,
2020-06-03,6650226.298335945,102457.67031088984,10,
2020-06-04,6763504.0623702165,102457.67031088984,10,
2020-06-05,6737262.973533021,4584.688434945769,10,
2020-06-08,6660971.029863702,4584.688434945769,10,
2020-06-09,6672879.784133434,4694404.7950053215,3,
2020-06-10,6713636.653468227,4646825.615069484,3,
2020-06-11,6697503.464437485,5268305.389333725,2,
2020-06-12,6683518.376009751,3931302.032320786,4,
2020-06-15,6696157.4240551945,3262133.2043515206,5,
2020-06-16,6780991.893659687,3262133.2043515206,5,
2020-06-17,6733882.149919784,1242896.6439812542,8,
2020-06-18,6790510.541849506,1328393.5746005895,8,
2020-06-19,6867528.916944492,821.9538822054164,10,
2020-06-22,6873957.616986263,821.9538822054164,10,
2020-06-23,7061773.093976009,821.9538822054164,10,
2020-06-24,7094422.2455594065,672445.1463315011,9,
2020-06-29,7100183.629893971,1371338.8115880014,8,
2020-06-30,7245598.433017445,1371338.8115880014,8,
2020-07-01,7330617.290258026,6177.840947723249,10,
2020-07-02,7327605.450200081,265.0212755200919,10,
2020-07-03,7274284.536578941,1515043.3123853682,8,
2020-07-06,7464523.894007683,28892.97655391693,10,
2020-07-07,7802096.894057274,28892.97655391693,10,
2020-07-08,8076219.6721868515,28892.97655391693,10,
2020-07-09,8321770.719037819,766.9058664322365,10,
2020-07-10,8452247.856794167,766.9058664322365,10,
2020-07-13,8847198.45341282,766.9058664322365,10,
2020-07-14,8863060.776792336,766.9058664322365,10,
2020-07-15,8765097.574491978,46970.13537454605,10,
2020-07-16,8178151.880093861,4229567.003842641,5,
2020-07-17,8208145.592971136,5681795.92179804,3,
2020-07-20,8302224.144632818,6549337.140543463,2,
2020-07-21,8265977.508107688,1592894.025889899,8,
2020-07-22,8227970.682808615,192.19546005898155,10,
2020-07-23,8266892.897479703,9964.060371090658,10,
2020-07-24,7877643.88662193,3079628.6861977354,6,
2020-07-27,8029867.508016469,3650593.179021718,5,
2020-07-28,7990775.424867131,3674899.7378401537,5,
2020-07-29,8060618.06027086,474351.0120073098,9,
2020-07-30,8054658.754030778,1818.820063187508,10,
2020-07-31,8199609.748083283,37.853437592391856,10,
2020-08-03,8423265.60497873,37.853437592391856,10,
2020-08-04,8395299.931252075,853175.6106496591,9,
2020-08-05,8739019.878494812,853175.6106496591,9,
2020-08-06,8903873.362497497,1630871.3222066658,8,
2020-08-07,9076517.378383663,1536102.347045924,8,
2020-08-10,9277465.67597468,610894.2708500164,9,
2020-08-11,9022574.515720965,4267.771145464736,10,
2020-08-12,8717821.634149767,1664021.9599249144,8,
2020-08-13,8772299.928993631,4862992.2142452495,4,
2020-08-14,8835312.84857104,1341306.4257652538,8,
2020-08-17,8965623.033646036,4370.182541300484,10,
2020-08-18,8891636.545999553,18397.070749308215,10,
2020-08-19,8843953.40045512,51223.737750650966,10,
2020-08-20,8590941.293975856,2171354.0442199963,7,
2020-08-21,8660290.57854636,4162020.341958835,5,
2020-08-24,8803622.542265322,1524027.9315265678,8,
2020-08-25,8899149.518172458,4306.637494280003,10,
2020-08-26,8841601.830795385,2730.1506310486,10,
2020-08-27,9001270.081131842,3225.096218969673,10,
2020-08-28,9284368.657677557,3225.096218969673,10,
2020-08-31,9231217.114131834,3225.096218969673,10,
2020-09-01,9305330.996721175,3225.096218969673,10,
2020-09-02,9359578.685407914,110.61025170318317,10,
2020-09-03,9455655.564296426,3660.2333905124106,10,
2020-09-04,9326327.043402376,3660.2333905124106,10,
2020-09-07,9109273.323965408,6011515.147018769,3,
2020-09-08,9082412.253699949,6175315.231714895,3,
2020-09-09,9009735.0649802,7015341.652151754,2,
2020-09-10,8982699.536508348,6117671.104103353,3,
2020-09-11,9038596.88378103,5213911.574430539,4,
2020-09-14,9070311.55741777,679536.9084176024,9,
2020-09-15,9145021.454238601,9628.845548339537,10,
2020-09-16,9121768.897321697,922.534826274612,10,
2020-09-17,9321412.556233926,1093.448749109055,10,
2020-09-18,9427284.132557698,36.223893948365,10,
2020-09-21,9350114.038451739,2057271.1499534328,8,
2020-09-22,9248116.032588191,1960628.8520690878,8,
2020-09-23,9316056.160034629,1028927.1343369206,9,
2020-09-24,9249331.742632886,5354618.633044263,4,
2020-09-25,9115009.902283689,6325327.915617963,3,
2020-09-28,9112103.519312117,7299679.000536176,2,
2020-09-29,9107936.960760329,7299679.000536176,2,
2020-09-30,9108477.842473194,6412156.7773334235,3,
2020-10-09,9233201.856232496,1064.172411771724,10,
2020-10-12,9439253.144074293,1064.172411771724,10,
2020-10-13,9424898.289538236,1064.172411771724,10,
2020-10-14,9389286.330414625,1064.172411771724,10,
2020-10-15,9333166.363439865,1834665.9538844307,8,
2020-10-16,9317942.1831382,2735520.927740403,7,
2020-10-19,9277775.480744142,6444508.7574451165,3,
2020-10-20,9286261.727462359,8339155.823455401,1,
2020-10-21,9289250.315003175,7410946.47322156,2,
2020-10-22,9339004.924683351,7410946.47322156,2,
2020-10-23,9313920.009331483,7410946.47322156,2,
2020-10-26,9286020.839481803,6482417.4217037875,3,
2020-10-27,9220609.866411276,7409595.687372275,2,
2020-10-28,9264804.516015312,6472772.532639762,3,
2020-10-29,9241172.21275508,5548874.402963515,4,
2020-10-30,9233387.613641616,5548874.402963515,4,
2020-11-02,9194840.411647292,6394535.828383895,3,
2020-11-03,9210480.181975897,2712183.4858136727,7,
2020-11-04,9202383.281794317,872851.6787202432,9,
2020-11-05,9449226.704130132,465.6746482443996,10,
2020-11-06,9490523.023233373,465.6746482443996,10,
2020-11-09,9636812.929878194,465.6746482443996,10,
2020-11-10,9652899.894647557,1001276.5037345481,9,
2020-11-11,9558452.788148459,1912219.9994426323,8,
2020-11-12,9579134.903536376,2860604.0745597435,7,
2020-11-13,9464058.264229733,4731687.971327742,5,
2020-11-16,9642032.994750174,2807054.262092741,7,
2020-11-17,9558409.77805353,2735554.2257855018,7,
2020-11-18,9619023.72499338,2105.7339512422914,10,
2020-11-19,9655467.285185011,22274.99824062141,10,
2020-11-20,9681566.266160162,22274.99824062141,10,
2020-11-23,9817064.006843526,93.90355582989287,10,
2020-11-24,9816391.6863319,1739767.2059890344,8,
2020-11-25,9669827.465307577,3590494.4474814967,6,
2020-11-26,9602700.931797083,5474311.467156465,4,
2020-11-27,9601983.579054266,4635022.888603599,5,
2020-11-30,9529928.782363564,3775829.625340135,6,
2020-12-01,9582062.403002603,941961.530533654,9,
2020-12-02,9668114.922525603,2921.476223189151,10,
2020-12-03,9708652.135374267,2921.476223189151,10,
2020-12-04,9705620.392420013,2921.476223189151,10,
2020-12-07,9764687.901761824,1907122.4127080983,8,
2020-12-08,9779843.608951097,1872098.7302298609,8,
2020-12-09,9683989.240679508,2814743.895230061,7,
2020-12-10,9735489.81772638,4708985.376035934,5,
2020-12-11,9736097.79939149,7621810.500807505,2,
2020-12-14,9758102.397737555,2741526.971588187,7,
2020-12-15,9737765.583687358,795487.6537137553,9,
2020-12-16,9697963.506429153,209.08338304015342,10,
2020-12-17,9761055.068041805,2183.645751003991,10,
2020-12-18,9667936.682995228,91285.05392876116,10,
2020-12-21,9899272.10067306,178163.57453856908,10,
2020-12-22,9720431.554758506,2013814.7639393373,8,
2020-12-23,9687118.034768252,5679909.665131716,4,
2020-12-24,9603384.679812148,7627078.1795680085,2,
2020-12-25,9600554.213788131,7678559.783246139,2,
2020-12-28,9502446.733068421,5733394.023393586,4,
2020-12-29,9437527.229310945,6657230.82251735,3,
2020-12-30,9450129.704811051,6657230.82251735,3,
2020-12-31,9636847.75542288,828.1618502637139,10,
2021-01-04,10076256.236639312,828.1618502637139,10,
2021-01-05,10342477.708092025,828.1618502637139,10,
2021-01-06,10252825.301617673,97.73156075680163,10,
2021-01-07,10232776.637153603,1614966.855411508,8,
2021-01-08,10163212.524920918,2580205.6449236656,7,
2021-01-11,10306604.57553809,3544791.2063593175,6,
2021-01-12,10421583.244324854,4545824.427701166,5,
2021-01-13,10704036.1299588,3475741.665179899,6,
2021-01-14,10624534.503608754,3496066.049390843,6,
2021-01-15,10594979.552727249,1376939.6763139034,8,
2021-01-18,10849683.593416264,259.0714931988623,10,
2021-01-19,10739580.043125203,259.0714931988623,10,
2021-01-20,10748580.748609569,1843087.0074787403,9,
2021-01-21,10781517.755917694,2895146.5156833194,8,
2021-01-22,10829306.541837074,5243085.949719765,5,
2021-01-25,10781224.26046653,6261224.94367881,4,
2021-01-26,10782528.765861275,7324314.784709694,3,
2021-01-27,10811143.131796315,6243163.483110859,4,
2021-01-28,10604982.354322484,7341949.928442052,3,
2021-01-29,10736321.684371999,8413980.134403279,2,
2021-02-01,10868465.90431533,7328233.693965294,3,
2021-02-02,10992358.786101438,6229083.083434203,4,
2021-02-03,10956300.345368482,6229083.083434203,4,
2021-02-04,10894046.599256136,7299471.100198367,3,
2021-02-05,10870019.497671701,6212310.886660197,4,
2021-02-08,11074480.993371489,5105655.2554183025,5,
2021-02-09,11203304.820292667,5101875.3531868,5,
2021-02-10,11253979.111660888,3976398.636855056,6,
2021-02-18,11429880.530433407,546600.2887294195,9,
2021-02-19,11483616.760639897,546600.2887294195,9,
2021-02-22,11527416.53230101,2684191.05954081,7,
2021-02-23,11511957.826208176,2684191.05954081,7,
2021-02-24,11358541.125082077,2684191.05954081,7,
2021-02-25,11535910.512658134,4207862.962981238,6,
2021-02-26,11359015.9547771,6561309.053989746,4,
2021-03-01,11420528.703972485,7725790.57678857,3,
2021-03-02,11286432.302900936,7725790.57678857,3,
2021-03-03,11390291.666938093,6569378.615332868,4,
2021-03-04,11218008.321371462,7760430.699339297,3,
2021-03-05,11187991.357821038,6597815.646856835,4,
2021-03-08,11085165.829129651,8870879.234643415,2,
2021-03-09,11033459.263281872,9897812.276320508,1,
2021-03-10,11013708.811240247,9897812.276320508,1,
2021-03-11,11019785.886244824,9897812.276320508,1,1000000.0
2021-03-12,11028770.410669567,8796063.316763164,2,1003541.1248362905
2021-03-15,11028420.411804058,5486652.71590028,5,981927.4188902838
2021-03-16,11074048.36514268,5486652.71590028,5,990472.2594749202
2021-03-17,11067329.780090572,4380242.830265285,6,994664.7471410637
2021-03-18,11089468.112296226,1059262.434167029,9,1002642.2041409767
2021-03-19,11030029.194179513,3244093.383708932,7,976379.6471253057
2021-03-22,11128353.84098623,3244093.383708932,7,986141.329833246
2021-03-23,11037618.098240258,3229977.110987069,7,976800.8763548437
2021-03-24,10676994.547689535,7477333.3439236665,3,961091.7111437697
2021-03-25,10715317.98086939,7493479.962833502,3,960635.4429548127
2021-03-26,10689764.937333036,1085886.3329686413,9,982405.2055706233
2021-03-29,10643767.075263906,22165.285884786397,10,984138.6819162312
2021-03-30,10600520.601638628,1007287.6515711078,9,993469.4235091422
2021-03-31,10726716.27606833,3905.8113523729844,10,984427.2772586204
2021-04-01,10939123.260683656,3905.8113523729844,10,996599.1262159495
2021-04-02,11067050.977234269,163.18703117442783,10,1006501.2504052571
2021-04-06,11065766.24338131,1084706.4673612602,9,1002363.3206840785
2021-04-07,11272927.02089944,352.0468393811025,10,995226.417851969
2021-04-08,11177922.793588353,118.86354417889379,10,996878.0096728476
2021-04-09,11132544.488429023,497.3062982093543,10,981888.3809191919
2021-04-12,11074046.605945732,4480065.489650872,6,964808.41163541
2021-04-13,10967556.08742285,5523774.470878126,5,963226.9929479334
2021-04-14,11008675.727109816,5558698.348574544,5,971219.9699217193
2021-04-15,11018737.602149822,4470090.588747837,6,965046.3528299434
2021-04-16,11190594.182761433,2233856.7095358386,8,968402.2853399564
2021-04-19,11511642.722383644,987.3217498315498,10,991965.9855492858
2021-04-20,11495336.686864998,987.3217498315498,10,991254.2566860857
2021-04-21,11503491.264645722,1033438.3519336238,9,994251.4207203077
2021-04-22,11509218.56082473,2127969.207892753,8,992398.9261701512
2021-04-23,11487357.618263198,3233566.9941215054,7,1001409.8420437996
2021-04-26,11411957.626118042,6627504.316009856,4,990058.9330541643
2021-04-27,11506217.176750327,6630792.350223685,4,992648.4835414485
2021-04-28,11680336.555221701,6630792.350223685,4,998248.9089601189
2021-04-29,11743733.51770072,4286767.477661658,6,1007010.1722479063
2021-04-30,11724347.181254722,3115120.6940949922,7,999077.656522031
2021-05-06,11767648.1259645,3115120.6940949922,7,986915.519450193
2021-05-07,11831789.447734214,4248365.721652365,6,974226.8458414325
2021-05-10,11973736.261909723,6476227.632969141,4,973519.0207753417
2021-05-11,11983876.419104243,7649365.733183527,3,979493.8298582399
2021-05-12,11999362.428007364,4212731.528387308,6,983684.3180185468
2021-05-13,11765704.686582614,1892155.4278736596,8,973626.3275885626
2021-05-14,11983126.63194976,63833.25350127276,10,996562.087750694
2021-05-17,12127361.381171562,63833.25350127276,10,1011070.1212414645
2021-05-18,12220180.199434806,2873.386766958516,10,1011579.0430841141
2021-05-19,12308805.127718497,2873.386766958516,10,1008589.6866441104
2021-05-20,12398608.705523062,2873.386766958516,10,1011347.0051925262
2021-05-21,12252582.250615263,3643872.0257007126,7,1001156.2856608296
2021-05-24,12354671.769233275,4864971.896644164,6,1005337.0619356454
2021-05-25,12537266.999916792,386.02076029847376,10,1037100.5451509841
2021-05-26,12466842.384438276,386.02076029847376,10,1037511.9672804674
2021-05-27,12608627.923683882,386.02076029847376,10,1040951.783821046
2021-05-28,12715427.119484473,1212875.8129506595,9,1037609.4669936335
2021-05-31,12945599.796907568,3958.5001393801067,10,1039653.0571730129
2021-06-01,13026405.985109473,3958.5001393801067,10,1041624.5699277178
2021-06-02,12935542.742645789,2366409.186279822,8,1031541.1572092421
2021-06-03,12809012.258215858,3594089.4112309944,7,1024778.5428267965
2021-06-04,12938980.094158316,1042586.5415689,9,1030041.527831931
2021-06-07,12910308.002411151,459.92344501102343,10,1029134.7995423988
2021-06-08,12843882.942663433,2383216.2309992327,8,1020260.4213530085
2021-06-09,12795557.900585033,4269.987453318667,10,1021104.7841033573
2021-06-10,12963778.409541942,4269.987453318667,10,1027933.6678220953
2021-06-11,12850511.486841442,2085675.6401789205,8,1018813.5408439534
2021-06-15,12824846.253825404,3374400.710965373,7,1007476.2475369184
2021-06-16,12502625.059995249,8243345.1357456,3,990692.681189744
2021-06-17,12706137.625172809,8231006.093314365,3,994865.6498703415
2021-06-18,12792981.303501226,581874.7387887025,9,994978.7647719445
2021-06-21,13087742.356069282,3227.9538704897277,10,992623.1564675206
2021-06-22,12948973.817270234,288.0078486944549,10,998818.292050679
2021-06-23,13191116.81405826,288.0078486944549,10,1003738.1237684591
2021-06-24,13343706.536085656,1230081.0991597679,9,1005411.23408072
2021-06-25,13482598.937334588,4570.323814919218,10,1021791.1858926294
2021-06-28,13648573.489287332,523.4796075369231,10,1024090.141531688
2021-06-29,13597060.206388237,258.5930097126402,10,1012152.3299717832
2021-06-30,13833377.187095882,1425.1337873958983,10,1018684.8107539137
2021-07-01,13652786.524289373,4620711.135667088,7,1019780.7303813961
2021-07-02,13373079.284401875,7638845.303841571,4,990815.5079768382
2021-07-05,13539617.714086322,6303440.429845599,5,991726.1400634795
2021-07-06,13364584.017809466,7792362.91948183,4,991201.6030323935
2021-07-07,13495971.33022087,2396302.397306136,8,1002392.6467696793
2021-07-08,13758113.726032523,311.06838062161114,10,992207.7353263645
2021-07-09,13810035.548258785,236.3970289262943,10,988537.8804000345
2021-07-12,14181767.897463802,236.3970289262943,10,1000875.4979126586
2021-07-13,13808260.773966983,41344.85828705155,10,1002706.5691859964
2021-07-14,13510820.769741777,1582540.4465224782,9,991197.6992352842
2021-07-15,13552927.493897349,3905897.9225548794,7,1004531.7371563885
2021-07-16,13571049.871857554,3907804.8667744687,7,993477.2311033607
2021-07-19,13630386.290865809,5287413.946848779,6,997127.6622587084
2021-07-20,13690219.54560781,9168258.4508946,3,996250.1648402134
2021-07-21,13772266.142096192,2314006.2842508843,8,1003084.8566473334
2021-07-22,13800815.425612835,933953.8367055941,9,1004588.2946071901
2021-07-23,13697366.64496408,1269.0908525988925,10,992396.9266643149
2021-07-26,13674543.00802217,1220555.8823870227,9,960430.6364284256
2021-07-27,13289182.111655802,2336901.468359559,8,926502.7357524498
2021-07-28,13130809.682033222,6414484.720585507,5,928290.8652575864
2021-07-29,13361701.456151897,6356889.386163646,5,945799.8713651246
2021-07-30,13247780.394672435,3709082.350062412,7,938175.3747526207
2021-08-02,13448347.110831302,3046.241819423274,10,962076.5153754858
2021-08-03,13653981.440269511,3046.241819423274,10,962216.8616422893
2021-08-04,13889793.758952182,3046.241819423274,10,970872.912837256
2021-08-05,13799315.013110202,3046.241819423274,10,964987.7958733056
2021-08-06,13654878.408371728,3079585.6972091612,8,959701.3880855159
2021-08-09,13696133.160078615,5636899.981248468,6,972181.3513707804
2021-08-10,13632030.92179355,4384420.820665927,7,983411.3378645944
2021-08-11,13522264.31133985,4044030.6913638064,7,977988.3923925468
2021-08-12,13524089.521609958,6770267.751990969,5,969800.4159924285
2021-08-13,13562973.751143344,7971736.571864016,4,964463.2588422195
2021-08-16,13496869.278506167,7971736.571864016,4,963505.7811902678
2021-08-17,13336783.419049438,12020769.258893188,1,943290.2058967332
2021-08-18,13285923.510626586,13285923.510626586,0,954374.0380353617
2021-08-19,13281949.464370044,10632585.293341907,2,948114.5374071837
2021-08-20,13179192.144976886,9329512.128268512,3,930004.9178322119
2021-08-23,13157255.875121102,6703243.764029487,5,942993.8029601256
2021-08-24,13133010.935344584,5166935.19433964,6,953233.2723484053
2021-08-25,12839954.448298914,1325725.568179591,9,955138.420552254
2021-08-26,12414488.59390715,3651651.068348678,7,936311.1688111366
2021-08-27,12475978.263791831,6194954.552396568,5,941270.0385000088
2021-08-30,12423049.623206886,7451158.026984962,4,938584.8925908312
2021-08-31,12472545.39513224,9934550.867696937,2,937091.1665164657
2021-09-01,12474537.819911081,3702273.8502989607,7,949541.8989306928
2021-09-02,12447703.691192897,1310413.9957869367,9,949532.1870452017
2021-09-03,12651323.956703646,47455.54752300563,10,944393.9331184342
2021-09-06,13051456.392216189,47455.54752300563,10,962074.5158696494
2021-09-07,13160969.80605076,47455.54752300563,10,973599.0010087983
2021-09-08,13175292.904471857,47455.54752300563,10,969562.4747978952
2021-09-09,13140496.297330555,2483424.3278452717,8,969149.0531625755
2021-09-10,13149438.94060944,3737305.4710039934,7,977633.527713865
2021-09-13,13045569.323956378,4989479.04058636,6,973370.8669143197
2021-09-14,12861874.90660251,8894611.33200229,3,958843.4096525669
2021-09-15,12821307.058580048,9010850.873429902,3,949124.573498264
2021-09-16,12790897.383439096,10236990.925919564,2,937498.7800634034
2021-09-17,12670325.756419785,8907484.822047837,3,946905.5028780983
2021-09-22,12703754.683547623,10106349.937682755,2,940242.3877146553
2021-09-23,12773544.80756038,8828977.126057085,3,946371.2539615209
2021-09-24,12836967.68200334,187.51785691571422,10,945636.1023156658
2021-09-27,12941820.570873579,187.51785691571422,10,951084.3748616413
2021-09-28,12898503.475965817,2347717.1659606295,8,952344.0635385825
2021-09-29,12886824.284156736,4611748.948081907,6,942613.6112075158
2021-09-30,13031051.031939395,2009706.8708103977,8,948941.2854632593
2021-10-08,13008978.349755557,2057994.5492489662,8,961335.460426685
2021-10-11,12919841.182862505,1448.244916185271,10,962554.2068412616
2021-10-12,12697201.34771131,3541.3448121398687,10,952345.9678298554
2021-10-13,13031841.107725129,2510667.6854839176,8,963318.5893581539
2021-10-14,12975999.636714086,16506.110970601207,10,958151.1045603491
2021-10-15,13279208.916918859,16506.110970601207,10,961758.5939474958
2021-10-18,13486729.897981366,194780.35936900042,10,950579.2616015375
2021-10-19,13826010.953908643,194780.35936900042,10,959927.6178887219
2021-10-20,14104840.326791486,194780.35936900042,10,957482.3174653503
2021-10-21,14053862.264566526,224177.582769498,10,960961.0767624573
2021-10-22,13990961.77652503,321478.23427344253,10,967144.5009542879
2021-10-25,14161611.360049352,2645318.910956487,8,971003.5472185684
2021-10-26,14098466.725186978,1316.0043999282643,10,967801.6718725229
2021-10-27,14104897.623722514,2793507.4982094374,8,955138.420552254
2021-10-28,13965718.109992918,4108761.157039579,7,948504.5362598482
2021-10-29,14384263.27960771,5449668.302610334,6,957207.3378055615
2021-11-01,14480091.976821836,2559075.193202909,8,953681.732943144
2021-11-02,14566612.269301064,2577442.8089090665,8,943767.9925770727
2021-11-03,14428424.947301706,1134960.5611246426,9,940113.6576246156
2021-11-04,14476141.898218544,2976.0703243333846,10,949401.5526638892
2021-11-05,14431111.272328671,121899.14116221247,10,944255.4911429033
2021-11-08,14396910.54245568,2944002.132097252,8,945392.3530327505
2021-11-09,14605340.583662756,1483799.8508975585,9,945111.5652845796
2021-11-10,14525408.273434408,2899992.2829864104,8,940129.2728130524
2021-11-11,14797365.979629334,2721734.991842087,8,955233.9207595837
2021-11-12,14900950.250565585,851.8303747728933,10,953229.3685512962
2021-11-15,14959261.513459262,851.8303747728933,10,952061.2762845753
2021-11-16,14857450.253971966,1374471.2914551813,9,952244.5643195801
2021-11-17,14918563.372415263,2941784.8694741325,8,952718.4472028104
2021-11-18,14755463.692850884,5903905.231852348,6,943333.1476649343
2021-11-19,14799772.719248587,5974548.580559546,6,953558.90615605
2021-11-22,14775344.572697956,9021169.914590199,4,957915.1628716523
2021-11-23,14866647.99982198,9021169.914590199,4,958100.4504124932
2021-11-24,14966200.995907718,8786630.463967258,4,958745.9099394006
2021-11-25,15016913.415036136,8786630.463967258,4,954802.9796445546
2021-11-26,14811916.954026157,8786630.463967258,4,947722.5390486828
2021-11-29,14845203.337642081,11766523.260089286,2,946024.1016624939
2021-11-30,14815299.956792243,13263223.556035407,1,942243.0361258338
2021-12-01,14872931.786123175,11775936.592808623,2,944547.9902824017
2021-12-02,14831241.993246932,10294904.60949983,3,946948.4446462994
2021-12-03,14969490.607682794,5803686.957637399,6,955696.0922514865
2021-12-06,15148811.486641496,5803686.957637399,6,954058.1161132082
2021-12-07,15350027.174696535,7235623.234591097,5,959806.6953929005
2021-12-08,15355227.604326814,7235623.234591097,5,974203.5182733411
2021-12-09,15505260.487875551,7235623.234591097,5,990341.6250936078
2021-12-10,15432013.10571155,7235623.234591097,5,985745.5228921996
2021-12-13,15382053.480324358,7235623.234591097,5,991338.0455020878
2021-12-14,15359523.464219326,9135805.24002766,4,984688.641235809
2021-12-15,15410532.077233547,9135805.24002766,4,976147.6092337179
2021-12-16,15457367.012612576,9135805.24002766,4,981769.457929207
2021-12-17,15411325.818478435,9074444.380008548,4,966175.3119110087
2021-12-20,15384551.00300755,10528758.926109929,3,951679.0850261293
2021-12-21,15423101.194543714,2813060.629005307,8,958127.7769922576
2021-12-22,15334537.089119356,1327605.0769666848,9,958314.9688243715
2021-12-23,15638201.976504724,844.385710161645,10,965001.5067704696
2021-12-24,15716612.036936969,1500.3851349053439,10,959658.4463173149
2021-12-27,15807821.422665805,1500.3851349053439,10,959264.5436675412
2021-12-28,15599672.75374071,943.3254017052241,10,966409.3493084328
2021-12-29,15555324.640645426,3076219.2242044625,8,952275.7946964536
2021-12-30,15585159.554169826,3280190.854905301,8,959691.5809854612
2021-12-31,15742683.985609477,168447.2366756848,10,963369.3387205733
2022-01-04,15809778.487394756,28598.239134257194,10,958962.3326425517
2022-01-05,15767374.241831057,260.62746261875145,10,949280.630168068
2022-01-06,15757704.26411318,1552280.9416263038,9,939552.082128274
2022-01-07,15815819.680410998,2953176.859575885,8,940359.4064133674
2022-01-10,16094360.399789661,1344199.3475626402,9,944586.93303893
2022-01-11,15918857.736557048,2916.806190531468,10,935562.4014826812
2022-01-12,15740122.965216868,363.0416157168802,10,944885.3354813738
2022-01-13,15555462.099590652,6284717.384662978,6,929351.6507110861
2022-01-14,15593763.07340962,6174650.660575454,6,921709.6346188728
2022-01-17,15911570.100368086,6174650.660575454,6,929616.8232708202
2022-01-18,15914926.334908834,1337682.3874028835,9,938600.5077792678
2022-01-19,15765866.46323792,1288199.0377008107,9,932171.3347986854
2022-01-20,15534133.98798572,4320181.765066257,7,940581.6372049003
2022-01-21,15468743.017087234,7179459.625516189,5,931962.7196897529
2022-01-24,15440198.65363623,7179459.625516189,5,933411.5997046444
2022-01-25,15242034.496881356,10611068.677141061,3,912295.1042099595
2022-01-26,15252818.295536198,12163079.78435532,2,918897.7581254918
2022-01-27,15055351.032831825,13626878.583719887,1,900873.9268723587
2022-01-28,15065717.184832253,13626878.583719887,1,889932.5357209338
2022-02-07,15117548.630526222,13626878.583719887,1,903644.861103375
2022-02-08,15175599.712565102,13626878.583719887,1,898707.5099058852
2022-02-09,15183201.840784706,13626878.583719887,1,907149.0426889736
2022-02-10,15189421.477129616,13626878.583719887,1,904770.0116018946
2022-02-11,15185274.824335732,13626878.583719887,1,897270.3412823211
2022-02-14,15161087.044909157,13626878.583719887,1,887576.92741651
2022-02-15,15178364.147761025,13626878.583719887,1,897016.8801139147
2022-02-16,15235033.14934031,13626878.583719887,1,900505.4465110765
2022-02-17,15241944.10019175,13626878.583719887,1,902683.5748688777
2022-02-18,15220520.207407631,13626878.583719887,1,906989.177436624
2022-02-21,15217756.046488442,13626878.583719887,1,903687.802871576
2022-02-22,15242635.00328318,13626878.583719887,1,891956.6069147673
2022-02-23,15270278.532412209,13626878.583719887,1,901492.0598195017
2022-02-24,15248163.73653666,13626878.583719887,1,883214.7673979622
2022-02-25,15237797.447397865,13626878.583719887,1,891814.2611421272
2022-02-28,15266822.919848122,13626878.583719887,1,893419.1026122592
2022-03-01,15362883.820154823,13626878.583719887,1,900836.8884071031
2022-03-02,15300686.08532206,13626878.583719887,1,892824.3924477713
2022-03-03,15285482.377436318,13626878.583719887,1,887565.2160251824
2022-03-04,15237451.217043366,15237451.217043366,0,876801.30482038
2022-03-07,15237451.217043366,15237451.217043366,0,848789.5610561009
2022-03-08,15237451.217043366,15237451.217043366,0,831748.629743411
2022-03-09,15237451.217043366,15237451.217043366,0,824135.8445222348
2022-03-10,15237451.217043366,15237451.217043366,0,837101.3068674932
2022-03-11,15237451.217043366,15237451.217043366,0,839768.9332969614
2022-03-14,15237451.217043366,15237451.217043366,0,814075.7593718505
2022-03-15,15237451.217043366,15237451.217043366,0,776840.6760424448
2022-03-16,15237451.217043366,15237451.217043366,0,810433.2310252847
2022-03-17,15237451.217043366,15237451.217043366,0,826349.1070540185
2022-03-18,15237451.217043366,15237451.217043366,0,831848.03374785
2022-03-21,15237451.217043366,15237451.217043366,0,830453.806892487
2022-03-22,15237451.217043366,15237451.217043366,0,829781.0207858153
2022-03-23,15237451.217043366,15237451.217043366,0,833918.9505069937
2022-03-24,15237451.217043366,15237451.217043366,0,829003.0225863227
2022-03-25,15237451.217043366,15237451.217043366,0,814038.720906595
2022-03-28,15237451.217043366,15237451.217043366,0,808949.3120509741
2022-03-29,15237451.217043366,15237451.217043366,0,806154.9550373027
2022-03-30,15237451.217043366,15237451.217043366,0,829547.0786029549
2022-03-31,15237451.217043366,15237451.217043366,0,823404.5966734887
2022-04-01,15237451.217043366,15237451.217043366,0,833848.777373592
2022-04-06,15237451.217043366,15237451.217043366,0,831446.3235038578
2022-04-07,15237451.217043366,15237451.217043366,0,820772.1044180035
2022-04-08,15237451.217043366,15237451.217043366,0,824997.7267522931
2022-04-11,15237451.217043366,15237451.217043366,0,799511.2636448421
2022-04-12,15237451.217043366,15237451.217043366,0,815091.7939804401
2022-04-13,15237451.217043366,15237451.217043366,0,807246.9708676761
2022-04-14,15237451.217043366,15237451.217043366,0,817353.7111542432
2022-04-15,15237451.217043366,15237451.217043366,0,816803.8470492293
2022-04-18,15237451.217043366,15237451.217043366,0,812441.6870306814
2022-04-19,15237451.217043366,15237451.217043366,0,806303.1088983247
2022-04-20,15237451.217043366,15237451.217043366,0,793801.7223362417
2022-04-21,15237451.217043366,15237451.217043366,0,779184.572955541
2022-04-22,15237451.217043366,15237451.217043366,0,782581.4477279187
2022-04-25,15237451.217043366,15237451.217043366,0,743905.244370558
2022-04-26,15237451.217043366,15237451.217043366,0,737901.2520239046
2022-04-27,15237451.217043366,15237451.217043366,0,759628.0728715141
2022-04-28,15237451.217043366,15237451.217043366,0,764614.2215328687
2022-04-29,15237451.217043366,15237451.217043366,0,783164.4941083608
2022-05-05,15237451.217043366,15237451.217043366,0,781988.6418547035
2022-05-06,15237451.217043366,15237451.217043366,0,762217.6709660803
2022-05-09,15237451.217043366,15237451.217043366,0,756098.5642119877
2022-05-10,15237451.217043366,15237451.217043366,0,764372.424148508
2022-05-11,15235169.785948243,13714215.722532716,1,775399.6036217717
2022-05-12,15226549.655409303,13714215.722532716,1,771952.0270942562
2022-05-13,15237325.028868165,13714215.722532716,1,777774.7309117413
2022-05-16,15221700.599165406,13714215.722532716,1,771523.0378777817
2022-05-17,15225472.033949342,13714215.722532716,1,781146.2310029092
2022-05-18,15220084.287138429,13714215.722532716,1,778420.142831367
2022-05-19,15201686.48871943,15201686.48871943,0,779919.7246013961
2022-05-20,15201686.48871943,15201686.48871943,0,795129.6798553119
2022-05-23,15201686.48871943,15201686.48871943,0,790523.7705538488
2022-05-24,15201686.48871943,15201686.48871943,0,772031.959720431
2022-05-25,15201686.48871943,15201686.48871943,0,776717.8016480689
2022-05-26,15201686.48871943,15201686.48871943,0,778640.516938909
2022-05-27,15201686.48871943,15201686.48871943,0,780251.2141047046
2022-05-30,15201686.48871943,15201686.48871943,0,785656.5924897608
2022-05-31,15201686.48871943,15201686.48871943,0,797844.0566355267
2022-06-01,15199412.644775357,13683516.682060208,1,796217.7442812943
2022-06-02,15285666.049392667,13683516.682060208,1,797463.8172756352
2022-06-06,15296744.645507779,13683516.682060208,1,812385.12957988
2022-06-07,15284347.117813077,13683516.682060208,1,814927.9297164177
2022-06-08,15314944.446952786,13683516.682060208,1,822860.5406568567
2022-06-09,15240297.25876614,13683516.682060208,1,814253.2393184731
2022-06-10,15259822.510869946,15259822.510869946,0,826600.6639311523
2022-06-13,15259822.510869946,15259822.510869946,0,816920.8657479413
2022-06-14,15259822.510869946,15259822.510869946,0,823348.0392226874
2022-06-15,15257538.157887474,13734636.169571891,1,834250.4876175841
2022-06-16,15259952.977657333,12208750.734806076,2,828759.2733034074
2022-06-17,15273833.66117479,12208750.734806076,2,840260.3356599013
2022-06-20,15263011.200299183,13713411.19038097,1,844431.4000492259
2022-06-21,15279543.121027568,9127797.108459095,4,843483.6342827654
2022-06-22,15219180.45294247,9127797.108459095,4,832768.4729345462
2022-06-23,15218742.331593327,6085161.710398487,6,847054.0852046565
2022-06-24,15268118.776163915,247.48471722914837,10,856977.6326707827
2022-06-27,15343754.371843675,480.3228477027733,10,866628.1047683929
2022-06-28,15456623.455300048,289.2159602192696,10,875648.827742096
2022-06-29,15234498.363952318,2931810.468654314,8,862162.636948297
2022-06-30,15330368.941548387,2055.4273634345736,10,874574.3313914322
2022-07-01,15208530.79834799,2960675.1042209063,8,871007.879481214
2022-07-04,15240644.228426972,4589186.537282029,7,876723.2288781963
2022-07-05,15143189.580654373,6149195.363306275,6,875457.732112873
2022-07-06,15017396.67245802,9003765.409964886,4,862671.65400551
2022-07-07,15144467.50975298,7459004.54586195,5,866474.142818989
2022-07-08,15250510.18749465,7447767.745602027,5,863609.5174573523
2022-07-11,15295539.807808295,7447767.745602027,5,849148.4247464555
2022-07-12,15129972.7345961,4337124.097635116,7,841153.4482668331
2022-07-13,15393425.374938812,4337124.097635116,7,842682.2133006176
2022-07-14,15662115.718677176,206.55658496776596,10,842801.1362906025
2022-07-15,15461717.19031104,1192.5227142230142,10,828460.8708609635
2022-07-18,15861998.888291312,9170.01224894682,10,837052.5570109102
2022-07-19,16275080.669722416,182349.1116856113,10,832518.8203486853
2022-07-20,16835405.931744434,182349.1116856113,10,835338.5044362845
2022-07-21,16680238.349161007,182349.1116856113,10,826029.2813347558
2022-07-22,16532010.827836849,182349.1116856113,10,826452.4148555667
2022-07-25,16667979.001746513,1697344.488344528,9,821462.4100043846
2022-07-26,16602549.700476207,6578591.70220045,6,827963.6604096417
2022-07-27,16541443.685115375,8108609.551871814,5,823880.3838479919
2022-07-28,16638058.509586575,3480.703757526586,10,824003.2106350858
2022-07-29,16465392.957065823,3480.703757526586,10,813167.1267910454
2022-08-01,16667652.780245211,1259298.6059650441,9,816790.2313666289
2022-08-02,16223699.151367094,7721231.353897002,5,800866.5477436767
2022-08-03,15943953.239634909,12584343.998816885,2,793058.7630961682
2022-08-04,15957229.938963283,14233161.780908931,1,799797.9546959585
2022-08-05,15970371.52753669,15970371.52753669,0,810595.0957834707
2022-08-08,15970371.52753669,15970371.52753669,0,808871.2361087903
2022-08-09,15970371.52753669,15970371.52753669,0,810474.1732876494
2022-08-10,15970371.52753669,15970371.52753669,0,801396.9880777084
2022-08-11,15970371.52753669,15970371.52753669,0,817737.9019185258
2022-08-12,15970371.52753669,15970371.52753669,0,817271.8266295139
2022-08-15,15970371.52753669,15970371.52753669,0,816205.2330876321
2022-08-16,15970371.52753669,15970371.52753669,0,814676.372839284
2022-08-17,15970371.52753669,15970371.52753669,0,822304.773248897
2022-08-18,15970371.52753669,15970371.52753669,0,815117.121054368
2022-08-19,15970371.52753669,15970371.52753669,0,809456.2343877871
2022-08-22,15970371.52753669,15970371.52753669,0,815370.5822227745
2022-08-23,15970371.52753669,15970371.52753669,0,811408.228156946
2022-08-24,15970371.52753669,15970371.52753669,0,796069.5428129905
2022-08-25,15970371.52753669,15970371.52753669,0,802664.484348868
2022-08-26,15970371.52753669,15970371.52753669,0,800969.8555452249
2022-08-29,15970371.52753669,15970371.52753669,0,797454.0577828622
2022-08-30,15970371.52753669,15970371.52753669,0,794776.7194679029
2022-08-31,15970371.52753669,15970371.52753669,0,795371.4772396727
2022-09-01,15970371.52753669,15970371.52753669,0,788526.9783324979
2022-09-02,15970371.52753669,15970371.52753669,0,784601.6627319248
2022-09-05,15970371.52753669,15970371.52753669,0,783006.5331472841
2022-09-06,15970371.52753669,15970371.52753669,0,790192.2810505404
2022-09-07,15970371.52753669,15970371.52753669,0,790718.7699801811
2022-09-08,15970371.52753669,15970371.52753669,0,787345.2703831767
2022-09-09,15970371.52753669,15970371.52753669,0,798286.7091418835
2022-09-13,15970371.52753669,15970371.52753669,0,801664.0649287152
2022-09-14,15970371.52753669,15970371.52753669,0,792742.8887812964
2022-09-15,15970371.52753669,15970371.52753669,0,785286.1126226423
2022-09-16,15970371.52753669,15970371.52753669,0,766870.33061829
2022-09-19,15970371.52753669,15970371.52753669,0,765957.746633094
2022-09-20,15970371.52753669,15970371.52753669,0,766901.5609951636
2022-09-21,15970371.52753669,15970371.52753669,0,761225.1067474276
2022-09-22,15970371.52753669,15970371.52753669,0,754519.0974230655
2022-09-23,15970371.52753669,15970371.52753669,0,751921.6917342809
2022-09-26,15970371.52753669,15970371.52753669,0,748150.3856903936
2022-09-27,15970371.52753669,15970371.52753669,0,758996.2766344888
2022-09-28,15970371.52753669,15970371.52753669,0,746596.2459753994
2022-09-29,15970371.52753669,15970371.52753669,0,746290.0835460189
2022-09-30,15970371.52753669,15970371.52753669,0,741951.3463101261
2022-10-10,15970371.52753669,15970371.52753669,0,725581.1539909899
2022-10-11,15970371.52753669,15970371.52753669,0,726897.4001187326
2022-10-12,15970371.52753669,15970371.52753669,0,737938.29048916
2022-10-13,15970371.52753669,15970371.52753669,0,731768.4819799297
2022-10-14,15970371.52753669,15970371.52753669,0,749279.4399860225
2022-10-17,15970371.52753669,15970371.52753669,0,750047.726300024
2022-10-18,15967983.066985238,14375676.03268348,1,748460.4519168834
2022-10-19,15945977.612731088,14375676.03268348,1,736421.1892394214
2022-10-20,16101939.740416635,14375676.03268348,1,732209.182587732
2022-10-21,16054937.366911996,14375676.03268348,1,729861.3818775265
2022-10-24,16053441.88275062,14375676.03268348,1,708505.0885043172
2022-10-25,16066688.001677621,14375676.03268348,1,707350.6595274786
2022-10-26,16095743.903014291,14375676.03268348,1,713093.3831115072
2022-10-27,16098307.566496957,14375676.03268348,1,708070.1959848971
2022-10-28,16166674.519774545,14375676.03268348,1,690557.3336875315
2022-10-31,16244869.153258432,14375676.03268348,1,684194.4776505235
2022-11-01,16274352.35943519,14375676.03268348,1,708661.0499595576
2022-11-02,16298122.134526385,5343.822367799701,10,717170.851584775
2022-11-03,16300896.30406679,5343.822367799701,10,711338.3882745169
2022-11-04,16683695.286162509,5343.822367799701,10,734595.9736617474
2022-11-07,16787765.01673044,5343.822367799701,10,736181.3437536152
2022-11-08,16693239.674122943,5343.822367799701,10,731117.2143646404
2022-11-09,16771433.296593796,3505825.2978412034,8,724280.5230516839
2022-11-10,16862571.880778443,3505825.2978412034,8,718707.4242127779
2022-11-11,17648968.707887016,98039.30887349788,10,738743.615268417
2022-11-14,18251258.882943474,98039.30887349788,10,739831.7273016811
2022-11-15,18794094.15129789,98039.30887349788,10,753861.9265048305
2022-11-16,18389434.366217934,98039.30887349788,10,747703.8293869277
2022-11-17,18331604.34426435,98039.30887349788,10,744636.492219304
2022-11-18,18188170.71449443,4099787.8941743015,8,741303.9824919461
2022-11-21,17921355.169203624,16108900.509169446,1,734978.1649201935
2022-11-22,18023891.11067635,12503366.645306168,3,735064.0008493139
2022-11-23,18024773.926832233,7093997.268631015,6,735836.1909604245
2022-11-24,17943345.662339054,3513428.4537628507,8,732575.8062650231
2022-11-25,18113961.83213563,1669201.1184391477,9,736274.9396696722
2022-11-28,18140234.34192109,1609622.352780579,9,727979.6564563329
2022-11-29,18260571.550286338,574.3292932971381,10,750439.677051243
2022-11-30,18394795.915806815,574.3292932971381,10,751340.5972523934
2022-12-01,18376008.81472392,4562.417419384234,10,759477.9195046558
2022-12-02,18455989.126650285,1019.5842899782583,10,754833.0198393826
2022-12-05,18871103.899303865,1019.5842899782583,10,769639.3129507517
2022-12-06,18899387.609915875,1312.1292640191969,10,773796.7140501942
2022-12-07,18808903.560834073,1312.1292640191969,10,771893.5177449002
2022-12-08,18708383.25154023,5625583.040778207,7,772037.8154160947
2022-12-09,18477205.445381973,8970224.649473999,5,779654.5044343802
2022-12-12,18558256.718756676,8939207.209374426,5,770918.5206132389
2022-12-13,18435828.50968361,10702369.971723555,4,769405.3231606093
2022-12-14,18522574.043865204,10702369.971723555,4,771201.2602599643
2022-12-15,18537345.938239098,14317079.922995565,2,770635.7809665136
2022-12-16,18484377.915844917,14317079.922995565,2,771072.5777772065
2022-12-19,18322599.9485317,16465613.306838583,1,759175.6608723844
2022-12-20,18333099.679730583,18333099.679730583,0,746656.70722331
2022-12-21,18333099.679730583,18333099.679730583,0,746953.1101599176
2022-12-22,18333099.679730583,18333099.679730583,0,748023.6551061904
2022-12-23,18333099.679730583,18333099.679730583,0,746500.6981607879
2022-12-26,18327608.89429538,14667085.27082889,2,749478.343209464
2022-12-27,18291543.495939326,3687090.939519952,8,758128.5387087667
2022-12-28,18210559.689710554,44245.92730802065,10,754893.4810872931
2022-12-29,18362867.371646248,1819123.6846841197,9,752054.2780141479
2022-12-30,18413532.491964422,58.26765926857479,10,754965.6061192496
2023-01-03,19185684.533018194,58.26765926857479,10,758138.2505942578
2023-01-04,19324088.024920546,58.26765926857479,10,759123.0072186922
2023-01-05,19624679.88242539,58.26765926857479,10,773870.8385879871
2023-01-06,19627434.399432264,58.26765926857479,10,776271.2453446029
2023-01-09,19699921.70985881,1772928.0462617017,9,782556.1206539908
2023-01-10,19748925.290524397,1772928.0462617017,9,783404.339594167
2023-01-11,19589270.924116336,7618519.344831668,6,781953.5552880026
2023-01-12,19609025.79895173,11314643.467294322,4,783482.367929069
2023-01-13,19608774.6337041,9353697.464667235,5,794501.7398081141
2023-01-16,19683653.249055654,22.509700568392873,10,806899.818568649
2023-01-17,19687951.368552953,22.509700568392873,10,806759.4723018454
2023-01-18,20038103.16394022,22.509700568392873,10,805408.09200012
2023-01-19,20139239.430267125,22.509700568392873,10,810419.5201281207
2023-01-20,20312335.816222936,22.509700568392873,10,815395.9092967024
2023-01-30,20710867.274839193,22.509700568392873,10,819260.8588639284
2023-01-31,20652317.73188761,22.509700568392873,10,810585.2886834159
2023-02-01,21142956.535369664,22.509700568392873,10,818203.9772075377
2023-02-02,21335476.142961293,22.509700568392873,10,815321.8323661914
2023-02-03,21519247.834331304,22.509700568392873,10,807615.4512289582
2023-02-06,21803875.395039637,2052848.2806006274,9,796939.2326372673
2023-02-07,22282019.62158879,6233665.2484675255,7,798372.4974637221
2023-02-08,22353022.322823606,6233665.2484675255,7,794844.9407027501
2023-02-09,22988580.90124553,441.0042328198906,10,805515.3035987772
2023-02-10,23289863.649897035,441.0042328198906,10,800728.1057681459
2023-02-13,23602637.577781137,111.80182402953506,10,807993.7386902951
2023-02-14,23750151.386730988,181.82200702046975,10,808329.1795979945
2023-02-15,24157737.41560851,172.48326216544956,10,804117.1729463051
2023-02-16,23668257.038531266,4212417.922816237,8,798228.1997925275
2023-02-17,23167848.869910296,11641614.449181613,5,786727.1374360336
2023-02-20,23606118.791920576,296.45419779699296,10,806028.2244530994
2023-02-21,24053447.692496214,296.45419779699296,10,808145.8915629899
2023-02-22,23964741.514641676,296.45419779699296,10,800852.9320610763
2023-02-23,23826200.26102725,296.45419779699296,10,800209.3768254417
2023-02-24,23863022.462789163,2156225.0979343504,9,791902.4298280568
2023-02-27,23583404.240900956,12212595.316988906,5,788546.4973180438
2023-02-28,23646966.068723164,14872088.71338602,4,793542.3578648895
2023-03-01,23660648.1191238,672269.8047240819,10,804750.921081885
2023-03-02,23944040.415008016,90739.30342907552,10,802956.9834883665
2023-03-03,24515267.47186894,90739.30342907552,10,805454.8423508666
2023-03-06,24580278.09935326,90739.30342907552,10,801254.5470905048
2023-03-07,24769914.81669659,90739.30342907552,10,789523.4463482597
2023-03-08,24710436.728794523,90739.30342907552,10,786649.1567084135
2023-03-09,24793970.437792633,2346160.5237759077,9,783868.4629846243
2023-03-10,24373157.290623423,14079016.382000681,4,773590.0032325345
2023-03-13,24508842.986748453,14079016.382000681,4,781692.238918096
2023-03-14,24631501.893747896,16698970.047510715,3,777014.2045846764
2023-03-15,24510548.156351656,11796934.923166843,5,777443.193801151
2023-03-16,24528836.881099127,14658897.939525029,4,768131.971193786
2023-03-17,24635704.532999083,2287800.5961361364,9,771967.642282693
2023-03-20,24474743.616289612,209.47770547447726,10,768118.3555111856
2023-03-21,24703921.633260295,427.0941901640035,10,776561.7925855467
2023-03-22,24817297.106282756,427.0941901640035,10,779888.4942245226
2023-03-23,25004460.349290416,427.0941901640035,10,787620.2500429655
2023-03-24,24984291.083924815,427.0941901640035,10,785272.4493327602
2023-03-27,24752504.569846675,4755692.692119164,8,782431.2943610603
2023-03-28,24529125.89906878,9648306.436769433,6,779902.1575144047
2023-03-29,24461078.277667563,19605400.461276572,2,781194.9808594923
2023-03-30,24527098.516402762,17154023.985991996,3,787511.0389384718
2023-03-31,24400082.145745795,14566029.541451972,4,789929.012782079
2023-04-03,24526889.02410926,9659206.4325756,6,797658.8167019675
2023-04-04,24452092.971639816,251.8020917819813,10,800104.0695180573
2023-04-06,24266450.08598117,2367413.328988831,9,798842.4765498432
2023-04-07,24214692.639496725,173.7954882788472,10,804037.1927128485
2023-04-10,24369443.53731119,2407625.758199327,9,800435.6066286475
2023-04-11,24286763.67311894,9745884.369472854,6,799526.8788332788
2023-04-12,24338512.270372026,7419514.834945314,7,798969.2071340464
2023-04-13,24445151.4849796,7342855.022872895,7,793448.7619488327
2023-04-14,24857839.780455034,2370140.8426098046,9,797937.6525515837
2023-04-17,25214671.51035444,602.0688451947644,10,809126.6967830332
2023-04-18,25384679.963389795,602.0688451947644,10,811593.4204832235
2023-04-19,25237337.128032036,2159225.1580365365,9,804286.8452987096
2023-04-20,25330447.230849855,7050764.224515552,7,802036.5443016702
2023-04-21,25017760.628067605,12018094.388662929,5,786348.8499746968
2023-04-24,24974164.64610831,17328890.088136356,3,776612.4943406844
2023-04-25,24999141.053539127,22467927.20642647,1,772718.3615097031
2023-04-26,24989319.046267934,19972534.2804522,2,772047.5749088678
2023-04-27,24980074.813803144,17474207.90625424,3,777739.5967377586
2023-04-28,25007616.647896428,12405229.394611973,5,785670.255779643
2023-05-04,25157872.554150194,1432.8864961555228,10,785896.437975567
2023-05-05,24911732.0026308,1432.8864961555228,10,783289.2727940095
2023-05-08,24972057.52067141,83.32075647637248,10,792216.3522443739
2023-05-09,24902594.56895514,2465783.2388512655,9,785434.2664836643
2023-05-10,24994743.186408237,913.1896793404594,10,779387.3799760917
2023-05-11,25050036.849671558,913.1896793404594,10,778176.3935484516
2023-05-12,24976769.467834715,728.6323349522427,10,767860.9429383881
2023-05-15,24839285.46725178,2452.315958981868,10,779781.2350185836
2023-05-16,24733317.022618394,4795234.545978647,8,775748.6602120715
2023-05-17,24783218.858853154,4957105.542650991,8,772230.8629438725
2023-05-18,24968910.539142948,851.4225648459978,10,771431.3938602792
2023-05-19,25226961.481205016,486.1673269569874,10,769183.0447617945
2023-05-22,25182911.586276084,486.1673269569874,10,774017.0881577362
2023-05-23,25061323.056532152,4817601.103307014,8,763069.7937033657
2023-05-24,24914792.30523788,9719777.140290374,6,752520.3533031598
2023-05-25,24812811.029206388,9579049.875889892,6,750845.2910923443
2023-05-26,25156358.9112776,4547282.375480479,8,750933.0313127375
2023-05-29,25418588.65889788,72.05964804231189,10,747616.0891665346
2023-05-30,25796723.587553505,72.05964804231189,10,748359.048406608
2023-05-31,26138102.64511023,120.92671309038997,10,740713.1285172855
2023-06-01,26382494.795789737,271.7308187657036,10,742337.4889729634
2023-06-02,26482552.819507997,6029.609697740059,10,753054.649827019
2023-06-05,26481995.77264158,6029.609697740059,10,749626.5446777677
2023-06-06,25709984.610043973,2613850.5624403637,9,742588.9982428153
2023-06-07,25826508.578515977,8225462.020278899,7,738919.1433164851
2023-06-08,25962274.143254496,8400389.612042645,7,744934.8470544661
2023-06-09,25939226.574038006,3212346.1058363705,9,748154.2894875029
2023-06-12,26092652.480336584,349.9815191407688,10,749661.6312444686
2023-06-13,26085629.213687338,349.9815191407688,10,753655.2156871706
2023-06-14,26145203.388496127,510.9209019797854,10,753481.6871449389
2023-06-15,26313997.109981265,510.9209019797854,10,765470.2480672634
2023-06-16,26499388.87610027,510.9209019797854,10,772850.9953968519
2023-06-19,26727786.016793933,510.9209019797854,10,766525.1778250994
2023-06-20,26500022.140375245,2407292.269912829,9,765224.5468857934
2023-06-21,26404052.086041152,12937216.10023755,5,753483.6390434935
2023-06-26,26240495.07647082,20792118.677430596,2,742889.3049765319
2023-06-27,26283660.97465426,23602762.346800867,1,749856.6306708009
2023-06-28,26276044.329032008,23602762.346800867,1,748953.8061783778
2023-06-29,26358923.152717464,20968172.424873225,2,745256.6246722834
2023-06-30,26361015.35299037,716.7838594717905,10,749275.5361889133
2023-07-03,26570577.18725417,716.7838594717905,10,759109.34392881
2023-07-04,26546286.944319945,716.7838594717905,10,760304.7151680132
2023-07-05,26371382.23014367,2688240.6463910383,9,754415.7420142356
2023-07-06,26262811.059409145,5274866.803961758,8,749334.0455382693
2023-07-07,26406510.529010966,7898492.530220226,7,746009.295797848
2023-07-10,26403323.229306463,2616672.542827848,9,749642.1598662045
2023-07-11,26543034.72389119,58.07317631551996,10,754548.3282941026
2023-07-12,26424680.17546724,215.33710550237447,10,749468.583716691
2023-07-13,26768444.149609316,215.33710550237447,10,760189.6483678557
2023-07-14,26745953.96942686,215.33710550237447,10,760322.2822550046
2023-07-17,26748997.41823267,215.33710550237447,10,754095.9162949729
2023-07-18,26745446.0332353,215.33710550237447,10,751711.0771195119
2023-07-19,26899994.29766747,45003.12993141636,10,750917.4637315825
2023-07-20,26809004.90291428,5340587.264374008,8,745617.345046629
2023-07-21,26975427.78700169,2642671.507807335,9,745270.2403548837
2023-07-24,26899449.614461027,2642671.507807335,9,742015.711355146
2023-07-25,27620034.380523287,289.511946758721,10,763446.1768734299
2023-07-26,27987372.14080485,289.511946758721,10,761864.7105786712
2023-07-27,28009100.15600146,3742.9922741749324,10,760956.0303905845
2023-07-28,29071879.815225016,3742.9922741749324,10,778582.0075895529
2023-07-31,30055264.728550326,3742.9922741749324,10,782850.5240847619
2023-08-01,30746459.38831986,3742.9922741749324,10,779607.7064763518
2023-08-02,31456347.22387017,3742.9922741749324,10,774128.2035535028
2023-08-03,31602308.677164923,3742.9922741749324,10,780968.7986635683
2023-08-04,31692683.112923514,3742.9922741749324,10,784010.8087572643
2023-08-07,31711219.874560248,8518542.019736182,7,778076.9419367309
2023-08-08,31070779.775045324,11419988.781021047,6,776045.063148679
2023-08-09,30785357.41620493,24647787.47983408,2,773673.8872631002
2023-08-10,30765990.59221214,21570817.923588216,3,775263.1135447954
2023-08-11,30557128.264936674,21395925.65496849,3,757426.5217310579
2023-08-14,30596630.450328864,12214486.500700988,6,751900.2208501804
2023-08-15,30529521.99870018,12214486.500700988,6,750073.1009812336
2023-08-16,30378826.360343482,18056165.02935746,4,744572.1747815659
2023-08-17,30396638.33544114,18056165.02935746,4,747062.3212644113
2023-08-18,30224307.476353005,24071365.28942521,2,737877.8292412495
2023-08-21,30305051.48823197,24071365.28942521,2,727262.0718974691
2023-08-22,30361782.004320838,21036887.24762223,3,732852.6902160847
2023-08-23,30278716.363180947,21119343.77292521,3,720840.7065111051
2023-08-24,30491292.04281666,24058044.810760997,2,726066.7006582659
2023-08-25,30297525.078243375,21029568.97701657,3,727501.9173832753
2023-08-28,30222331.40539334,11967286.614362456,6,731758.7700944386
2023-08-29,31144416.0927686,397.93442814424634,10,739069.2966833436
2023-08-30,31733947.14531033,397.93442814424634,10,738757.2785582992
2023-08-31,31411897.89708798,626.5535229928792,10,734225.4937946289
2023-09-01,31307752.188136555,158858.26952693518,10,739338.3730401867
2023-09-04,31880546.39361141,158858.26952693518,10,750543.0324600729
2023-09-05,31953658.35392146,147.58212237339467,10,744960.2217356758
2023-09-06,32280029.090422582,3055107.7952088835,9,743343.6688742163
2023-09-07,31870883.304552507,15592362.246279191,5,732899.4881741132
2023-09-08,31953056.910340928,18812114.035146378,4,729295.9025840756
2023-09-11,32045139.926631022,9313476.796490718,7,734668.1463009856
2023-09-12,31845301.33405404,9313476.796490718,7,733314.8617079874
2023-09-13,31454775.715433717,18838269.884668946,4,728644.5873615046
2023-09-14,31228179.167063355,24914600.010187745,2,728032.3101100252
2023-09-15,31430589.391928125,21771468.421392847,3,723209.978105411
2023-09-18,31550871.20459597,21771468.421392847,3,726901.3039158417
2023-09-19,31498542.994117763,24925877.871131923,2,725495.3656691513
2023-09-20,31379024.29933932,28010244.371131923,1,722607.412739423
2023-09-21,31363968.31369784,28010244.371131923,1,716123.6818138756
2023-09-22,31403493.71199477,21729741.207264546,3,729089.1917664158
2023-09-25,31391623.613690022,21729741.207264546,3,724344.8880967037
2023-09-26,31169376.870822743,28068840.690326527,1,720111.4105609137
2023-09-27,31194317.602298383,24948974.50003398,2,721595.3771425062
2023-09-28,31354944.8536641,15539825.335610569,5,719454.2872499606
2023-10-09,31704136.309481323,15539825.335610569,5,718520.232380664
2023-10-10,31657157.97114438,15539825.335610569,5,713138.2291709811
2023-10-11,31839683.205059994,18622819.11312722,4,715170.1555663148
2023-10-12,32041704.36405324,15418261.709753502,5,721961.9532125156
2023-10-13,32102633.966139782,15418261.709753502,5,714362.8312812215
2023-10-16,32132975.271212567,18510897.36545037,4,707184.9385794654
2023-10-17,32242252.546936024,21685002.97881936,3,709680.8931506927
2023-10-18,32538879.307404507,25239209.42509507,2,704061.0439610401
2023-10-19,32519312.465048343,28417006.54454282,1,689038.2805392382
2023-10-20,32608622.52183011,28417006.54454282,1,684563.0532263693
2023-10-23,32543128.442335635,28417006.54454282,1,677474.8050362791
2023-10-24,32221850.761239417,32221850.761239417,0,679988.326694498
2023-10-25,32217025.275010377,29000034.45565155,1,683367.681987166
2023-10-26,32199016.58612788,19341733.473792676,4,685255.2631040233
2023-10-27,32317875.60464614,12879001.757447653,6,694663.9854245547
2023-10-30,32900982.465336066,9588412.90771697,7,698833.0979153247
2023-10-31,33264133.67268775,9588412.90771697,7,696637.4024705323
2023-11-01,33468044.364664298,9588412.90771697,7,696348.807128143
2023-11-02,33164640.567197494,9453967.057361297,7,693064.9996500865
2023-11-03,33482107.251486566,2759523.721823481,9,698905.2229472811
2023-11-06,34075895.46308706,3451.305868127849,10,708356.8870360135
2023-11-07,34361853.13311203,522.8147564679384,10,705851.1253647313
2023-11-08,34470168.65496567,3281940.465020445,9,704156.5917756516
2023-11-09,34188122.3192601,9891324.648800353,7,704499.7926702878
2023-11-10,34128845.927888565,13531849.309903793,6,699363.4906420747
2023-11-13,34279068.63296669,13531849.309903793,6,697982.8794693121
2023-11-14,34775602.65530442,16254814.017952424,5,698499.6565134617
2023-11-15,35125567.92138303,200.3032037098892,10,703411.6806370235
2023-11-16,34642017.95919622,200.3032037098892,10,696608.1715994952
2023-11-17,34480430.426870614,16177765.445505414,5,695771.6164433648
2023-11-20,34582296.141540274,16128509.251701104,5,697380.3617106058
2023-11-21,34434374.38850261,16745470.668648254,5,698306.608985684
2023-11-22,34257637.72509819,20150226.560862124,4,691159.8514462378
2023-11-23,34390554.8533533,20540446.117362775,4,694494.360679432
2023-11-24,34391601.92690829,20540446.117362775,4,689909.9222620695
2023-11-27,34213205.16578898,27281660.408565845,2,684826.2738875488
2023-11-28,34208083.774095625,30638088.213831034,1,686109.3853471451
2023-11-29,34184309.86672029,30638088.213831034,1,680218.4602948128
2023-11-30,34190859.462240495,34190859.462240495,0,681756.9848213703
2023-12-01,34190859.462240495,34190859.462240495,0,679159.5791325858
2023-12-04,34185738.64908639,30771863.213018812,1,674725.2940820816
2023-12-05,34145575.79751436,30771863.213018812,1,661878.754726808
2023-12-06,34111870.01047174,34111870.01047174,0,662920.0688020437
2023-12-07,34111870.01047174,34111870.01047174,0,661297.6602449204
2023-12-08,34111870.01047174,34111870.01047174,0,662892.7422222793
2023-12-11,34111870.01047174,34111870.01047174,0,666790.7788503699
2023-12-12,34111870.01047174,34111870.01047174,0,668224.0436768247
2023-12-13,34111870.01047174,34111870.01047174,0,657072.0379106306
2023-12-14,34111870.01047174,34111870.01047174,0,653630.2694714973
2023-12-15,34111870.01047174,34111870.01047174,0,651600.342582
2023-12-18,34111870.01047174,34111870.01047174,0,649225.2628993121
2023-12-19,34111870.01047174,34111870.01047174,0,650135.8949859535
2023-12-20,34111870.01047174,34111870.01047174,0,643010.6083306079
2023-12-21,34111870.01047174,34111870.01047174,0,649517.7620388104
2023-12-22,34111870.01047174,34111870.01047174,0,650757.9317302057
2023-12-25,34111870.01047174,34111870.01047174,0,652750.8201544476
2023-12-26,34111870.01047174,34111870.01047174,0,648332.1502923801
2023-12-27,34111870.01047174,34111870.01047174,0,650588.3069850832
2023-12-28,34111870.01047174,34111870.01047174,0,665833.3488056998
2023-12-29,34111870.01047174,34111870.01047174,0,669064.5026300644
2024-01-02,34111870.01047174,34111870.01047174,0,660336.3264031414
2024-01-03,34111870.01047174,34111870.01047174,0,658766.5714997103
2024-01-04,34111870.01047174,34111870.01047174,0,652672.8394268274
2024-01-05,34111870.01047174,34111870.01047174,0,649174.5611441744
2024-01-08,34111870.01047174,34111870.01047174,0,640779.8263191144
2024-01-09,34111870.01047174,34111870.01047174,0,642035.6111989466
2024-01-10,34111870.01047174,34111870.01047174,0,639038.4471647246
2024-01-11,34111870.01047174,34111870.01047174,0,642653.7441460895
2024-01-12,34111870.01047174,34111870.01047174,0,640411.2507432686
2024-01-15,34111870.01047174,34111870.01047174,0,639777.5026076889
2024-01-16,34111870.01047174,34111870.01047174,0,643669.6835401156
2024-01-17,34111870.01047174,34111870.01047174,0,629668.7628152851
2024-01-18,34111870.01047174,34111870.01047174,0,638570.4675844398
2024-01-19,34111870.01047174,34111870.01047174,0,637605.2299455516
2024-01-22,34111870.01047174,34111870.01047174,0,627683.6343779799
2024-01-23,34111870.01047174,34111870.01047174,0,630224.482615963
2024-01-24,34111870.01047174,34111870.01047174,0,639034.5909748971
2024-01-25,34111870.01047174,34111870.01047174,0,651867.4670402886
2024-01-26,34111870.01047174,34111870.01047174,0,650093.0008250342
2024-01-29,34111870.01047174,34111870.01047174,0,644270.2970075491
2024-01-30,34111870.01047174,34111870.01047174,0,632780.9460423829
2024-01-31,34111870.01047174,34111870.01047174,0,626991.4245003258
2024-02-01,34111870.01047174,34111870.01047174,0,627451.5964863922
2024-02-02,34111870.01047174,34111870.01047174,0,620026.0030973298
2024-02-05,34111870.01047174,34111870.01047174,0,624080.0487879424
2024-02-06,34111870.01047174,34111870.01047174,0,645777.6387645149
2024-02-07,34111870.01047174,34111870.01047174,0,652005.9090158194
2024-02-08,34111870.01047174,34111870.01047174,0,656159.4063181528
2024-02-19,34111870.01047174,34111870.01047174,0,663741.0087697374
2024-02-20,34111870.01047174,34111870.01047174,0,665113.8123482816
2024-02-21,34111870.01047174,34111870.01047174,0,674087.6897566745
2024-02-22,34111870.01047174,34111870.01047174,0,679898.6345755501
2024-02-23,34111870.01047174,34111870.01047174,0,680497.2961444291
2024-02-26,34111870.01047174,34111870.01047174,0,673403.239865957
2024-02-27,34111870.01047174,34111870.01047174,0,681482.0527688633
2024-02-28,34111870.01047174,34111870.01047174,0,672798.7226014143
2024-02-29,34111870.01047174,34111870.01047174,0,685633.5981726422
2024-03-01,34111870.01047174,34111870.01047174,0,689868.9799997049
2024-03-04,34111870.01047174,34111870.01047174,0,690467.6415685838
2024-03-05,34111870.01047174,34111870.01047174,0,695272.4064862065
2024-03-06,34111870.01047174,34111870.01047174,0,692452.7223986072
2024-03-07,34111870.01047174,34111870.01047174,0,688293.36940061
2024-03-08,34111870.01047174,34111870.01047174,0,691255.3992608493
2024-03-11,34111870.01047174,34111870.01047174,0,699903.6428615976
2024-03-12,34111870.01047174,34111870.01047174,0,701508.4843317294
2024-03-13,34106761.97449972,30701404.65981771,1,696608.1715994952
2024-03-14,34026478.439877525,30701404.65981771,1,694630.8507564083
2024-03-15,34005903.469233334,34005903.469233334,0,696146.0001075924
2024-03-18,34000810.49495298,30605494.30804807,1,702686.2884839413
2024-03-19,33971540.48519689,30605494.30804807,1,697635.7747775669
2024-03-20,33981297.319942296,30605494.30804807,1,699147.0203316419
2024-03-21,33991053.66020757,30605494.30804807,1,698310.5127827933
2024-03-22,33947007.26381379,33947007.26381379,0,691272.9663478407
2024-03-25,33947007.26381379,33947007.26381379,0,687521.1792894994
2024-03-26,33941923.019644774,30552426.90696434,1,691029.2170649254
2024-03-27,33924451.11708359,30552426.90696434,1,683042.0481795213
2024-03-28,33936099.149701156,30552426.90696434,1,686585.1725216482
2024-03-29,33971042.36936287,30552426.90696434,1,689806.5668532396
2024-04-01,33956514.83833259,16964474.856728975,5,701149.6682486567
2024-04-02,33815280.51169914,13586828.527436677,6,698230.5325493367
2024-04-03,33754530.73881668,13586828.527436677,6,695718.9627896725
2024-04-08,33210967.465271324,23152944.93857798,3,689597.9041370251
2024-04-09,33406662.46197676,19812272.722511046,4,689028.5210464651
2024-04-10,33353759.148292296,19812272.722511046,4,683416.4318437491
2024-04-11,33379217.157092422,23025298.450007766,3,683324.7878262467
2024-04-12,33587407.519831985,23025298.450007766,3,677786.8231613234
2024-04-15,33510161.09696898,23025298.450007766,3,692068.5792416065
2024-04-16,33150564.553188078,26140776.11720442,2,684664.4567366446
2024-04-17,33499148.32789444,22791773.75132584,3,695250.9356021059
2024-04-18,33428213.583014112,19448701.698730092,4,696108.9616423369
2024-04-19,33344502.679958828,12785081.043162828,6,690621.6511252695
2024-04-22,33524491.667556576,16065352.022957617,5,688523.4553936432
2024-04-23,33541950.09817317,12978490.069548637,6,683710.882881802
2024-04-24,33666417.24761556,6245890.374837618,8,686713.9026116879
2024-04-25,33814542.35971177,9884391.692306643,7,688402.5805051037
2024-04-26,34724641.24308832,32.59283311851323,10,698930.5976284909
2024-04-29,36241730.73295362,32.59283311851323,10,706660.3539410974
2024-04-30,36627357.27921732,32.59283311851323,10,702853.9613305093
2024-05-06,37524877.47300871,32.59283311851323,10,713284.4787407303
2024-05-07,37512282.38302477,32.59283311851323,10,713504.8528482723
2024-05-08,38038668.11020528,3384757.4779764228,9,707890.8117470015
2024-05-09,38322246.78844552,9927362.975898784,7,714587.1091858726
2024-05-10,38494806.32075543,13606845.591013378,6,714922.5024862903
2024-05-13,38174206.19450016,9938612.958339885,7,714612.4362598006
2024-05-14,38317159.714995794,114.24432890722528,10,713122.6615898262
2024-05-15,37574241.29645789,7304008.370613698,8,707079.6312720808
2024-05-16,37372722.57066476,3365826.3564656996,9,709868.1325900884
2024-05-17,37594477.2300864,249.90026004472747,10,717202.0343543667
2024-05-20,37701909.097823024,135122.10307967756,10,719735.0749981314
2024-05-21,37908144.97371566,135122.10307967756,10,716849.0739669577
2024-05-22,38215200.696715236,135122.10307967756,10,718465.6268284172
2024-05-23,37751847.69578164,14893098.454667976,6,710146.9684397047
2024-05-24,37227631.20671566,22272629.44775875,4,702286.5301385039
2024-05-27,37514423.56918828,22439206.803784538,4,708961.3566932745
2024-05-28,37290531.05380728,10975043.410279296,7,703786.0643012512
2024-05-29,37191608.968868755,11171401.092949413,7,704634.3308487093
2024-05-30,37536543.95877239,258.4931981298141,10,700888.3994860317
2024-05-31,37444240.56106007,307.8057805276476,10,698082.3310810328
2024-06-03,37458665.90592816,2537.260031245183,10,699804.1912498767
2024-06-04,37529690.49786832,129.60070874495432,10,705053.5605724108
2024-06-05,37541521.422335505,3688757.040068505,9,700981.9954020887
2024-06-06,37393034.53112385,7086710.189349864,8,700486.6892420397
2024-06-07,37140413.94141829,18188124.204241395,5,696949.4205955766
2024-06-11,37627531.6020838,18188124.204241395,5,690859.5447125211
2024-06-12,37875334.64837649,10470758.32238772,7,691101.3897041635
2024-06-13,37769959.40366366,10470758.32238772,7,687593.3043214558
2024-06-14,37479999.86743681,10353424.692056106,7,690596.3240513416
2024-06-17,37342060.74037306,10353424.692056106,7,689556.9618746606
2024-06-18,37380745.33171399,18519942.371604275,5,691388.0331479983
2024-06-19,37092839.704360604,18324769.095649365,5,688104.2256699415
2024-06-20,37051010.51539772,133.0280720507726,10,683137.5959941329
2024-06-21,37219423.52563198,16618.541682318784,10,681643.9175270492
2024-06-24,36803795.98533135,3700012.954392248,9,677975.9668919919
2024-06-25,36977139.875155024,7321581.155520015,8,674288.4972713887
2024-06-26,36985324.07828956,10949376.161257321,7,678648.7053913819
2024-06-27,37164558.41729046,7232426.636332279,8,673551.4413342607
2024-06-28,37519060.59445555,458.6627166918479,10,675021.6970186892
2024-07-01,38093107.15123827,458.6627166918479,10,678243.0913502806
2024-07-02,38537866.211144276,458.6627166918479,10,676997.0659632215
2024-07-03,38438868.24225599,458.6627166918479,10,675362.9460147707
2024-07-04,38429101.82619179,3665752.348280793,9,671930.984675692
2024-07-05,38429101.82619179,3665752.348280793,9,669054.7431372913
2024-07-08,38317322.79686852,18618873.606538016,5,663341.2504243
2024-07-09,38553650.39023693,18712464.516299326,5,670760.9881176986
2024-07-10,38287330.77016027,18886438.816310484,5,668647.1771976354
2024-07-11,38398105.28768342,7365676.027572565,8,676291.1451884034
2024-07-12,38254392.81961701,7769563.298294762,8,677115.9889532063
2024-07-15,38383750.9418596,91478.55647695344,10,677866.7557874982
2024-07-16,38515923.89415395,91478.55647695344,10,682162.5988624716
2024-07-17,38622964.30109632,91478.55647695344,10,682806.1064908244
2024-07-18,38979332.21391332,91478.55647695344,10,686579.3168259844
2024-07-19,39217023.908029914,91478.55647695344,10,690106.8735869563
2024-07-22,39132343.498525776,11471811.847553411,7,685407.3683694362
2024-07-23,38689857.051234215,19064156.77180764,5,670774.6038002989
2024-07-24,38698470.27906053,22850055.8667051,4,666541.1738717906
2024-07-25,38615941.19199795,22815510.480966993,4,662855.7037570239
2024-07-26,38761833.28482422,26655521.181648105,3,664809.6018174556
2024-07-29,38935881.62171158,26655521.181648105,3,661192.3529375358
2024-07-30,38828141.02646622,26655521.181648105,3,657027.1442438749
2024-07-31,38956346.75394806,26655521.181648105,3,671203.6406240553
2024-08-01,38784980.712559834,26887453.2310039,3,666755.6922836689
2024-08-02,38637179.15516199,26887453.2310039,3,659954.0875374133
2024-08-05,38489879.01363203,38489879.01363203,0,651945.4953751906
2024-08-06,38489879.01363203,38489879.01363203,0,651879.1784316162
2024-08-07,38489879.01363203,38489879.01363203,0,651588.6311906724
2024-08-08,38489879.01363203,38489879.01363203,0,651871.3708373978
2024-08-09,38484114.78677417,34641296.88153888,1,649665.9158998324
2024-08-12,38489973.08459903,34641296.88153888,1,648540.8130085946
2024-08-13,38525207.476163834,30788380.363489117,2,650204.1162208007
2024-08-14,38542544.37008673,26933801.84374625,3,645299.8996914572
2024-08-15,38663537.09307486,26933801.84374625,3,651678.3233096201
2024-08-16,38646946.01021582,26933801.84374625,3,652395.9078684839
2024-08-19,38773888.44118887,26933801.84374625,3,654607.2185017131
2024-08-20,38700024.04499823,26933801.84374625,3,649874.5786160468
2024-08-21,38669535.763926424,34669999.38792697,1,647717.8735350644
2024-08-22,38718415.883250155,34669999.38792697,1,646060.3784112403
2024-08-23,38830552.37740985,34669999.38792697,1,648800.1298726648
2024-08-26,38807487.422681846,30788743.166042365,2,648220.9872893319
2024-08-27,38829699.07503556,26905233.07016324,3,644537.4690731196
2024-08-28,38852998.336026475,30720489.231107045,2,640865.614640953
2024-08-29,38522870.37558611,38522870.37558611,0,639145.7063706636
2024-08-30,38522870.37558611,38522870.37558611,0,647676.9312726997
2024-09-02,38522870.37558611,38522870.37558611,0,636675.0788733641
2024-09-03,38522870.37558611,38522870.37558611,0,638316.9588087515
2024-09-04,38522870.37558611,38522870.37558611,0,634169.3172020819
2024-09-05,38522870.37558611,38522870.37558611,0,635261.3330324554
2024-09-06,38522870.37558611,38522870.37558611,0,630111.415321642
2024-09-09,38522870.37558611,38522870.37558611,0,622623.4087861143
2024-09-10,38522870.37558611,38522870.37558611,0,623171.3685998556
2024-09-11,38522870.37558611,38522870.37558611,0,621293.4993684895
2024-09-12,38522870.37558611,38522870.37558611,0,618629.8243434123
2024-09-13,38522870.37558611,38522870.37558611,0,616051.9376401737
2024-09-18,38522870.37558611,38522870.37558611,0,618345.1327981323
2024-09-19,38522870.37558611,38522870.37558611,0,623225.9741521025
2024-09-20,38522870.37558611,38522870.37558611,0,624202.9231823183
2024-09-23,38522870.37558611,38522870.37558611,0,626486.3588475039
2024-09-24,38522870.37558611,38522870.37558611,0,653620.5099787243
2024-09-25,38522870.37558611,38522870.37558611,0,663296.404364826
2024-09-26,38522870.37558611,38522870.37558611,0,691335.3794943059
2024-09-27,38522870.37558611,38522870.37558611,0,722215.4619882038
2024-09-30,38522870.37558611,38522870.37558611,0,783478.4641319597
2024-10-08,38522870.37558611,38522870.37558611,0,829937.0774556192
2024-10-09,38522870.37558611,38522870.37558611,0,771413.826773288
2024-10-10,38522870.37558611,38522870.37558611,0,779566.764213987
2024-10-11,38522870.37558611,38522870.37558611,0,757995.904821618
2024-10-14,38522870.37558611,38522870.37558611,0,772459.0446456329
2024-10-15,38522870.37558611,38522870.37558611,0,751915.8360386171
2024-10-16,38522870.37558611,38522870.37558611,0,747157.8690790228
2024-10-17,38522870.37558611,38522870.37558611,0,738700.7211074977
2024-10-18,38522870.37558611,38522870.37558611,0,765417.5944135712
2024-10-21,38522870.37558611,38522870.37558611,0,767361.7329812299
2024-10-22,38522870.37558611,38522870.37558611,0,771764.8352621424
2024-10-23,38522870.37558611,38522870.37558611,0,774773.6630804102
2024-10-24,38522870.37558611,38522870.37558611,0,766119.61139128
2024-10-25,38522870.37558611,38522870.37558611,0,771499.6150951266
2024-10-28,38522870.37558611,38522870.37558611,0,773008.9087506469
2024-10-29,38522870.37558611,38522870.37558611,0,765304.4795119682
2024-10-30,38522870.37558611,38522870.37558611,0,758440.5092265293
2024-10-31,38522870.37558611,38522870.37558611,0,758750.5754530189
2024-11-01,38522870.37558611,38522870.37558611,0,758551.6722295776
2024-11-04,38522870.37558611,38522870.37558611,0,769225.9389227139
2024-11-05,38522870.37558611,38522870.37558611,0,788688.8430906838
2024-11-06,38522870.37558611,38522870.37558611,0,784732.2971132372
2024-11-07,38522870.37558611,38522870.37558611,0,808409.1598314513
2024-11-08,38522870.37558611,38522870.37558611,0,800287.3575530619
2024-11-11,38522870.37558611,38522870.37558611,0,805567.9572524695
2024-11-12,38522870.37558611,38522870.37558611,0,796716.9542384525
2024-11-13,38522870.37558611,38522870.37558611,0,801621.2183750778
2024-11-14,38522870.37558611,38522870.37558611,0,787723.6054517955
2024-11-15,38522870.37558611,38522870.37558611,0,773919.5884445701
2024-11-18,38522870.37558611,38522870.37558611,0,770321.8109429147
2024-11-19,38522870.37558611,38522870.37558611,0,775491.2476392739
2024-11-20,38522870.37558611,38522870.37558611,0,777222.8673008909
2024-11-21,38522870.37558611,38522870.37558611,0,777911.2209887175
2024-11-22,38522870.37558611,38522870.37558611,0,753809.2728511381
2024-11-25,38522870.37558611,38522870.37558611,0,750375.359613505
2024-11-26,38522870.37558611,38522870.37558611,0,748832.8836825566
2024-11-27,38522870.37558611,38522870.37558611,0,761870.566274335
2024-11-28,38522870.37558611,38522870.37558611,0,755145.0379644269
2024-11-29,38522870.37558611,38522870.37558611,0,763730.8684187098
2024-12-02,38522870.37558611,38522870.37558611,0,769785.5625205009
2024-12-03,38522870.37558611,38522870.37558611,0,770616.2619809676
2024-12-04,38522870.37558611,38522870.37558611,0,766456.9565902522
2024-12-05,38522870.37558611,38522870.37558611,0,764707.8174489257
2024-12-06,38522870.37558611,38522870.37558611,0,774759.999790528
2024-12-09,38522870.37558611,38522870.37558611,0,773478.887836768
2024-12-10,38522870.37558611,38522870.37558611,0,779147.4868830037
2024-12-11,38517101.25403676,34671020.22114072,1,777819.5769712152
2024-12-12,38511311.527725846,26967092.463108685,3,785555.1889794855
2024-12-13,38241840.0850741,26967092.463108685,3,766967.8303314563
2024-12-16,38107476.97439895,34302125.17166839,1,762806.5730421862
2024-12-17,38063737.64911399,34302125.17166839,1,764793.6057707643
2024-12-18,38041478.226171024,34242473.04657508,1,768666.267717645
2024-12-19,38003232.80514289,34242473.04657508,1,769362.4289996901
2024-12-20,37972133.49437054,37972133.49437054,0,765907.0448779564
2024-12-23,37972133.49437054,37972133.49437054,0,767043.9067678036
2024-12-24,37972133.49437054,37972133.49437054,0,776817.2532597895
2024-12-25,37966446.2412134,34174944.13645419,1,777195.5407211265
2024-12-26,37878781.88579234,34174944.13645419,1,777556.308702754
2024-12-27,37889434.32885767,34106045.9564364,1,776298.5719243672
2024-12-30,37879209.09434915,34106045.9564364,1,779812.465395457
2024-12-31,37689768.68399406,37689768.68399406,0,767305.1755304284
2025-01-02,37689768.68399406,37689768.68399406,0,744975.7893168307
2025-01-03,37689768.68399406,37689768.68399406,0,736154.0171738509
2025-01-06,37689768.68399406,37689768.68399406,0,734946.9821506018
2025-01-07,37689768.68399406,37689768.68399406,0,740239.2932413369
2025-01-08,37689768.68399406,37689768.68399406,0,738895.72053383
2025-01-09,37689768.68399406,37689768.68399406,0,737074.4087532653
2025-01-10,37689768.68399406,37689768.68399406,0,727831.4549880292
2025-01-13,37689768.68399406,37689768.68399406,0,725887.3164203704
2025-01-14,37689768.68399406,37689768.68399406,0,745003.1158965951
2025-01-15,37689768.68399406,37689768.68399406,0,740223.6780529002
2025-01-16,37684125.032977305,33921691.02180406,1,741071.8969930765
2025-01-17,37683623.95197609,30153155.28918961,2,743404.1301221269
2025-01-20,37682475.64317444,30153155.28918961,2,746785.3897060679
2025-01-21,37671638.13750008,30153155.28918961,2,747356.7723024643
2025-01-22,37591639.45433357,30153155.28918961,2,740416.725580678
2025-01-23,37671995.19656533,33889402.71919602,1,741727.1160127568
2025-01-24,37671995.19656533,33889402.71919602,1,747405.5221590473
2025-01-27,37777066.9846856,33889402.71919602,1,744328.4254986505
2025-02-05,37619458.97830361,33889402.71919602,1,740038.438119341
2025-02-06,37640092.27716683,37640092.27716683,0,749349.6607267061
2025-02-07,37640092.27716683,37640092.27716683,0,759074.2573621091
2025-02-10,37640092.27716683,37640092.27716683,0,760704.4735134507
2025-02-11,37640092.27716683,37640092.27716683,0,757210.0514206252
2025-02-12,37640092.27716683,37640092.27716683,0,764370.4722499534
2025-02-13,37640092.27716683,37640092.27716683,0,761500.0387999347
2025-02-14,37640092.27716683,37640092.27716683,0,768104.6922213034
2025-02-17,37640092.27716683,37640092.27716683,0,769740.716461027
2025-02-18,37640092.27716683,37640092.27716683,0,762989.861077191
2025-02-19,37640092.27716683,37640092.27716683,0,768328.9225186728
2025-02-20,37640092.27716683,37640092.27716683,0,766133.2270738803
2025-02-21,37640092.27716683,37640092.27716683,0,775793.5062715453
2025-02-24,37640092.27716683,37640092.27716683,0,774093.1169868018
2025-02-25,37640092.27716683,37640092.27716683,0,765499.4789383005
2025-02-26,37640092.27716683,37640092.27716683,0,772186.0168843985
2025-02-27,37640092.27716683,37640092.27716683,0,773781.1464690393
2025-02-28,37640092.27716683,37640092.27716683,0,758557.5279252414
2025-03-03,37640092.27716683,37640092.27716683,0,758249.4135973062
2025-03-04,37640092.27716683,37640092.27716683,0,757615.6654617264
2025-03-05,37640092.27716683,37640092.27716683,0,760998.9245515037
2025-03-06,37640092.27716683,37640092.27716683,0,771464.5285284256
2025-03-07,37640092.27716683,37640092.27716683,0,769079.6893529646
2025-03-10,37640092.27716683,37640092.27716683,0,766113.7556956161
2025-03-11,37640092.27716683,37640092.27716683,0,768574.6237001427
2025-03-12,37617543.96026551,22585332.69272267,4,765807.5932662355
2025-03-13,37565318.28167741,15071812.169006508,6,762755.8712870486
2025-03-14,38027635.18849785,1024.6707099121995,10,781276.9129915035
2025-03-17,38159535.33021385,1024.6707099121995,10,779371.7647876549
2025-03-18,38461498.52981333,826.3779139919207,10,781503.0951874275
2025-03-19,38322209.35773615,826.3779139919207,10,781980.8342604851
2025-03-20,38263954.35062868,7537703.784575288,8,775120.7677721553
2025-03-21,38272698.302432075,11144952.466841714,7,763364.2447414186
2025-03-24,38231394.742039554,18681393.95163428,5,767293.5117463827
2025-03-25,38316494.62990889,381.5097344778478,10,766796.2536877791
2025-03-26,38380748.187770545,370768.7867543115,10,764272.9725367874
2025-03-27,38496670.96690148,370768.7867543115,10,766817.6769645978
2025-03-28,38373619.09284075,7891276.174492443,8,763455.8887589211
2025-03-31,38392135.015658416,7813715.862063443,8,758023.2314013822
2025-04-01,38711439.66363007,31216.34643608192,10,758095.3564333386
2025-04-02,38526391.195660174,31216.34643608192,10,757453.8007035404
2025-04-03,38918145.00802094,31216.34643608192,10,752990.2847819992
2025-04-07,36779518.5951667,22479735.43033172,4,699938.7294282985
2025-04-08,37169049.518357486,14702992.53812906,6,711896.1075810312
2025-04-09,37471122.9602699,14532559.340370147,6,718921.9426246561
2025-04-10,37435517.06830978,7043698.928136818,8,728346.2801336241
2025-04-11,37235330.50951675,187.49800637783483,10,731349.2522562281
2025-04-14,37309620.50137311,13611.813316641375,10,733030.1225554255
2025-04-15,37087172.013681896,303608.5828600023,10,733437.6884950815
2025-04-16,37376349.26491273,362862.48683227086,10,735697.7489848937
2025-04-17,37492970.72151917,299834.2169167432,10,735580.7302861817
2025-04-18,37343831.006233394,369320.84583491366,10,735639.2396355377
2025-04-21,37144975.70081335,11013037.584024493,7,738049.4058849266
2025-04-22,37210880.94044057,14771607.488349356,6,737868.0697484764
2025-04-23,37232555.08197321,14740156.32871164,6,738439.404737591
2025-04-24,37042713.00432943,22048183.663680777,4,737948.0499819331
2025-04-25,37084330.04987496,25685675.359227832,3,738460.8756216916
2025-04-28,37165850.65736717,29493614.142989572,2,737413.753458074
2025-04-29,37179103.94878334,29493614.142989572,2,736138.4495926959
2025-04-30,37271218.60723442,29493614.142989572,2,735259.0002756462
2025-05-06,37231594.15369402,25769902.954856265,3,742663.122780608
2025-05-07,37138324.093855865,22207778.84481097,4,747165.6290659594
2025-05-08,37227983.6138382,22207778.84481097,4,751313.270672629
2025-05-09,37014244.13106175,18505818.11805697,5,749998.9764434409
2025-05-12,37103007.72938672,18670765.405070215,5,758666.739029735
2025-05-13,37191087.461900145,18670765.405070215,5,759768.4667455995
2025-05-14,37276629.39116898,18670765.405070215,5,768923.6802904425
2025-05-15,37017384.549895674,22254641.58957377,4,761901.7490439267
2025-05-16,36822456.491299585,33132011.983176187,1,758370.3360931274
2025-05-19,36828846.09870737,36828846.09870737,0,756042.0067611862
2025-05-20,36828846.09870737,36828846.09870737,0,760140.8985112726
2025-05-21,36823331.10905178,33146671.338658407,1,763691.8304476179
2025-05-22,36884477.54612453,33146671.338658407,1,763202.4275905145
2025-05-23,36845028.20644863,33146671.338658407,1,757040.4266755026
2025-05-26,36837138.10196407,33146671.338658407,1,752719.2565266013
2025-05-27,36878559.86919887,33146671.338658407,1,748680.7784171435
2025-05-28,36904201.82171352,33146671.338658407,1,748064.5973685551
2025-05-29,36920377.78806332,29460396.17623928,2,752444.2768668125
2025-05-30,36906634.33198574,29460396.17623928,2,748842.6431753295
2025-06-03,36898050.48589352,29460396.17623928,2,751139.7421303972
2025-06-04,36924998.66389172,25767879.34101956,3,754402.0787243533
2025-06-05,36899594.39066784,25767879.34101956,3,756121.9869946428
2025-06-06,36858935.64486162,29563102.631851602,2,755423.8738140431
2025-06-09,37008826.01775782,29563102.631851602,2,757621.5211573901
2025-06-10,36905327.659508154,29563102.631851602,2,753764.4267916643
2025-06-11,36893298.34164355,33201382.98152659,1,759450.5929248914
2025-06-12,36858230.08159111,36858230.08159111,0,758976.7576489429
2025-06-13,36858230.08159111,36858230.08159111,0,753512.8699145305
2025-06-16,36858230.08159111,36858230.08159111,0,755388.7872473422
2025-06-17,36858230.08159111,36858230.08159111,0,754721.8568363343
2025-06-18,36858230.08159111,36858230.08159111,0,755616.9213418207
2025-06-19,36858230.08159111,36858230.08159111,0,749400.3624818437
2025-06-20,36858230.08159111,36858230.08159111,0,750092.5723594978
2025-06-23,36858230.08159111,36858230.08159111,0,752288.2678042903
2025-06-24,36836150.72437195,22116579.244932212,4,761283.6160967838
2025-06-25,36983835.05003761,18420463.161829222,5,772211.3915656083
2025-06-26,36806283.03666423,18420463.161829222,5,769471.6401041838
2025-06-27,36895975.63295673,18420463.161829222,5,764740.9521170721
2025-06-30,37115053.446582064,18420463.161829222,5,767533.3572321888
2025-07-01,37050442.888286814,18420463.161829222,5,768835.9400700494
2025-07-02,37270589.90928711,14694976.219220769,6,769017.2762064994
2025-07-03,37279723.844452515,14694976.219220769,6,773771.3869762664
2025-07-04,37160778.8618357,18323988.46450161,5,776526.7060188458
2025-07-07,37108661.36297726,25501058.470578425,3,773207.8119740883
2025-07-08,37494123.67157482,25501058.470578425,3,779695.446696745
2025-07-09,37446510.25921254,21760866.703094523,4,778320.6912196463
2025-07-10,37644105.3517714,21760866.703094523,4,781951.603389448
2025-07-11,37591121.01992421,14254325.194156688,6,782885.6582587446
2025-07-14,37449594.152514204,18190509.55049203,5,783443.329957977
2025-07-15,37142232.9119469,29454373.70364917,2,783714.4058206567
2025-07-16,37168674.174520575,37168674.174520575,0,781401.6916771522
2025-07-17,37168674.174520575,37168674.174520575,0,786723.2336389245
2025-07-18,37163107.28315236,33451846.371008173,1,791414.9312622262
2025-07-21,37315451.35391547,29724869.34681727,2,796691.6271645246
2025-07-22,37498838.90896379,25974622.50857889,3,803194.8294683362
2025-07-23,37439307.89654657,22232596.46532938,4,803352.7904294129
2025-07-24,37944177.77197626,14644939.900841981,6,809060.4274467406
2025-07-25,37764093.69054106,14644939.900841981,6,804793.8628500862
2025-07-28,37544033.65745762,14621245.713522224,6,806482.4931362201
2025-07-29,37474848.81227729,22321241.126759022,4,809641.5219286281
2025-07-30,37285312.5553961,33486800.458228134,1,809489.464270497
2025-07-31,37294864.47037413,33486800.458228134,1,794737.7291040928
2025-08-01,37292331.67112257,37292331.67112257,0,790709.0104874081
2025-08-04,37292331.67112257,37292331.67112257,0,793784.1552492502
2025-08-05,37286760.28220656,33572501.00486281,1,800170.4340689135
2025-08-06,37320932.48789003,26108493.512079023,3,802126.236420618
2025-08-07,37547065.52480716,252.30788249662146,10,802358.2743122057
2025-08-08,38086253.540697284,252.30788249662146,10,800466.837005521
2025-08-11,38610855.59736747,252.30788249662146,10,803887.0393459902
2025-08-12,38292288.37732816,10876913.612814184,7,808044.4880527146
2025-08-13,38567895.96614385,10876913.612814184,7,814430.7192650959
2025-08-14,38801827.64108834,10831947.864753576,7,813793.0673324069
2025-08-15,39637833.696427725,14835057.261624714,6,819455.8582902607
2025-08-18,40156420.141630545,2794193.733029742,9,826682.5484558817
2025-08-19,40429885.48277129,629.5588087025099,10,823554.7500403472
2025-08-20,40127290.62968005,629.5588087025099,10,832920.5305926773
2025-08-21,39690188.47559661,52368.80598038435,10,836171.1557953059
2025-08-22,39804515.34290312,1080591.9704556349,10,853707.4884826083
2025-08-25,40543562.14716433,1080591.9704556349,10,871495.3780470446
2025-08-26,40639004.59494589,1080591.9704556349,10,868252.4652240708
2025-08-27,40752128.63179515,7876510.779190768,8,855292.8109671944
2025-08-28,40849108.73063435,19681516.829320084,5,870434.4973789812
2025-08-29,41041439.76731076,27855519.33289542,3,876865.5746508363
2025-09-01,41250464.525196694,27855519.33289542,3,882120.847276316
2025-09-02,41112865.49729433,23743765.107754134,4,875635.2120594957
2025-09-03,41287932.06614485,19614458.415462874,5,869664.3067737069
2025-09-04,41358379.310095,28353957.997953575,3,851213.4382026537
2025-09-05,41912748.01280629,19974784.129024856,5,869761.806486873
2025-09-08,42021212.73875596,401.46060348907486,10,871173.5528219454
2025-09-09,42221470.828679815,401.46060348907486,10,865068.1093577349
2025-09-10,41574889.08400895,401.46060348907486,10,866844.6226861076
2025-09-11,41659706.31802465,613371.5689935815,10,886865.1985533099
2025-09-12,41740453.57842747,313.11273876577616,10,881787.4058744529
2025-09-15,41936345.09072262,12413496.632623257,7,883944.1109554353
2025-09-16,42141101.72586399,12413496.632623257,7,882048.6746370778
2025-09-17,42116268.053551875,3990684.4427311076,9,887446.2930351975
2025-09-18,41751889.3121108,20110687.153659716,5,877128.8429192976
2025-09-19,41703453.00205468,24162503.825695504,4,877871.8021593711
2025-09-22,41455649.75304705,20016715.331650794,5,881906.3288644378
2025-09-23,41688860.80904549,28105657.584100425,3,881354.4652535873
2025-09-24,41564442.19492677,24189925.685393844,4,890380.9963156724
2025-09-25,41344022.9568379,16396258.633412607,6,895727.9605659363
2025-09-26,41465642.403115,3953986.328066547,9,887257.1016972472
2025-09-29,41610908.49294282,279.78653527004644,10,900907.061540505
2025-09-30,41610290.89777201,558.9299890352413,10,904931.8763600806
2025-10-09,42256238.13492983,558.9299890352413,10,918345.8945146415
2025-10-10,42426182.47517203,2186.6919860676862,10,900279.2167078708
2025-10-13,42071447.87234228,4126717.826642211,9,895823.460773266
2025-10-14,42591748.018922955,8323118.865575941,8,885114.1075134288
2025-10-15,42736861.64425789,4049295.3733342728,9,898223.9151371637
2025-10-16,42779391.55109621,202.5989840105176,10,900589.2353270787
2025-10-17,42261577.655619204,16479039.297455367,6,880272.2565232688
2025-10-20,42518024.6328405,24846429.330640182,4,884950.3384639701
2025-10-21,42415872.28865276,20604549.855371818,5,898532.0294650989
2025-10-22,42474518.75786129,16825692.56557766,6,895548.4811134771
2025-10-23,42538910.88746148,305.2934940424748,10,898235.6265284913
2025-10-24,42428466.52081567,305.2934940424748,10,908829.9605954528
2025-10-27,42625822.3549183,305.2934940424748,10,919621.1983800194
2025-10-28,42252633.86873747,4102797.573609601,9,914931.5002625542
2025-10-29,42238538.96322204,17051045.86811019,6,925826.0458486688
2025-10-30,41916123.7352905,12716407.472568478,7,918429.7785452071
2025-10-31,42217336.39166981,8536592.316133084,8,904927.9725629713
2025-11-03,42413599.48929302,12592934.604964174,7,907410.3114515983
2025-11-04,42560827.78876315,16728975.57905208,6,900643.8884866073
2025-11-05,42694771.82066928,20857523.53404056,5,902312.9997871955
2025-11-06,43044213.14275262,20671674.89211556,5,915210.2885048885
2025-11-07,43153990.792990364,340.60926500800997,10,912361.3735462521
2025-11-10,43530203.809500374,340.60926500800997,10,915532.0185154241
2025-11-11,43578673.04673368,44.25840550893918,10,907170.4659657923
2025-11-12,43410663.29416412,4310124.39216751,9,905949.8152599429
2025-11-13,43451081.3245932,9520497.092167512,8,916900.918296859
2025-11-14,43215813.50982827,22320608.618718807,5,902484.6716454362
2025-11-17,42920218.94491996,26603699.747169867,4,896617.0741611954
2025-11-18,42694575.376191795,25659066.019406974,4,890794.4179509921
2025-11-19,42651277.25264138,25659066.019406974,4,894713.9254631832
2025-11-20,42567112.35357775,34015004.96365084,2,890162.6693212487
2025-11-21,42277360.48163361,42277360.48163361,0,868451.3684475123
2025-11-24,42271031.06644387,38051420.93994851,1,867367.1602113573
2025-11-25,42206470.15072655,25388680.1261599,4,875627.4044652774
2025-11-26,42151230.69049086,16959379.127418652,6,880935.2355298857
2025-11-27,42025693.182255216,4348123.763729517,9,880500.3906177473
2025-11-28,42231850.728961796,2673.9673345959745,10,882696.1336698215
2025-12-01,42747241.27127823,2673.9673345959745,10,892412.9703182881
2025-12-02,42331732.34793839,2673.9673345959745,10,888091.752562105
2025-12-03,42097330.788438454,8186468.436830179,8,883552.1125969343
2025-12-04,42193564.96122403,16514315.894680446,6,886578.5075021934
2025-12-05,42608977.646999784,16514315.894680446,6,893982.6776144372
2025-12-08,42342425.23822655,12279449.166582722,7,901238.5986510952
2025-12-09,42354612.793282166,20499070.264366765,5,896650.3040439053
2025-12-10,42281803.69374661,28947858.219503444,3,895404.2310495644
2025-12-11,42006021.843852565,37586013.74525027,1,887674.427129676
2025-12-12,42002790.76990084,37586013.74525027,1,893282.6601425648
2025-12-15,41834857.92936387,41834857.92936387,0,887649.1000557481
2025-12-16,41834857.92936387,41834857.92936387,0,877021.6313206402
2025-12-17,41834857.92936387,41834857.92936387,0,893073.9498190685
2025-12-18,41834857.92936387,41834857.92936387,0,887791.4458283881
2025-12-19,41828592.1098886,37651379.12637572,1,890792.5136597194
2025-12-22,41828592.1098886,37651379.12637572,1,899263.2773138448
2025-12-23,41765923.32422118,37651379.12637572,1,901039.6954276538
2025-12-24,41789694.04394011,37651379.12637572,1,903639.053014993
2025-12-25,41802659.92853026,37651379.12637572,1,905292.6443417079
2025-12-26,41809143.076914355,37651379.12637572,1,908159.1739946175
2025-12-29,41757593.70003724,41757593.70003724,0,904674.5113945649
2025-12-30,41751372.92398743,37604188.89078431,1,906996.8898162787
2025-12-31,41780340.99039368,37604188.89078431,1,902835.6325270088
2026-01-05,42051388.89078431,37604188.89078431,1,919958.5435789917
2026-01-06,42079540.99039368,37604188.89078431,1,934181.7903099187
2026-01-07,42003788.89078431,37604188.89078431,1,931447.8945441579
2026-01-08,42030988.89078431,37604188.89078431,1,923839.0131200907
2026-01-09,42248588.89078431,37604188.89078431,1,927986.6547267603
2026-01-12,42772052.75797181,37604188.89078431,1,934031.6369430602
2026-01-13,42660533.006995246,37604188.89078431,1,928398.0768562437
2026-01-14,42609804.85758118,37604188.89078431,1,924673.6639849484
2026-01-15,42504540.99039368,37604188.89078431,1,926526.158535105
2026-01-16,42401725.89082093,42401725.89082093,0,922711.9583302984
