signal_date,entry_date,exit_date,ticker,entry_price,exit_price,return,stage1_prob,stage2_prob,exit_reason
2016-03-03,2016-03-03,2016-03-10,000425_SZ,2.6821151102781298,2.6359894275665283,-0.018671706766440033,0.8459297459570636,0.5681818181818181,trend_exit
2016-03-03,2016-03-03,2016-03-10,002352_SZ,9.877992122650147,9.778054237365724,-0.011602050823434351,0.8135295693310542,0.5681818181818181,trend_exit
2016-03-03,2016-03-03,2016-03-10,600809_SS,10.070904195785523,9.906662940979004,-0.017784028696543275,0.8094813800190794,0.5681818181818181,trend_exit
2016-03-03,2016-03-03,2016-03-10,601012_SS,3.1023552651405337,3.092162847518921,-0.004780452470912966,0.7957191385068945,0.5681818181818181,trend_exit
2016-03-03,2016-03-03,2016-03-11,000538_SZ,30.877990855216982,30.847972869873047,-0.002470690046073809,0.9516520756835856,0.7872340425531915,trend_exit
2016-03-03,2016-03-03,2016-03-11,600741_SS,8.653724427700043,8.634354591369629,-0.003734966197214473,0.9223870902147564,0.7872340425531915,trend_exit
2016-03-03,2016-03-03,2016-03-11,601998_SS,3.4881715317964557,3.5692503452301025,0.02170906368151071,0.7972303977893476,0.5681818181818181,trend_exit
2016-03-03,2016-03-03,2016-03-11,600487_SS,6.9531483428478245,7.049545764923096,0.012343056583305367,0.7589828881567348,0.5681818181818181,trend_exit
2016-03-14,2016-03-14,2016-03-16,603939_SS,9.625995354652405,9.309304237365724,-0.034350221609333986,0.8500144944095791,0.5013642564802182,trend_exit
2016-03-03,2016-03-03,2016-03-23,603288_SS,11.163128648281099,12.569879531860352,0.1243285917425283,0.9116458446224904,0.7872340425531915,trend_exit
2016-03-11,2016-03-11,2016-03-25,300015_SZ,3.1194642966985704,3.2714831829071045,0.04715927077282678,0.7796492824158361,0.5681818181818181,trend_exit
2016-03-14,2016-03-14,2016-03-25,300373_SZ,13.007050208568574,14.395089149475098,0.10505428096849712,0.7403029817854572,0.5013642564802182,trend_exit
2016-03-16,2016-03-16,2016-03-25,000661_SZ,36.83694527244568,39.845272064208984,0.08004352320366093,0.8998656355821274,0.7872340425531915,trend_exit
2016-03-14,2016-03-14,2016-03-28,300316_SZ,5.976556521654129,7.09584379196167,0.18549870658844858,0.9062331249027987,0.7872340425531915,trend_exit
2016-03-14,2016-03-14,2016-03-28,300122_SZ,7.3804512591362,9.403783798217772,0.27223631629529965,0.8245552778185774,0.5681818181818181,trend_exit
2016-03-15,2016-03-15,2016-03-28,002179_SZ,12.153095757484436,13.220666885375977,0.08621178903475935,0.7926487161862281,0.5681818181818181,trend_exit
2016-03-14,2016-03-14,2016-03-29,600885_SS,6.636743125677109,7.290468692779541,0.0968532082515523,0.9339334209766615,0.7872340425531915,trend_exit
2016-03-03,2016-03-03,2016-04-01,000568_SZ,16.68986470222473,19.152860641479492,0.14585298872842611,0.7296230682893159,0.5681818181818181,trend_exit
2016-03-30,2016-03-30,2016-04-07,300015_SZ,3.3739085208177566,3.3140132427215576,-0.01922586150751926,0.809165298727306,0.5681818181818181,trend_exit
2016-03-31,2016-03-31,2016-04-08,601100_SS,5.0867335863113405,4.995921611785889,-0.019325929946022113,0.9436098401048083,0.7872340425531915,trend_exit
2016-03-31,2016-03-31,2016-04-08,600886_SS,5.262068387746811,5.086661338806152,-0.034784238337739026,0.8800782324100475,0.7872340425531915,trend_exit
2016-03-31,2016-03-31,2016-04-08,601088_SS,6.798789076089859,6.822403907775879,0.001968177814401617,0.8927398515699623,0.5681818181818181,trend_exit
2016-03-31,2016-03-31,2016-04-08,601006_SS,3.7436164669990544,3.705363750457764,-0.011702791285693959,0.8693426032466449,0.5681818181818181,trend_exit
2016-03-31,2016-03-31,2016-04-08,002179_SZ,13.983687874794006,13.669818878173828,-0.023911698253802904,0.7268022507454069,0.5663716814159293,trend_exit
2016-04-01,2016-04-01,2016-04-11,601111_SS,6.744926416873932,6.772554397583008,0.002589968819970867,0.7682067307256255,0.5663716814159293,trend_exit
2016-04-07,2016-04-07,2016-04-11,002475_SZ,5.6233114786148075,5.601274490356445,-0.005412984877265714,0.7446808080892547,0.5681818181818181,trend_exit
2016-03-14,2016-03-14,2016-04-12,300476_SZ,7.850408679485321,11.531006813049316,0.4666383334815878,0.7351989250770394,0.5681818181818181,trend_exit
2016-03-30,2016-03-30,2016-04-12,600028_SS,2.5728339260816577,2.683037281036377,0.0412692004551074,0.9323282108071511,0.5681818181818181,trend_exit
2016-03-31,2016-03-31,2016-04-13,600487_SS,7.808921313524246,7.977468967437744,0.020051610737984893,0.7750447683043796,0.5681818181818181,trend_exit
2016-04-13,2016-04-13,2016-04-18,002475_SZ,5.59798973941803,5.443739414215088,-0.029013260453233602,0.7910929889934089,0.5681818181818181,trend_exit
2016-04-14,2016-04-14,2016-04-18,600886_SS,5.239188851594926,5.063816547393799,-0.03492296884211721,0.9301493444489715,0.7872340425531915,trend_exit
2016-04-13,2016-04-13,2016-04-19,601988_SS,1.9715029111504554,1.9455262422561648,-0.01465631021605407,0.8938350197181337,0.7872340425531915,trend_exit
2016-04-14,2016-04-14,2016-04-19,002304_SZ,48.7323824005127,47.08926773071289,-0.035166525562227546,0.827757990051851,0.5681818181818181,trend_exit
2016-04-15,2016-04-15,2016-04-19,600690_SS,6.654963660478592,6.581785678863525,-0.012479506180712807,0.8077842881544416,0.7601711744656207,trend_exit
2016-04-15,2016-04-15,2016-04-19,600809_SS,10.898736529827119,10.664888381958008,-0.02292426096899236,0.7772543930033766,0.7439688715953306,trend_exit
2016-04-14,2016-04-14,2016-04-20,601009_SS,4.036712828397751,3.980875015258789,-0.015311747030165468,0.7961987217611612,0.5681818181818181,trend_exit
2016-04-19,2016-04-19,2016-04-21,600183_SS,4.617895548820496,4.326416015625,-0.06452488023360348,0.7242110806808348,0.7439688715953306,trend_exit
2016-04-15,2016-04-15,2016-04-22,600900_SS,8.41124241399765,8.45349407196045,0.003515701414769312,0.7677588340171723,0.7439688715953306,trend_exit
2016-04-26,2016-04-26,2016-04-28,000999_SZ,11.027722481727599,10.65915870666504,-0.03487143548994276,0.7121680140834232,0.7180851063829787,trend_exit
2016-04-12,2016-04-12,2016-04-29,600036_SS,10.823011998653412,11.775367736816406,0.08636160494639245,0.7272365686286276,0.5681818181818181,trend_exit
2016-04-14,2016-04-14,2016-05-06,000895_SZ,11.592090104103088,12.00129508972168,0.03374741219838695,0.8115359109115985,0.5681818181818181,trend_exit
2016-04-26,2016-04-26,2016-05-06,600183_SS,4.480678503513336,4.516125202178955,0.006399144870552265,0.7543421863125821,0.7439688715953306,trend_exit
2016-04-26,2016-04-26,2016-05-06,600406_SS,6.780877517700196,6.4804792404174805,-0.04573434564093426,0.6728863246370946,0.6822429906542056,trend_exit
2016-04-27,2016-04-27,2016-05-06,601668_SS,2.6931394077539443,2.6454203128814697,-0.019192183365250748,0.7742882720463604,0.7439688715953306,trend_exit
2016-04-25,2016-04-25,2016-05-09,600176_SS,4.695292946100235,4.6510515213012695,-0.010908371994862942,0.7480389788901909,0.7439688715953306,trend_exit
2016-04-26,2016-04-26,2016-05-09,600377_SS,5.178095093727112,5.21469259262085,0.005557151710030572,0.7187996389714703,0.7439688715953306,trend_exit
2016-04-27,2016-04-27,2016-05-09,600161_SS,7.313673194885254,7.488012790679932,0.02230173160084936,0.8221036067212697,0.7439688715953306,trend_exit
2016-04-28,2016-04-28,2016-05-09,601939_SS,2.7743892203569414,2.7407631874084473,-0.013601976771215774,0.8198966908459513,0.7439688715953306,trend_exit
2016-04-29,2016-04-29,2016-05-09,600690_SS,6.591658357381821,6.518576145172119,-0.01257044463396173,0.7937574592905074,0.7439688715953306,trend_exit
2016-04-26,2016-04-26,2016-05-11,600809_SS,10.736904522895813,12.920923233032228,0.20160720631080475,0.6649208463834486,0.6889952153110048,trend_exit
2016-05-16,2016-05-16,2016-05-18,601888_SS,19.358211737632754,19.113998413085938,-0.014096566659406395,0.7387178034618719,0.7439688715953306,trend_exit
2016-05-11,2016-05-11,2016-05-19,002050_SZ,3.9889571094512943,3.947145462036133,-0.01196612655852336,0.7213230986912054,0.7439688715953306,trend_exit
2016-05-16,2016-05-16,2016-05-19,002185_SZ,4.446379256486893,4.290065765380859,-0.036602498429855745,0.6961994768553244,0.7439688715953306,trend_exit
2016-05-16,2016-05-16,2016-05-19,601088_SS,6.692406635046005,6.523049354553223,-0.02676792733820199,0.6421768345344085,0.7439688715953306,trend_exit
2016-05-17,2016-05-17,2016-05-19,601231_SS,7.398943521261216,7.177263259887695,-0.03141612793710424,0.8002628279817988,0.7439688715953306,trend_exit
2016-05-13,2016-05-13,2016-05-23,600309_SS,9.81900198316574,9.9420166015625,0.011009427809440586,0.6208048652122209,0.7180851063829787,trend_exit
2016-05-17,2016-05-17,2016-05-24,002128_SZ,4.960028902292252,4.821906566619873,-0.029305312203953715,0.8035403585636633,0.7439688715953306,trend_exit
2016-05-19,2016-05-19,2016-05-24,600282_SS,1.414303828060627,1.3942341804504397,-0.015669192461460923,0.7068999173457841,0.7439688715953306,trend_exit
2016-05-18,2016-05-18,2016-05-25,601998_SS,3.420259996891022,3.38431453704834,-0.011993805057376572,0.6453633761218722,0.6816143497757846,trend_exit
2016-05-19,2016-05-19,2016-05-25,000725_SZ,1.9990402547717097,1.978764295578003,-0.011627632600989313,0.739436752180253,0.6241180243745992,trend_exit
2016-05-16,2016-05-16,2016-05-26,600346_SS,3.4870774592161182,3.487553596496582,-0.0013636614528631519,0.7381209546970511,0.6091549295774646,trend_exit
2016-05-20,2016-05-20,2016-05-26,601988_SS,1.867739606320858,1.8591862916946411,-0.006072631337566858,0.7241139428242257,0.7439688715953306,trend_exit
2016-05-23,2016-05-23,2016-05-26,601155_SS,7.584345605134964,7.37413215637207,-0.02917517983985829,0.7583345518356673,0.8333333333333334,trend_exit
2016-05-16,2016-05-16,2016-05-30,600741_SS,9.135200412273408,9.153568267822266,0.0005076520424109887,0.657026823116986,0.7439688715953306,trend_exit
2016-05-25,2016-05-25,2016-05-30,000157_SZ,2.647561566591263,2.61761474609375,-0.012794128395006488,0.7169576570103643,0.7439688715953306,trend_exit
2016-05-27,2016-05-27,2016-05-31,600188_SS,2.261886894226074,2.2830216884613037,0.0078298617617647,0.6612858068094243,0.7439688715953306,trend_exit
2016-05-26,2016-05-26,2016-06-07,000425_SZ,2.6315086421966556,2.6696763038635254,0.012982342776027167,0.6173841388000647,0.7180851063829787,trend_exit
2016-05-27,2016-05-27,2016-06-07,601006_SS,3.4548075711727146,3.5094847679138184,0.014302669127374878,0.7490171899695315,0.7439688715953306,trend_exit
2016-05-27,2016-05-27,2016-06-07,601998_SS,3.420259996891022,3.51993465423584,0.027598707539563838,0.7247033753607177,0.7439688715953306,trend_exit
2016-05-20,2016-05-20,2016-06-08,601818_SS,2.053643717169762,2.149320602416992,0.045018959993225804,0.701508753439942,0.7439688715953306,trend_exit
2016-05-26,2016-05-26,2016-06-08,000063_SZ,12.067235653877258,12.530041694641112,0.036794754901403603,0.7374179707985475,0.7439688715953306,trend_exit
2016-05-27,2016-05-27,2016-06-08,600031_SS,4.167058372020722,4.24538516998291,0.017268469453265434,0.752408600608945,0.7439688715953306,trend_exit
2016-05-31,2016-05-31,2016-06-08,600282_SS,1.4382752878069875,1.436121106147766,-0.0029955067398901303,0.8660735226403826,0.6666666666666666,trend_exit
2016-05-16,2016-05-16,2016-06-13,601939_SS,2.7743892203569414,2.870433807373047,0.03306635407603098,0.7509038524016917,0.7439688715953306,trend_exit
2016-05-31,2016-05-31,2016-06-22,601899_SS,2.5148571528196335,2.683420181274414,0.06542633962266642,0.9019215734210331,0.8333333333333334,trend_exit
2016-05-31,2016-05-31,2016-06-24,300316_SZ,6.154607163667679,9.599940299987791,0.557457711699922,0.8191702119517522,0.6551724137931034,trend_exit
2016-06-16,2016-06-16,2016-06-24,600362_SS,11.18552394628525,10.917032241821287,-0.025467493002086727,0.707782393289533,0.47588832487309646,trend_exit
2016-06-22,2016-06-22,2016-06-24,600019_SS,3.059478699207306,2.9878227710723877,-0.024885828527341558,0.7839304512300491,0.47944199706314233,trend_exit
2016-06-17,2016-06-17,2016-06-30,601225_SS,2.7250052864551546,3.058081865310669,0.12054635552097093,0.7500115672141391,0.47944199706314233,trend_exit
2016-06-20,2016-06-20,2016-06-30,601155_SS,7.584345605134964,7.672411918640137,0.010094172867779028,0.8683557635714145,0.5497630331753555,trend_exit
2016-06-17,2016-06-17,2016-07-01,600188_SS,2.279079019904137,2.7637276649475098,0.21083211654774603,0.7390546229505834,0.47944199706314233,trend_exit
2016-06-20,2016-06-20,2016-07-01,601699_SS,3.9029742748737344,4.183682441711426,0.07031372072879027,0.8453942314149728,0.47944199706314233,trend_exit
2016-06-17,2016-06-17,2016-07-14,001872_SZ,11.55916573047638,12.788798332214355,0.10471771341146496,0.8581071254871415,0.47944199706314233,trend_exit
2016-06-28,2016-06-28,2016-07-15,600760_SS,4.0730626854896546,4.452202796936035,0.09144514484834154,0.8913718937130604,0.4796747967479673,trend_exit
2016-07-11,2016-07-11,2016-07-15,002648_SZ,3.067666812896729,2.9851973056793213,-0.028343137791363993,0.8289285932499425,0.47944199706314233,trend_exit
2016-06-17,2016-06-17,2016-07-18,000933_SZ,3.194039120435715,3.97271990776062,0.24192618760344242,0.8136003298174752,0.5497630331753555,trend_exit
2016-06-20,2016-06-20,2016-07-19,601117_SS,4.312297342777253,4.615047454833984,0.06860091439890326,0.8951090650185218,0.47944199706314233,trend_exit
2016-06-29,2016-06-29,2016-07-20,600690_SS,6.987317218065262,8.05932903289795,0.15169238610535363,0.8482305000694825,0.47944199706314233,trend_exit
2016-07-01,2016-07-01,2016-07-20,601111_SS,6.5057323515415195,7.463680267333984,0.14552587537160733,0.8679563059844888,0.47588832487309646,trend_exit
2016-07-14,2016-07-14,2016-07-20,601006_SS,3.5730958714485173,3.544387102127075,-0.009522652399707066,0.749005990992426,0.8317757009345794,trend_exit
2016-07-18,2016-07-18,2016-07-20,601398_SS,2.703831328749657,2.662457227706909,-0.016779074346064182,0.6700870088241628,0.5078864353312302,trend_exit
2016-07-04,2016-07-04,2016-07-21,600426_SS,4.494118261098862,4.913087844848633,0.0915863642364092,0.8180915264839885,0.47944199706314233,trend_exit
2016-07-25,2016-07-25,2016-07-28,600031_SS,4.522781912088394,4.439894676208496,-0.019799114711870458,0.768565208588922,0.8446969696969697,trend_exit
2016-07-25,2016-07-25,2016-08-02,600346_SS,3.55556444478035,3.6015260219573975,0.01140727127127561,0.8280733067772386,0.7887120187799502,trend_exit
2016-07-26,2016-07-26,2016-08-02,000963_SZ,16.830983350753787,16.74504280090332,-0.006598432886385619,0.7638443572323281,0.5749588138385504,trend_exit
2016-07-29,2016-07-29,2016-08-02,002304_SZ,54.35663561248779,53.33406829833984,-0.020283970929616535,0.6736195213669952,0.8446969696969697,trend_exit
2016-07-26,2016-07-26,2016-08-04,601988_SS,2.0430059983730318,2.0156607627868652,-0.014864727149372592,0.6988628161170134,0.5029354207436398,trend_exit
2016-07-27,2016-07-27,2016-08-04,601006_SS,3.549703682780266,3.5735831260681152,0.00521707450922837,0.6962762043826545,0.6594202898550725,trend_exit
2016-07-12,2016-07-12,2016-08-10,000338_SZ,2.911612473845482,3.2910921573638916,0.12863767024177175,0.9017995734419249,0.4796747967479673,trend_exit
2016-08-03,2016-08-03,2016-08-12,002050_SZ,4.672337001562119,4.831034183502197,0.03241432084504825,0.7600304837401932,0.7311233885819522,trend_exit
2016-08-04,2016-08-04,2016-08-12,600803_SS,8.295264034748078,8.28283977508545,-0.0029955067398902413,0.8277232106786734,0.6594202898550725,trend_exit
2016-06-28,2016-06-28,2016-08-16,600161_SS,7.5456380717754366,11.327388763427734,0.49893190909716334,0.785365195311341,0.47944199706314233,trend_exit
2016-07-26,2016-07-26,2016-08-18,601398_SS,2.6851413599252703,2.755767822265625,0.024763243976401617,0.7798417256039001,0.5749588138385504,trend_exit
2016-07-26,2016-07-26,2016-08-18,601288_SS,1.894240303039551,1.927776575088501,0.01617778226824984,0.7141722935982462,0.5029354207436398,trend_exit
2016-07-26,2016-07-26,2016-08-22,601668_SS,2.807219516158104,3.2164089679718018,0.14404460927770435,0.7728831590825086,0.8210526315789474,trend_exit
2016-08-03,2016-08-03,2016-08-22,600282_SS,1.4562535841464996,1.5617815256118774,0.07085666280947645,0.8566279116839097,0.8210526315789474,trend_exit
2016-08-04,2016-08-04,2016-08-22,000425_SZ,2.6146407746076585,2.720206499099731,0.03881428597343417,0.7656807681972319,1.0,trend_exit
2016-08-04,2016-08-04,2016-08-22,000301_SZ,3.916078313112259,4.100292205810547,0.04546984001656962,0.8952398998070719,0.8210526315789474,trend_exit
2016-08-12,2016-08-12,2016-08-22,002032_SZ,22.066497436523438,21.920743942260746,-0.008095286109177202,0.7135711004397494,0.8446969696969697,trend_exit
2016-08-15,2016-08-15,2016-08-25,600346_SS,3.7438998943567277,3.789580583572388,0.010683062974143454,0.8921044550966932,0.8210526315789474,trend_exit
2016-08-24,2016-08-24,2016-08-26,000661_SZ,47.93198163223268,46.383846282958984,-0.03375014058693282,0.7569175413669065,0.5609990393852066,trend_exit
2016-08-16,2016-08-16,2016-08-30,300316_SZ,8.663628864765167,8.886190414428711,0.02415064949202117,0.7689835364603956,0.7717149220489977,trend_exit
2016-08-15,2016-08-15,2016-08-31,601100_SS,5.360688214302063,5.475911617279053,0.019961902515720942,0.8472953244580472,0.8446969696969697,trend_exit
2016-08-25,2016-08-25,2016-08-31,002384_SZ,11.240538939476014,11.064093589782717,-0.017173686343456507,0.8077922877612715,0.8712871287128713,trend_exit
2016-08-26,2016-08-26,2016-08-31,600282_SS,1.6000812681317331,1.5617815256118774,-0.025400219112450273,0.7285028734989731,0.5945945945945946,trend_exit
2016-08-26,2016-08-26,2016-08-31,002422_SZ,13.661710576057434,13.357951164245604,-0.02370100996910751,0.724927081433218,0.5609990393852066,trend_exit
2016-08-25,2016-08-25,2016-09-01,300408_SZ,15.468965662002564,15.244370460510254,-0.01599730470608851,0.7627692261958865,0.5609990393852066,trend_exit
2016-08-29,2016-08-29,2016-09-01,000338_SZ,3.22004901266098,3.1610372066497803,-0.019798879324662844,0.7989668534841745,0.8712871287128713,trend_exit
2016-08-30,2016-08-30,2016-09-02,600600_SS,25.965099719047547,25.69075584411621,-0.012050021455068172,0.7646571391112864,0.8712871287128713,trend_exit
2016-08-26,2016-08-26,2016-09-05,600760_SS,4.756789758205414,4.749665260314941,-0.0029955067398902413,0.8029571297336477,0.5945945945945946,trend_exit
2016-09-02,2016-09-02,2016-09-09,601006_SS,3.719294722557068,3.690366983413696,-0.00926608192931766,0.6602338335855423,0.5748613678373382,trend_exit
2016-08-25,2016-08-25,2016-09-12,600132_SS,12.208816573143007,12.898016929626465,0.05486636047613036,0.7937840467547842,0.5609990393852066,trend_exit
2016-08-31,2016-08-31,2016-09-12,600741_SS,10.700205574989317,10.528550148010254,-0.017518191672804773,0.8208528541468122,0.5748613678373382,trend_exit
2016-09-05,2016-09-05,2016-09-12,002128_SZ,5.7933301665782935,5.498561382293701,-0.05230439447524238,0.7126272143244359,0.5945945945945946,trend_exit
2016-09-05,2016-09-05,2016-09-12,600585_SS,11.669721024513244,11.659012794494627,-0.00241623164350957,0.7812724729099907,0.5609990393852066,trend_exit
2016-09-05,2016-09-05,2016-09-12,002028_SZ,10.540244618415835,10.449015617370604,-0.010142319115109322,0.7067610514110932,0.4745762711864407,trend_exit
2016-09-06,2016-09-06,2016-09-12,000963_SZ,16.492805563926698,16.237319946289062,-0.01696749509793183,0.8214202229030699,0.8712871287128713,trend_exit
2016-08-26,2016-08-26,2016-09-13,601601_SS,19.5786652135849,20.94308853149414,0.06808475810634285,0.6998297056755204,0.5609990393852066,trend_exit
2016-09-01,2016-09-01,2016-09-13,600703_SS,10.94088435077667,11.827037811279297,0.07937319104593787,0.7666366365979485,0.5945945945945946,trend_exit
2016-09-05,2016-09-05,2016-09-14,600031_SS,4.505594323158264,4.668294906616211,0.034556626702442195,0.8497413640901608,0.9714285714285714,trend_exit
2016-09-20,2016-09-20,2016-09-26,300124_SZ,11.698985436439514,11.405719757080078,-0.02653001498987384,0.8141973757599412,0.8712871287128713,trend_exit
2016-09-21,2016-09-21,2016-09-26,000063_SZ,13.679816498279575,13.400908470153809,-0.021857704806829914,0.7582234610563992,0.5945945945945946,trend_exit
2016-09-21,2016-09-21,2016-09-26,002648_SZ,3.132659547448158,3.0176455974578857,-0.03815940308094945,0.748832472964696,0.5906040268456376,trend_exit
2016-09-19,2016-09-19,2016-09-27,001872_SZ,12.88776430130005,13.024348258972168,0.009082058962845307,0.7416208846248453,0.5906040268456376,trend_exit
2016-09-20,2016-09-20,2016-09-27,000725_SZ,2.0686109261512757,2.0568342208862305,-0.007184510343869022,0.7834035964845868,0.8712871287128713,trend_exit
2016-09-20,2016-09-20,2016-09-27,600438_SS,5.000376828193665,4.97654390335083,-0.0062590764202798965,0.7537669359388064,0.5906040268456376,trend_exit
2016-09-20,2016-09-20,2016-09-27,600196_SS,21.43843196296692,21.197874069213867,-0.012704040357398472,0.7387542049849851,0.4745762711864407,trend_exit
2016-09-21,2016-09-21,2016-09-27,002128_SZ,5.625610893487931,5.596251487731934,-0.0067110547996304115,0.8164339051369986,0.8712871287128713,trend_exit
2016-09-20,2016-09-20,2016-09-28,000661_SZ,47.56119847679138,47.192867279052734,-0.009232746707833805,0.775912575353108,0.5609990393852066,trend_exit
2016-09-21,2016-09-21,2016-09-28,600276_SS,15.764495152950287,15.816787719726562,0.0018121344781116822,0.6857285794752651,0.5748613678373382,trend_exit
2016-09-29,2016-09-29,2016-10-14,600803_SS,8.280370130062103,8.587682723999023,0.03555771846260636,0.7090228457213543,0.5609990393852066,trend_exit
2016-09-30,2016-09-30,2016-10-14,600346_SS,4.21759440112114,4.165688991546631,-0.013788415274444077,0.7239092285724704,0.5609990393852066,trend_exit
2016-09-29,2016-09-29,2016-10-17,600030_SS,12.56713656568527,12.602704048156738,0.001325952520061957,0.6927592272466634,0.8712871287128713,trend_exit
2016-09-29,2016-09-29,2016-10-17,000963_SZ,16.760425936698915,16.983110427856445,0.011766397003308393,0.6702345634366584,0.5609990393852066,trend_exit
2016-09-30,2016-09-30,2016-10-17,000063_SZ,13.661329489231111,13.594721794128418,-0.006368324390570113,0.7656025053024371,0.8712871287128713,trend_exit
2016-09-29,2016-09-29,2016-10-19,300124_SZ,11.799405158042909,12.778165817260742,0.08132557511493266,0.7946688274480633,0.5609990393852066,trend_exit
2016-10-18,2016-10-18,2016-10-21,002304_SZ,52.31948488426209,51.77814483642578,-0.011831295098953531,0.8034691508515823,0.4878048780487805,trend_exit
2016-10-18,2016-10-18,2016-10-25,601155_SS,9.70862529373169,9.54494571685791,-0.018333903108196825,0.7998952025700328,0.6061776061776061,trend_exit
2016-09-30,2016-09-30,2016-10-27,002648_SZ,3.0871650391817096,3.5076074600219727,0.1344861723882047,0.7893343746819708,0.8712871287128713,trend_exit
2016-10-18,2016-10-18,2016-10-27,601888_SS,20.425111585617067,20.48522186279297,0.001438545109462508,0.8820308392360341,0.6666666666666666,trend_exit
2016-10-10,2016-10-10,2016-10-28,601117_SS,4.581284470558167,4.834425449371338,0.05367257637444989,0.8043643029873402,0.8712871287128713,trend_exit
2016-10-18,2016-10-18,2016-10-28,600282_SS,1.5521383486390115,1.5498136281967163,-0.0029955067398901303,0.8474688827024841,0.49692307692307686,trend_exit
2016-10-10,2016-10-10,2016-11-01,600031_SS,4.683781067609787,4.99871826171875,0.06563908779649186,0.8244079357657197,0.8712871287128713,trend_exit
2016-10-20,2016-10-20,2016-11-02,600585_SS,11.127257776260377,11.476207733154297,0.029812883997523354,0.9080566263329326,0.6666666666666666,trend_exit
2016-09-30,2016-09-30,2016-11-03,600809_SS,12.317050007343292,14.609707832336426,0.18435772054922528,0.7601601756143992,0.5609990393852066,trend_exit
2016-10-24,2016-10-24,2016-11-08,600346_SS,4.149109086990356,4.7469482421875,0.14237242753777601,0.8027201658814405,0.49692307692307686,trend_exit
2016-11-02,2016-11-02,2016-11-09,600600_SS,27.371220328330995,27.40870475769043,-0.0001325709169548439,0.8189221193819337,0.6061776061776061,trend_exit
2016-11-08,2016-11-08,2016-11-10,603019_SS,16.009687754154207,15.799029350280762,-0.014638445889617935,0.8003138511639195,0.49692307692307686,trend_exit
2016-11-02,2016-11-02,2016-11-16,002028_SZ,10.65358022260666,11.090290069580078,0.03943035140221318,0.804130305676244,0.4861612515042118,trend_exit
2016-10-21,2016-10-21,2016-11-18,601100_SS,6.123351835727692,6.866899490356445,0.11974606801375809,0.8864434531704252,0.49692307692307686,trend_exit
2016-11-07,2016-11-07,2016-11-18,600352_SS,7.216050020217896,7.307835102081299,0.01120049458967598,0.8147942438981595,0.6061776061776061,trend_exit
2016-11-10,2016-11-10,2016-11-18,600745_SS,20.963041906356814,20.9217529296875,-0.003466653665459174,0.8674534014700369,0.6666666666666666,trend_exit
2016-11-10,2016-11-10,2016-11-18,002064_SZ,4.195298911571503,4.2239251136779785,0.005313164784153335,0.8138513548007755,0.4861612515042118,trend_exit
2016-11-14,2016-11-14,2016-11-21,002304_SZ,51.45295265769959,51.39105987548828,-0.0027010961440662173,0.7428985129086749,0.6061776061776061,trend_exit
2016-11-11,2016-11-11,2016-11-22,600660_SS,13.25206325006485,13.381900787353516,0.008282837474919091,0.7433108894351003,0.4861612515042118,trend_exit
2016-11-10,2016-11-10,2016-11-30,601155_SS,9.451388820648194,9.58637237548828,0.012760452306583181,0.8056168103126904,0.49692307692307686,trend_exit
2016-11-23,2016-11-23,2016-11-30,600600_SS,27.187809638023378,26.929075241088867,-0.011002284250872463,0.7803200542701958,0.49692307692307686,trend_exit
2016-11-28,2016-11-28,2016-12-01,603369_SS,11.76097747039795,11.647034645080566,-0.01117367817562509,0.6315625897606951,0.4710198872700201,trend_exit
2016-11-25,2016-11-25,2016-12-02,600009_SS,25.446880851745608,25.418163299560547,-0.0026268365668798976,0.7346330629284047,0.6900584795321638,trend_exit
2016-11-28,2016-11-28,2016-12-02,002714_SZ,5.139463968753815,5.035978317260742,-0.02160529184445048,0.6542908165563319,0.4710198872700201,trend_exit
2016-11-30,2016-11-30,2016-12-02,002080_SZ,7.217465008020401,7.040347099304199,-0.026003372258348367,0.6563433153840394,0.5193548387096775,trend_exit
2016-11-07,2016-11-07,2016-12-05,000425_SZ,2.749589684724808,3.0486526489257812,0.10710324775496782,0.8210857307075154,0.49692307692307686,trend_exit
2016-11-08,2016-11-08,2016-12-05,600886_SS,5.219559537172318,5.442138671875,0.041079314292299385,0.8544154831548354,0.49692307692307686,trend_exit
2016-11-22,2016-11-22,2016-12-05,603288_SS,13.006414108753205,12.949399948120115,-0.005876966542517459,0.8069791172590504,0.5333333333333333,trend_exit
2016-11-24,2016-11-24,2016-12-05,600745_SS,21.527736174583435,22.474809646606445,0.04242718556870173,0.7789039998931312,0.4861612515042118,trend_exit
2016-11-25,2016-11-25,2016-12-06,601006_SS,4.198826113700867,4.1866984367370605,-0.004384016894352083,0.6412471504044992,0.6900584795321638,trend_exit
2016-12-06,2016-12-06,2016-12-09,300408_SZ,15.56983046245575,15.345083236694336,-0.015913137346864503,0.6973889501044537,0.5193548387096775,trend_exit
2016-12-07,2016-12-07,2016-12-09,000963_SZ,17.69953657913208,17.437389373779297,-0.016288747907296064,0.6695066582078989,0.4710198872700201,trend_exit
2016-12-01,2016-12-01,2016-12-12,600406_SS,7.531882652044296,7.656633377075195,0.015038175738776749,0.7196106196440166,0.5193548387096775,trend_exit
2016-12-05,2016-12-05,2016-12-12,002601_SZ,8.329037496566773,8.152579307556152,-0.022654125167491546,0.6897545955084827,0.5193548387096775,trend_exit
2016-12-06,2016-12-06,2016-12-12,002179_SZ,14.883408083915711,14.324629783630373,-0.03898739063587642,0.617327208742257,0.4710198872700201,trend_exit
2016-12-08,2016-12-08,2016-12-12,600282_SS,1.731923222243786,1.6874419450759888,-0.027144644451677413,0.680581218037051,0.6900584795321638,trend_exit
2016-12-08,2016-12-08,2016-12-12,002714_SZ,5.139463968753815,5.017635822296143,-0.025168889397327865,0.7074830991546411,0.5193548387096775,trend_exit
2016-12-09,2016-12-09,2016-12-13,603939_SS,11.691024637699128,10.9754056930542,-0.06261915237299409,0.6739828263280044,0.5193548387096775,trend_exit
2016-12-09,2016-12-09,2016-12-13,300347_SZ,18.230383842468264,16.749624252319336,-0.08260297970355401,0.6458669739905304,0.5193548387096775,stoploss
2016-12-08,2016-12-08,2016-12-14,600196_SS,21.03907207107544,20.62692070007324,-0.021060422748466867,0.7342686433214736,0.5634517766497462,trend_exit
2016-12-19,2016-12-19,2016-12-26,002384_SZ,11.713689275264743,11.747220039367676,0.00135823425651882,0.6908165571335313,0.5193548387096775,trend_exit
2016-12-19,2016-12-19,2016-12-26,002241_SZ,12.493635518550873,12.48892593383789,-0.0018763932707120956,0.6139256225926137,0.4710198872700201,trend_exit
2016-12-15,2016-12-15,2016-12-27,600009_SS,25.004571805953976,24.948326110839844,-0.003746042324071497,0.7294955188259882,0.825,trend_exit
2016-12-19,2016-12-19,2016-12-27,002311_SZ,13.747665235042573,13.66339874267578,-0.00762031870064539,0.6220962058552211,0.4710198872700201,trend_exit
2016-12-19,2016-12-19,2016-12-28,000963_SZ,17.2981041097641,17.2940616607666,-0.0017333426425455434,0.6141237537337119,0.4710198872700201,trend_exit
2016-12-20,2016-12-20,2016-12-29,601888_SS,19.239666036605836,19.22899055480957,-0.0020540360499651245,0.7494608708159227,0.825,trend_exit
2016-12-27,2016-12-27,2016-12-29,600845_SS,6.148554664373398,6.015554428100586,-0.02309869158973088,0.6381597186025478,0.4710198872700201,trend_exit
2016-12-19,2016-12-19,2016-12-30,601012_SS,3.668624262452126,3.727150917053222,0.014429367642608826,0.6425492345067529,0.4710198872700201,trend_exit
2016-12-21,2016-12-21,2017-01-03,300347_SZ,16.4378545627594,16.882911682128906,0.02553452156689784,0.7502605417586833,0.825,trend_exit
2016-12-28,2016-12-28,2017-01-05,002601_SZ,7.907695867061616,7.870808124542236,-0.006157793056890348,0.6753096896712032,0.6644295302013423,trend_exit
2016-12-29,2016-12-29,2017-01-05,603019_SS,13.672684730529786,13.490092277526855,-0.014834510954993774,0.6839614602042902,0.5193548387096775,trend_exit
2016-12-20,2016-12-20,2017-01-06,300274_SZ,6.8657075407505035,6.922634124755859,0.0067790002038354835,0.630934504971293,0.5193548387096775,trend_exit
2017-01-05,2017-01-05,2017-01-09,300408_SZ,14.753744007587434,14.658400535583496,-0.007952630379581715,0.743150256909944,0.825,trend_exit
2016-12-13,2016-12-13,2017-01-10,600760_SS,4.996094615697861,10.36246395111084,1.0710016625133316,0.7326067914261067,0.5634517766497462,trend_exit
2016-12-28,2016-12-28,2017-01-10,600600_SS,25.572087453842165,25.76052474975586,0.005857813096386666,0.7222193076429542,0.5634517766497462,trend_exit
2016-12-30,2016-12-30,2017-01-11,002230_SZ,17.678934967994692,18.13465690612793,0.024239014032792383,0.7465079620127882,0.825,trend_exit
2016-12-26,2016-12-26,2017-01-12,603288_SS,12.229538527488707,12.46145248413086,0.017434981494738544,0.7240011275219909,0.5634517766497462,trend_exit
2017-01-03,2017-01-03,2017-01-12,002714_SZ,4.75982030582428,4.752691268920898,-0.0029955067398901303,0.7324963299122846,0.825,trend_exit
2017-01-05,2017-01-05,2017-01-12,000786_SZ,8.751432606697083,8.671171188354492,-0.010657475103418745,0.7349669256702092,0.5634517766497462,trend_exit
2016-12-30,2016-12-30,2017-01-20,601899_SS,2.7904715142250063,2.86971378326416,0.026854851584130923,0.6533520572026896,0.6900584795321638,trend_exit
2017-01-03,2017-01-03,2017-01-26,601225_SS,2.8908757153749467,3.1349782943725586,0.0828123154111462,0.7286706593007317,0.6900584795321638,trend_exit
2017-01-20,2017-01-20,2017-02-06,603369_SS,10.673458819389344,10.69250202178955,0.0002814878867631876,0.7112657826104103,0.4549019607843137,trend_exit
2017-01-23,2017-01-23,2017-02-07,600845_SS,5.877146823406219,5.767974376678467,-0.02004789259705486,0.7082332269357652,0.4549019607843137,trend_exit
2017-01-23,2017-01-23,2017-02-13,002230_SZ,17.53536361026764,19.086023330688477,0.08679778299741625,0.7313383395881309,0.4549019607843137,trend_exit
2017-02-09,2017-02-09,2017-02-13,603019_SS,12.472204876422882,12.2373685836792,-0.020300528104523763,0.7329993252630472,0.4549019607843137,trend_exit
2017-01-23,2017-01-23,2017-02-14,002049_SZ,21.39494795036316,21.80272674560547,0.01753099404560765,0.7193307110812183,0.4549019607843137,trend_exit
2017-02-06,2017-02-06,2017-02-20,300347_SZ,15.446245628356934,15.943560600280762,0.03064820037267313,0.741290333464925,0.4576271186440678,trend_exit
2017-01-23,2017-01-23,2017-02-27,000425_SZ,2.8086299672126773,3.41078519821167,0.21257305525162673,0.688992819808365,0.4576271186440678,trend_exit
2017-02-21,2017-02-21,2017-03-01,603019_SS,12.3885644364357,12.482999801635742,0.006111350987118236,0.7271791410890097,0.4549019607843137,trend_exit
2017-03-06,2017-03-06,2017-03-10,600009_SS,26.115051177024842,25.747051239013672,-0.015570351063582066,0.6905536642108421,0.6790909090909092,trend_exit
2017-03-07,2017-03-07,2017-03-10,603939_SS,10.689143550872803,10.518396377563477,-0.017449926365750823,0.8248637068936941,0.8136645962732919,trend_exit
2017-03-07,2017-03-07,2017-03-10,601006_SS,4.064322521209717,4.02903938293457,-0.010168163853602863,0.7598388054264712,0.6945337620578778,trend_exit
2017-03-03,2017-03-03,2017-03-13,002311_SZ,14.230521346092226,14.54578685760498,0.020620947334928807,0.6532400012763774,0.6945337620578778,trend_exit
2017-03-07,2017-03-07,2017-03-13,600588_SS,8.45939115858078,8.40311336517334,-0.008142721167980205,0.8053240895874632,0.8571428571428571,trend_exit
2017-02-28,2017-02-28,2017-03-16,002384_SZ,12.269960474014283,13.58591365814209,0.10558911875750576,0.6883458286962458,0.6790909090909092,trend_exit
2017-03-03,2017-03-03,2017-03-17,002304_SZ,63.02207249069214,64.70370483398438,0.025143203379661916,0.6368590002723039,0.6945337620578778,trend_exit
2017-03-03,2017-03-03,2017-03-17,601231_SS,8.918427910327912,9.109003067016602,0.019836640926737203,0.6801602338792812,0.6790909090909092,trend_exit
2017-03-06,2017-03-06,2017-03-20,603019_SS,13.072443370819093,13.490092277526855,0.030400878934277786,0.7999591577960794,0.8571428571428571,trend_exit
2017-03-13,2017-03-13,2017-03-20,300015_SZ,3.4316207300424577,3.4129409790039062,-0.006935254324204609,0.7744376188592086,0.7314814814814816,trend_exit
2017-03-16,2017-03-16,2017-03-21,600570_SS,14.17634875535965,13.963574409484863,-0.016486594081614236,0.7841639398479585,0.8136645962732919,trend_exit
2017-03-13,2017-03-13,2017-03-22,300347_SZ,17.19427657413483,17.016193389892578,-0.011841584230032343,0.7862947909959235,0.7727272727272727,trend_exit
2017-03-13,2017-03-13,2017-03-22,600460_SS,6.4970752813816075,6.418540000915527,-0.013569658138346985,0.6350669157553316,0.6945337620578778,trend_exit
2017-03-07,2017-03-07,2017-03-27,002714_SZ,5.415010756492615,5.692224025726318,0.04961669427396287,0.6727000555829971,0.6945337620578778,trend_exit
2017-03-13,2017-03-13,2017-03-27,600745_SS,19.813840675354005,21.772470474243164,0.09720331987798159,0.7844745292071247,0.9166666666666666,trend_exit
2017-03-13,2017-03-13,2017-03-29,600900_SS,9.315597746849061,9.480247497558594,0.016148118838007708,0.7978364118601897,0.7314814814814816,trend_exit
2017-03-21,2017-03-21,2017-03-29,601877_SS,16.71829053211212,16.717947006225586,-0.0015205170855864258,0.6713635853596398,0.7314814814814816,trend_exit
2017-03-22,2017-03-22,2017-03-29,300450_SZ,12.495553369045256,12.427176475524902,-0.006963889926572153,0.6310461882180528,0.5411931818181818,trend_exit
2017-03-23,2017-03-23,2017-03-29,300015_SZ,3.463258099913597,3.443403959274292,-0.007224193478054808,0.8002735652086544,0.8136645962732919,trend_exit
2017-03-23,2017-03-23,2017-03-29,300476_SZ,12.19674977874756,11.841890335083008,-0.03055094889430776,0.6134391386654414,0.6790909090909092,trend_exit
2017-03-27,2017-03-27,2017-03-29,300347_SZ,17.435822585105896,17.24468421936035,-0.012445950916015525,0.7405359578080712,0.7727272727272727,trend_exit
2017-03-27,2017-03-27,2017-03-29,300124_SZ,14.014932219028475,13.793400764465332,-0.01728310575637093,0.6136144131054039,0.6945337620578778,trend_exit
2017-03-17,2017-03-17,2017-03-30,600176_SS,4.964811112165451,5.192043781280518,0.04419999038944966,0.764212671465085,0.7368421052631579,trend_exit
2017-03-17,2017-03-17,2017-03-30,002223_SZ,18.3962626285553,18.438819885253903,0.0008098942253411678,0.6455230002930641,0.6790909090909092,trend_exit
2017-03-31,2017-03-31,2017-04-11,600000_SS,8.951164128303528,8.870766639709473,-0.010468318669001775,0.6189166794578709,0.47978032950574157,trend_exit
2017-04-06,2017-04-06,2017-04-11,600460_SS,6.349415119886399,6.182636260986328,-0.027727406377975106,0.7196228747786375,0.7727272727272727,trend_exit
2017-03-22,2017-03-22,2017-04-12,603288_SS,13.549394068717957,14.72186279296875,0.08490312734480754,0.6439908041334771,0.6945337620578778,trend_exit
2017-04-06,2017-04-06,2017-04-13,600580_SS,6.6685571899414064,6.552636623382568,-0.018857080761575773,0.6722406567867099,0.7727272727272727,trend_exit
2017-04-05,2017-04-05,2017-04-14,600845_SS,6.121748692274094,5.968715190887451,-0.026460833712009024,0.7125734677363436,0.8136645962732919,trend_exit
2017-04-05,2017-04-05,2017-04-14,600436_SS,49.11799260330201,50.21237564086914,0.020747274473047694,0.6771395808466865,0.7314814814814816,trend_exit
2017-04-06,2017-04-06,2017-04-14,300015_SZ,3.5807713326215747,3.533663272857666,-0.014636107644110719,0.7758228289060797,0.7314814814814816,trend_exit
2017-04-06,2017-04-06,2017-04-14,601877_SS,16.82545902442932,16.660327911376953,-0.011299638520612776,0.7433490133190085,0.7314814814814816,trend_exit
2017-04-11,2017-04-11,2017-04-14,600588_SS,8.12311212015152,7.840579509735107,-0.036229153965626315,0.8229267055786509,0.8571428571428571,trend_exit
2017-04-05,2017-04-05,2017-04-17,600674_SS,6.966919999361038,7.079202175140381,0.014592297963225587,0.7743588483669379,0.7314814814814816,trend_exit
2017-04-13,2017-04-13,2017-04-17,002032_SZ,23.5507647228241,23.216827392578125,-0.01565819945445157,0.6608286306731155,0.4829787234042553,trend_exit
2017-04-13,2017-04-13,2017-04-18,300059_SZ,4.052563748121262,3.8283066749572754,-0.05675408148312244,0.8384846814451419,0.5083655083655085,trend_exit
2017-04-05,2017-04-05,2017-04-19,300450_SZ,13.224045249938966,12.715130805969238,-0.03992629563794914,0.6214517663942584,0.5436893203883495,trend_exit
2017-04-20,2017-04-20,2017-04-24,601799_SS,34.097975875854495,33.378440856933594,-0.0225703332950995,0.826340240442324,0.5083655083655085,trend_exit
2017-04-20,2017-04-20,2017-04-25,600588_SS,8.035764918327333,7.805693626403809,-0.030087967333600973,0.8577482172507817,0.5083655083655085,trend_exit
2017-04-20,2017-04-20,2017-04-26,002001_SZ,6.104926908493042,5.978250980377197,-0.022218661520370775,0.7661856451438622,0.5083655083655085,trend_exit
2017-04-24,2017-04-24,2017-04-26,600536_SS,13.780219027996065,13.290769577026367,-0.036964986137039024,0.6515236666595351,0.5056179775280899,trend_exit
2017-04-25,2017-04-25,2017-04-27,600999_SS,10.926094552516938,10.841715812683104,-0.009211096706981503,0.748584342412832,0.5056179775280899,trend_exit
2017-04-18,2017-04-18,2017-04-28,600690_SS,9.631495803356172,9.834905624389648,0.019587555915370203,0.6622291045411524,0.5056179775280899,trend_exit
2017-04-21,2017-04-21,2017-05-02,600030_SS,12.64495182132721,12.517234802246094,-0.011585087341923095,0.7592928196686043,0.5056179775280899,trend_exit
2017-04-24,2017-04-24,2017-05-02,000977_SZ,15.948054839611052,15.578530311584473,-0.024635751973846154,0.750484425416064,0.5083655083655085,trend_exit
2017-04-13,2017-04-13,2017-05-03,002821_SZ,42.77968774032593,45.26435852050781,0.056493498902353334,0.7065093719762686,0.5083655083655085,trend_exit
2017-04-18,2017-04-18,2017-05-03,000661_SZ,50.124653989791874,52.106414794921875,0.03797734311194034,0.650360519605284,0.4829787234042553,trend_exit
2017-04-20,2017-04-20,2017-05-03,300015_SZ,3.612410135149956,3.5968449115753174,-0.005802356365366412,0.6637963497327337,0.4666666666666667,trend_exit
2017-04-26,2017-04-26,2017-05-04,601225_SS,3.5128877345323564,3.4189014434814453,-0.028214577494696802,0.8071332060179124,0.5056179775280899,trend_exit
2017-04-27,2017-04-27,2017-05-05,300059_SZ,3.6630622094869616,3.408045768737793,-0.07101394803740113,0.8542201647264218,0.5083655083655085,trend_exit
2017-04-28,2017-04-28,2017-05-05,300474_SZ,23.54731488418579,22.791624069213867,-0.03354430239543882,0.8199586942412207,0.5083655083655085,trend_exit
2017-05-02,2017-05-02,2017-05-05,002463_SZ,3.8337556790113454,3.754082202911377,-0.022250922214827717,0.7344954924344267,0.5083655083655085,trend_exit
2017-04-20,2017-04-20,2017-05-08,603939_SS,10.30352761745453,10.38525390625,0.006419976768348601,0.8160200801640325,0.5083655083655085,trend_exit
2017-04-27,2017-04-27,2017-05-08,600845_SS,5.5387254848480225,5.472121238708496,-0.013507155789224234,0.857213514202955,0.5083655083655085,trend_exit
2017-05-02,2017-05-02,2017-05-08,601021_SS,31.202978644371033,29.937944412231445,-0.04198128530252487,0.8128660201885566,0.4666666666666667,trend_exit
2017-05-03,2017-05-03,2017-05-08,002422_SZ,13.859455479621888,13.718509674072266,-0.011654395102190351,0.8261509713244239,0.5056179775280899,trend_exit
2017-05-09,2017-05-09,2017-05-12,000895_SZ,13.340031270027161,13.025747299194336,-0.025024123633927253,0.6814259319924425,0.5056179775280899,trend_exit
2017-05-11,2017-05-11,2017-05-15,002179_SZ,14.404942589759827,11.08584213256836,-0.23156838006155056,0.6268550246275202,0.5083655083655085,stoploss_deferred
2017-05-09,2017-05-09,2017-05-15,300059_SZ,3.682791809916497,3.4901280403137207,-0.05373612516742665,0.7451701504259667,0.5083655083655085,trend_exit
2017-05-08,2017-05-08,2017-05-19,600999_SS,10.84435381603241,10.902929306030272,0.0038933713114743806,0.6749405035114073,0.4666666666666667,trend_exit
2017-05-15,2017-05-15,2017-05-22,600030_SS,12.302565842628482,12.082122802734377,-0.01939158279255626,0.7736036911692064,0.5083655083655085,trend_exit
2017-05-12,2017-05-12,2017-05-23,601021_SS,30.744320114135743,31.401575088500977,0.019846027151270373,0.7697227463935326,0.5083655083655085,trend_exit
2017-05-15,2017-05-15,2017-05-23,002001_SZ,5.707263282775879,5.616124629974365,-0.017444935481940926,0.8104183296998316,0.5083655083655085,trend_exit
2017-05-15,2017-05-15,2017-05-23,000932_SZ,2.2610841286182404,2.197418689727783,-0.029614805604765038,0.673666444004201,0.4829787234042553,trend_exit
2017-05-10,2017-05-10,2017-05-24,600600_SS,27.310082158088687,27.809852600097656,0.01677240150568937,0.6912106719069953,0.4829787234042553,trend_exit
2017-05-12,2017-05-12,2017-05-24,000661_SZ,52.45516325569153,52.395023345947266,-0.002644781488657988,0.6222833000263158,0.4829787234042553,trend_exit
2017-05-12,2017-05-12,2017-05-25,601808_SS,9.761882894039154,11.126676559448242,0.13809873209942936,0.6927683616179745,0.4829787234042553,trend_exit
2017-05-16,2017-05-16,2017-06-02,601899_SS,2.715279453992844,2.719554662704468,7.213869544053786e-05,0.8564622458275809,0.5083655083655085,trend_exit
2017-05-19,2017-05-19,2017-06-02,000895_SZ,13.247590494155885,13.970586776733398,0.05299381821336624,0.6854388931766221,0.5083655083655085,trend_exit
2017-06-01,2017-06-01,2017-06-05,600276_SS,22.09995857906342,21.20174789428711,-0.042082128945653,0.6319526086297144,0.49345986150294946,trend_exit
2017-06-01,2017-06-01,2017-06-05,000858_SZ,39.55996823883057,38.47929000854492,-0.028776493409341408,0.6009990249519327,0.49345986150294946,trend_exit
2017-05-24,2017-05-24,2017-06-06,000001_SZ,6.990772787332535,7.162535190582275,0.023033018717993237,0.6999339069795762,0.4666666666666667,trend_exit
2017-05-31,2017-05-31,2017-06-12,601877_SS,15.250905678749085,15.51616382598877,0.015866854506738415,0.7293121407051444,0.49345986150294946,trend_exit
2017-05-31,2017-05-31,2017-06-12,000708_SZ,4.6360831325054175,4.666740894317627,0.00510293922575733,0.7224525188750246,0.49345986150294946,trend_exit
2017-06-02,2017-06-02,2017-06-12,603806_SS,4.833796995162964,4.854190349578857,0.0027125816215793908,0.7083750612776314,0.49345986150294946,trend_exit
2017-06-02,2017-06-02,2017-06-12,000975_SZ,5.40836274933815,5.439711570739746,0.004287666179256133,0.6642382925139141,0.49345986150294946,trend_exit
2017-06-06,2017-06-06,2017-06-12,601899_SS,2.757052635073662,2.711212635040283,-0.018101511139487436,0.9085171172098571,0.49345986150294946,trend_exit
2017-05-15,2017-05-15,2017-06-16,601225_SS,3.305550474405289,3.7264833450317383,0.12565022038685636,0.7425058924172592,0.5083655083655085,trend_exit
2017-06-07,2017-06-07,2017-06-21,002422_SZ,13.120056301593781,13.932668685913086,0.06034374876838444,0.9109256307918108,0.49345986150294946,trend_exit
2017-06-02,2017-06-02,2017-06-22,600570_SS,11.785358431339267,13.373254776000977,0.133032565079104,0.7950661643997475,0.49345986150294946,trend_exit
2017-06-05,2017-06-05,2017-06-22,002001_SZ,5.74225784611702,5.926794528961182,0.030588401941841425,0.878521143519956,0.49345986150294946,trend_exit
2017-06-14,2017-06-14,2017-06-22,603806_SS,5.029055760860444,4.972398281097412,-0.012749128312251501,0.7049989164213066,0.49345986150294946,trend_exit
2017-06-15,2017-06-15,2017-06-23,000708_SZ,4.778345519065857,4.721431255340576,-0.013393006083997405,0.6693244218645404,0.49345986150294946,trend_exit
2017-06-06,2017-06-06,2017-07-03,000661_SZ,53.41886784744263,57.919979095458984,0.08263430988428366,0.6774247448646046,0.49345986150294946,trend_exit
2017-06-23,2017-06-23,2017-07-04,002142_SZ,10.993833452224735,11.544954299926758,0.04855480288762348,0.6710272471453137,0.49345986150294946,trend_exit
2017-06-23,2017-06-23,2017-07-06,002422_SZ,14.265767579555513,14.305015563964844,0.001247073525078246,0.8180305892843325,0.49345986150294946,trend_exit
2017-06-27,2017-06-27,2017-07-06,603369_SS,11.506694181442262,11.382747650146484,-0.012255531479964943,0.7845063772361099,0.49345986150294946,trend_exit
2017-06-29,2017-06-29,2017-07-10,600536_SS,11.395373848438263,11.472390174865724,0.0052484229092106816,0.7489436941445102,0.49345986150294946,trend_exit
2017-06-30,2017-06-30,2017-07-11,600438_SS,4.635042545795441,4.901805400848389,0.055967155509066835,0.8229027442858761,0.49345986150294946,trend_exit
2017-07-05,2017-07-05,2017-07-11,002463_SZ,3.810372802615166,3.771437644958496,-0.011702874346967373,0.8707169957146885,0.49345986150294946,trend_exit
2017-07-07,2017-07-07,2017-07-11,600352_SS,7.824424575090409,7.683704376220703,-0.019457757432887912,0.6766311941626454,0.49345986150294946,trend_exit
2017-06-14,2017-06-14,2017-07-12,601899_SS,2.7654078921079637,2.8947408199310303,0.045197967703019204,0.9081054218021233,0.49345986150294946,trend_exit
2017-06-27,2017-06-27,2017-07-12,002179_SZ,12.37974404335022,13.130343437194824,0.059040306175103696,0.9023253285254587,0.49345986150294946,trend_exit
2017-07-11,2017-07-11,2017-07-13,603198_SS,15.26813003921509,15.116406440734863,-0.0114223685345487,0.6039313215841947,0.620991253644315,trend_exit
2017-06-29,2017-06-29,2017-07-14,600862_SS,9.233842683792115,9.39987087249756,0.016453429801589925,0.6651505549350506,0.49345986150294946,trend_exit
2017-07-12,2017-07-12,2017-07-14,000977_SZ,14.786330274105072,14.145915031433104,-0.04474633684990925,0.6950353390999275,0.6587301587301587,trend_exit
2017-07-12,2017-07-12,2017-07-14,600276_SS,21.364166831970213,21.1756649017334,-0.010310040607799387,0.6639243826260174,0.6587301587301587,trend_exit
2017-06-27,2017-06-27,2017-07-17,000708_SZ,4.8520509586334235,5.0064191818237305,0.030267323173154503,0.70838157117345,0.49345986150294946,trend_exit
2017-07-06,2017-07-06,2017-07-17,000975_SZ,5.662975549459458,5.457243919372559,-0.03777475182395529,0.6661131515974605,0.49345986150294946,trend_exit
2017-07-12,2017-07-12,2017-07-19,600887_SS,16.146251507759096,15.82809352874756,-0.021175200890457768,0.615658112261097,0.6587301587301587,trend_exit
2017-07-06,2017-07-06,2017-07-24,600547_SS,14.562645678520205,15.58122730255127,0.06833990231219911,0.6868742407161983,0.49345986150294946,trend_exit
2017-07-11,2017-07-11,2017-07-24,601939_SS,4.046238088846207,4.216121196746826,0.0404224671198572,0.6113910902241771,0.620991253644315,trend_exit
2017-07-18,2017-07-18,2017-07-26,600276_SS,21.82567157459259,21.83645248413086,-0.0010067854779555185,0.6205688375765803,0.6587301587301587,trend_exit
2017-07-20,2017-07-20,2017-07-26,002594_SZ,16.053090582847595,15.651366233825684,-0.026487198597569095,0.6121512979592716,0.6587301587301587,trend_exit
2017-07-20,2017-07-20,2017-07-26,600332_SS,23.088606688499457,22.395097732543945,-0.03149179213644371,0.610754342974966,0.6587301587301587,trend_exit
2017-07-19,2017-07-19,2017-07-27,000858_SZ,43.95460803413391,43.92147064208984,-0.0022527694463869707,0.6527004632806355,0.6587301587301587,trend_exit
2017-07-26,2017-07-26,2017-08-02,300347_SZ,16.304371022224426,15.97529411315918,-0.021653080008652736,0.6289793176015039,0.6587301587301587,trend_exit
2017-07-13,2017-07-13,2017-08-03,603369_SS,11.711536468982699,12.87673282623291,0.0978420945061873,0.6307486279992551,0.6587301587301587,trend_exit
2017-07-28,2017-07-28,2017-08-03,600276_SS,22.156560001373293,21.78428649902344,-0.018276751087411003,0.6375772104478732,0.620991253644315,trend_exit
2017-07-20,2017-07-20,2017-08-04,002001_SZ,6.228197990655899,6.563449382781982,0.05224725009386577,0.6940767214967155,0.6587301587301587,trend_exit
2017-07-24,2017-07-24,2017-08-04,002463_SZ,3.6606212003231056,3.7049801349639897,0.010599693963148527,0.7270083956393778,0.6587301587301587,trend_exit
2017-07-24,2017-07-24,2017-08-04,603737_SS,7.520037919521332,7.557771682739258,0.0035102357164040754,0.6856685878981916,0.6587301587301587,trend_exit
2017-07-14,2017-07-14,2017-08-08,600352_SS,7.832502374172211,8.981790542602539,0.1450131041596352,0.6359071623130419,0.620991253644315,trend_exit
2017-07-11,2017-07-11,2017-08-09,601988_SS,2.261899310588837,2.5278279781341553,0.11589239377321148,0.6627973522490052,0.5955334987593054,trend_exit
2017-07-31,2017-07-31,2017-08-10,000876_SZ,7.569009486913681,7.45918607711792,-0.015987850077432197,0.6174337060560202,0.5856747130985358,trend_exit
2017-08-07,2017-08-07,2017-08-11,002414_SZ,2.4727477748394016,2.4430243968963623,-0.013502353486316232,0.6585873992552024,0.6587301587301587,trend_exit
2017-08-07,2017-08-07,2017-08-11,002594_SZ,15.735598456382752,15.371511459350586,-0.024603084864824765,0.6931836666861095,0.620991253644315,trend_exit
2017-08-08,2017-08-08,2017-08-11,300502_SZ,5.341407035589218,5.124203681945801,-0.04210307465203833,0.6780731512085241,0.6587301587301587,trend_exit
2017-08-09,2017-08-09,2017-08-11,601021_SS,30.315991892814637,29.567283630371097,-0.026159763820132964,0.7472094993812823,0.6587301587301587,trend_exit
2017-08-10,2017-08-10,2017-08-16,000596_SZ,48.24102299118042,46.30263900756836,-0.04162096526208603,0.6319534899117816,0.6587301587301587,trend_exit
2017-08-08,2017-08-08,2017-08-17,000858_SZ,45.67318927764893,45.60478210449219,-0.0029955067398902413,0.6455173330413931,0.6587301587301587,trend_exit
2017-08-09,2017-08-09,2017-08-18,600276_SS,23.049094001770023,23.34931373596191,0.011505691441389576,0.6347332906896781,0.6587301587301587,trend_exit
2017-08-09,2017-08-09,2017-08-18,600436_SS,53.552444988250734,52.762420654296875,-0.016230220023119246,0.6225609651732845,0.6587301587301587,trend_exit
2017-07-26,2017-07-26,2017-08-22,002281_SZ,17.135268287658693,20.497360229492188,0.1944145749902606,0.659157590428185,0.620991253644315,trend_exit
2017-08-14,2017-08-14,2017-08-22,002371_SZ,17.251628708839416,17.145055770874023,-0.007668291722155995,0.6585285919563566,0.6587301587301587,trend_exit
2017-08-17,2017-08-17,2017-08-23,600143_SS,4.945884754896165,4.83523416519165,-0.02383869556110929,0.6597822324942533,0.6587301587301587,trend_exit
2017-08-15,2017-08-15,2017-08-24,300502_SZ,5.351503448724747,5.79718017578125,0.08165573674384197,0.7087470665781961,0.6587301587301587,trend_exit
2017-08-15,2017-08-15,2017-08-24,002049_SZ,17.7214237613678,18.73699378967285,0.055721512611937474,0.6637989533088815,0.6587301587301587,trend_exit
2017-08-16,2017-08-16,2017-08-24,002463_SZ,3.7354973596334458,3.7548227310180664,0.0036656798197918228,0.7687138965527414,0.6587301587301587,trend_exit
2017-08-18,2017-08-18,2017-08-24,601877_SS,15.884117257118223,15.592785835266112,-0.019813540501532945,0.725269093855148,0.6587301587301587,trend_exit
2017-08-18,2017-08-18,2017-08-24,600600_SS,28.61321381378174,28.1385440826416,-0.01806429542057053,0.6322893634078957,0.620991253644315,trend_exit
2017-08-22,2017-08-22,2017-08-24,000876_SZ,7.344414676427841,7.275366306304932,-0.01088737811047158,0.7263829218748975,0.6351738241308793,trend_exit
2017-08-09,2017-08-09,2017-08-25,000661_SZ,57.596477262496954,62.63920211791992,0.08592133212751896,0.6563594369732493,0.6587301587301587,trend_exit
2017-08-14,2017-08-14,2017-08-28,603939_SS,11.800822533607484,12.77354335784912,0.08080458006119695,0.6641137341143026,0.6587301587301587,trend_exit
2017-08-25,2017-08-25,2017-08-31,002594_SZ,15.661600754737856,15.577110290527344,-0.006886660650807008,0.8084908945430436,0.6351738241308793,trend_exit
2017-08-29,2017-08-29,2017-09-01,002179_SZ,13.126458369255067,13.012618064880373,-0.010159574480834044,0.7710108414251041,0.6351738241308793,trend_exit
2017-08-28,2017-08-28,2017-09-04,000596_SZ,45.714033380508425,45.55794906616211,-0.004909241678098031,0.7109572178416763,0.6351738241308793,trend_exit
2017-08-28,2017-08-28,2017-09-04,601766_SS,7.933232027292252,7.841977596282959,-0.012985552048561333,0.7378710924207211,0.5083603020496225,trend_exit
2017-08-25,2017-08-25,2017-09-05,600030_SS,13.615205566883086,14.427635192871094,0.05808125109195372,0.6836351330323206,0.5083603020496225,trend_exit
2017-08-28,2017-08-28,2017-09-06,600143_SS,4.911418364524842,4.8610453605651855,-0.011740920386056897,0.7512567206516403,0.6351738241308793,trend_exit
2017-08-28,2017-08-28,2017-09-06,000027_SZ,4.712047394990921,4.704989910125732,-0.0029955067398901303,0.7311361255021851,0.5629942013705851,trend_exit
2017-08-28,2017-08-28,2017-09-07,300015_SZ,3.89219734954834,3.981656074523926,0.02144964228843338,0.7691491683834701,0.6351738241308793,trend_exit
2017-08-28,2017-08-28,2017-09-07,002001_SZ,7.283210126399994,7.252612113952637,-0.005694869418629178,0.7390632672195695,0.6351738241308793,trend_exit
2017-08-28,2017-08-28,2017-09-07,600256_SS,2.605595215559006,2.607771396636963,-0.0006660574162230537,0.7001226620927985,0.6351738241308793,trend_exit
2017-09-05,2017-09-05,2017-09-08,300347_SZ,17.353186915397647,16.882911682128906,-0.028559572556219215,0.8026583913395917,0.6351738241308793,trend_exit
2017-09-06,2017-09-06,2017-09-08,000876_SZ,7.354104214906693,7.294715881347656,-0.009563422726387105,0.779546211693194,0.6351738241308793,trend_exit
2017-09-06,2017-09-06,2017-09-08,601777_SS,2.3751924126148225,2.3287739753723145,-0.021013707327659836,0.6946778712428557,0.5083603020496225,trend_exit
2017-09-05,2017-09-05,2017-09-11,000895_SZ,15.068317333698273,14.713424682617188,-0.025016913286129427,0.6718058134368582,0.6351738241308793,trend_exit
2017-09-04,2017-09-04,2017-09-12,000725_SZ,3.415682657003403,3.4280571937561035,0.0021174247400406188,0.6835637763407283,0.5083603020496225,trend_exit
2017-09-11,2017-09-11,2017-09-13,000027_SZ,4.726349134683609,4.690711975097656,-0.00902879290813452,0.7859722029382511,0.6351738241308793,trend_exit
2017-09-07,2017-09-07,2017-09-14,000425_SZ,3.235981593847275,3.205759286880493,-0.010825446585885468,0.8203855627411704,0.5629942013705851,trend_exit
2017-09-05,2017-09-05,2017-09-19,600580_SS,5.738911636352539,6.155910015106201,0.07105258619910804,0.8188505120514963,0.609375,trend_exit
2017-09-12,2017-09-12,2017-09-19,000338_SZ,5.5848957297801975,5.576530933380127,-0.0029955067398901303,0.8041247910848113,0.609375,trend_exit
2017-09-11,2017-09-11,2017-09-20,600585_SS,16.15509577846527,17.219701766967773,0.06430023381456773,0.7345483568190064,0.6351738241308793,trend_exit
2017-09-11,2017-09-11,2017-09-20,000157_SZ,3.1917881771326067,3.166177272796631,-0.00951196274949706,0.8088832819474997,0.5629942013705851,trend_exit
2017-09-11,2017-09-11,2017-09-20,600143_SS,5.032050969600678,5.170775413513184,0.026026819200249296,0.7200359135980563,0.5629942013705851,trend_exit
2017-09-11,2017-09-11,2017-09-22,600176_SS,6.208614998817445,6.403357982635498,0.029819524463888136,0.7497931405578993,0.6351738241308793,trend_exit
2017-09-19,2017-09-19,2017-09-22,600276_SS,25.5873672208786,25.275161743164062,-0.0136832452243697,0.720174942946215,0.5629942013705851,trend_exit
2017-09-20,2017-09-20,2017-09-22,600886_SS,6.061204119682312,6.011343479156494,-0.009713854637127595,0.8407992334828647,0.6351738241308793,trend_exit
2017-09-20,2017-09-20,2017-09-22,600600_SS,27.77476548957825,27.133909225463867,-0.02453871764311788,0.7741227977505325,0.6351738241308793,trend_exit
2017-09-19,2017-09-19,2017-09-25,002463_SZ,4.001723756909371,3.846201896667481,-0.040305421584487355,0.7796928001360899,0.6351738241308793,trend_exit
2017-09-14,2017-09-14,2017-09-26,300347_SZ,17.473958010673524,17.88523292541504,0.022001143937656398,0.7914798934223146,0.6351738241308793,trend_exit
2017-09-22,2017-09-22,2017-09-26,601009_SS,5.30791676235199,5.240932464599609,-0.014100766798029962,0.7285314579392221,0.5629942013705851,trend_exit
2017-09-12,2017-09-12,2017-09-28,601877_SS,16.629339709281922,17.975597381591797,0.07933533737969789,0.7997108259588592,0.6351738241308793,trend_exit
2017-09-22,2017-09-22,2017-09-29,600900_SS,11.3595803399086,11.30505657196045,-0.006292605067016566,0.7350674169916451,0.5292153589315526,trend_exit
2017-09-20,2017-09-20,2017-10-09,002422_SZ,15.36713525056839,15.361441612243652,-0.0018699517037205071,0.7964748404386974,0.6351738241308793,trend_exit
2017-09-13,2017-09-13,2017-10-11,002001_SZ,7.322650225162507,8.292919158935547,0.1308036742958565,0.7760923132297555,0.6351738241308793,trend_exit
2017-09-05,2017-09-05,2017-10-12,002594_SZ,15.725946166992188,21.940946578979492,0.3931139612505268,0.8354483003013173,0.6351738241308793,trend_exit
2017-09-29,2017-09-29,2017-10-13,600027_SS,3.2655268065929413,3.2606358528137207,-0.0029955067398901303,0.7489897701874992,0.6351738241308793,trend_exit
2017-09-27,2017-09-27,2017-10-16,002463_SZ,4.076600393772125,4.253251552581787,0.04176795982773163,0.7292975435847591,0.6351738241308793,trend_exit
2017-09-25,2017-09-25,2017-10-17,000858_SZ,46.990760208129885,49.11032485961914,0.04353832870841434,0.7122437432765136,0.5629942013705851,trend_exit
2017-09-26,2017-09-26,2017-10-17,600332_SS,23.12244987297058,24.050865173339844,0.03859188829520921,0.784135658558556,0.6351738241308793,trend_exit
2017-09-28,2017-09-28,2017-10-17,600079_SS,16.726242734909057,16.98691749572754,0.014061399700006971,0.6847634239648623,0.6351738241308793,trend_exit
2017-09-29,2017-09-29,2017-10-17,000729_SZ,6.090129469394684,6.128220558166504,0.0047451795696293875,0.7540165711219533,0.6351738241308793,trend_exit
2017-10-09,2017-10-09,2017-10-18,300498_SZ,15.466913141727447,16.150558471679688,0.042634201550256545,0.7595393821418497,0.7186046511627907,trend_exit
2017-09-29,2017-09-29,2017-10-20,600600_SS,27.19226233673096,28.394107818603516,0.04263177170730481,0.7992650271774796,0.6351738241308793,trend_exit
2017-10-18,2017-10-18,2017-10-20,002001_SZ,8.341512120723724,7.899111270904541,-0.05445649543528186,0.734348881283374,0.8571428571428571,trend_exit
2017-10-17,2017-10-17,2017-10-26,600406_SS,8.33904890537262,8.306778907775879,-0.005363940956094604,0.7859220583383206,0.7398190045248871,trend_exit
2017-10-24,2017-10-24,2017-10-27,300014_SZ,11.878895667552948,11.441644668579102,-0.03825384772238871,0.6625659815433859,0.7186046511627907,trend_exit
2017-10-25,2017-10-25,2017-10-27,601021_SS,32.61943921852112,32.161903381347656,-0.015505437995338323,0.8403592919839409,0.680161943319838,trend_exit
2017-10-24,2017-10-24,2017-10-30,000876_SZ,7.276590294837952,7.130245685577393,-0.021581533579034917,0.7821083426297166,0.7647058823529411,trend_exit
2017-10-24,2017-10-24,2017-10-30,600536_SS,11.20692306995392,10.590349197387695,-0.05643470490646507,0.708622198366558,0.7398190045248871,trend_exit
2017-10-25,2017-10-25,2017-10-30,000975_SZ,6.132696103811265,6.005159854888916,-0.022264920092783358,0.7627115199263579,0.7398190045248871,trend_exit
2017-10-26,2017-10-26,2017-10-30,000729_SZ,6.118499425649643,5.967696666717529,-0.026110046404920206,0.8309705686767626,0.5150976909413851,trend_exit
2017-10-20,2017-10-20,2017-11-03,603806_SS,5.391897219657898,5.832090377807617,0.08001729354373377,0.7478549970919475,0.8809523809523809,trend_exit
2017-10-25,2017-10-25,2017-11-03,002463_SZ,4.317867991685867,4.4858503341674805,0.037345645418261686,0.7316790320983642,0.7398190045248871,trend_exit
2017-11-02,2017-11-02,2017-11-06,000975_SZ,6.115135546445847,6.0226945877075195,-0.016594072175369345,0.7236835753108393,0.7186046511627907,trend_exit
2017-10-24,2017-10-24,2017-11-09,300476_SZ,12.195271276474,13.085122108459473,0.07135742445529192,0.6898327644924193,0.8537735849056604,trend_exit
2017-11-02,2017-11-02,2017-11-14,000876_SZ,7.344414676427841,7.37211275100708,0.0022656544034931336,0.7154842125847091,0.7398190045248871,trend_exit
2017-11-07,2017-11-07,2017-11-14,600256_SS,2.6664740748405458,2.595614194869995,-0.028034512680317536,0.6708335634277214,0.7186046511627907,trend_exit
2017-10-25,2017-10-25,2017-11-15,000338_SZ,5.879814431190491,6.546097755432129,0.11164709112691762,0.7601324675615223,0.8809523809523809,trend_exit
2017-11-07,2017-11-07,2017-11-15,300059_SZ,4.212193283319474,4.291249752044678,0.01724032806963427,0.7765440657033027,0.680161943319838,trend_exit
2017-11-07,2017-11-07,2017-11-16,603606_SS,6.236737582921982,6.403491973876953,0.025197332885141144,0.8428293704761063,0.8537735849056604,trend_exit
2017-11-07,2017-11-07,2017-11-16,600536_SS,10.818243160247803,10.631512641906738,-0.018734815283933948,0.6853003519429949,0.7398190045248871,trend_exit
2017-11-08,2017-11-08,2017-11-17,600426_SS,8.443942337989808,8.844337463378906,0.045846904644565756,0.7874632184167422,0.7398190045248871,trend_exit
2017-11-02,2017-11-02,2017-11-23,000977_SZ,16.602251026153564,18.31905174255371,0.10175259584529361,0.7465708235807859,0.7398190045248871,trend_exit
2017-11-08,2017-11-08,2017-11-23,002311_SZ,18.078495431900027,19.2357234954834,0.062415286857837815,0.7185669142740458,0.680161943319838,trend_exit
2017-11-21,2017-11-21,2017-11-24,002414_SZ,2.634895443916321,2.5658979415893555,-0.02764677035194818,0.8144451283512596,0.85,trend_exit
2017-11-22,2017-11-22,2017-11-24,000338_SZ,6.7306409139633185,6.4474897384643555,-0.04350587319242849,0.7703144939133042,0.85,trend_exit
2017-11-22,2017-11-22,2017-11-24,000425_SZ,3.2698658478260043,3.15500807762146,-0.03657345221073427,0.7658974350000973,0.7142857142857143,trend_exit
2017-11-09,2017-11-09,2017-11-27,002142_SZ,13.627452876091004,14.550421714782717,0.06612704621423204,0.7397934833622761,0.8537735849056604,trend_exit
2017-11-27,2017-11-27,2017-12-04,600988_SS,5.477606894254685,5.380227565765381,-0.019251047377743635,0.7496540821930491,0.4509090909090909,trend_exit
2017-11-27,2017-11-27,2017-12-05,000729_SZ,5.607836392641068,5.457799434661865,-0.02821474202400509,0.8806107117050574,0.49101796407185605,trend_exit
2017-11-28,2017-11-28,2017-12-05,603979_SS,10.121666107177735,9.850282669067385,-0.0282719128534602,0.6777398211740651,0.49101796407185605,trend_exit
2017-11-20,2017-11-20,2017-12-06,601899_SS,3.149860030293465,3.306213855743408,0.048063883223478765,0.7346849381871103,0.5725490196078431,trend_exit
2017-11-27,2017-11-27,2017-12-06,000975_SZ,5.518110024690628,5.549294471740723,0.004142814340452716,0.8791177397384453,0.5725490196078431,trend_exit
2017-11-27,2017-11-27,2017-12-06,600026_SS,5.245295314311981,5.307977676391602,0.010432281175041913,0.8123117840982962,0.49101796407185605,trend_exit
2017-11-28,2017-11-28,2017-12-06,002648_SZ,4.859169832468033,5.0810627937316895,0.04409629102513346,0.7219322989699436,0.75,trend_exit
2017-11-28,2017-11-28,2017-12-06,600483_SS,4.801721709728241,4.75193977355957,-0.011851966704715666,0.8337840605339,0.6744186046511628,trend_exit
2017-11-28,2017-11-28,2017-12-08,601058_SS,2.9229268844127656,3.029813289642334,0.03501342638465155,0.775998385817159,0.49101796407185605,trend_exit
2017-11-28,2017-11-28,2017-12-08,300114_SZ,2.922926645636559,3.029813528060913,0.03501359238181445,0.775022851966562,0.49101796407185605,trend_exit
2017-12-11,2017-12-11,2017-12-14,601958_SS,5.673621625423432,5.528323650360107,-0.027070973476734372,0.681157889851107,0.49101796407185605,trend_exit
2017-12-11,2017-12-11,2017-12-15,600160_SS,7.066705053806305,6.91776704788208,-0.022544404398233242,0.7166072712736038,0.49101796407185605,trend_exit
2017-12-11,2017-12-11,2017-12-18,002459_SZ,5.895195916891098,5.8229660987854,-0.013733940041228188,0.7308818313900197,0.5725490196078431,trend_exit
2017-12-08,2017-12-08,2017-12-20,600547_SS,14.691038510322572,14.733135223388672,0.0013611706358924724,0.6692882713478958,0.49101796407185605,trend_exit
2017-12-11,2017-12-11,2017-12-20,600536_SS,10.123331809997559,9.872958183288574,-0.026195235813769258,0.7354620707476858,0.6744186046511628,trend_exit
2017-12-12,2017-12-12,2017-12-20,603979_SS,9.922083581924438,9.82181453704834,-0.011590485580183496,0.7327291900734842,0.5725490196078431,trend_exit
2017-12-19,2017-12-19,2017-12-21,600031_SS,7.256811028957367,7.101363658905029,-0.022888761313736405,0.7017682473311659,0.5725490196078431,trend_exit
2017-12-11,2017-12-11,2017-12-22,000425_SZ,3.2783369113206864,3.4172210693359375,0.04080066510228275,0.682864173663244,0.671875,trend_exit
2017-12-14,2017-12-14,2017-12-22,000975_SZ,5.711265649557114,5.838594436645508,0.020760879060601978,0.8403475789792278,0.7142857142857143,trend_exit
2017-12-11,2017-12-11,2017-12-25,601117_SS,5.1946728482246405,5.582714080810547,0.07308779061889292,0.7570437712125007,0.4509090909090909,trend_exit
2017-12-07,2017-12-07,2017-12-26,002152_SZ,5.946324588537217,6.470925807952881,0.08659043465207095,0.7060159614114521,0.5725490196078431,trend_exit
2017-12-21,2017-12-21,2017-12-26,002463_SZ,4.82536389708519,4.610457897186279,-0.045969939568430096,0.7490143280372188,0.7142857142857143,trend_exit
2017-12-21,2017-12-21,2017-12-26,002414_SZ,2.4669572130441666,2.4314591884613037,-0.015867812039289553,0.8085537025254179,0.6744186046511628,trend_exit
2017-12-19,2017-12-19,2017-12-27,600160_SS,7.135986925363541,7.249820232391357,0.01442807809993063,0.7254010968788791,0.6744186046511628,trend_exit
2017-12-04,2017-12-04,2017-12-29,600600_SS,27.580598408699036,34.659854888916016,0.2547902186077,0.7910623951053963,0.5725490196078431,trend_exit
2017-12-28,2017-12-28,2018-01-02,000975_SZ,5.904420796871186,5.8780436515808105,-0.005960654224779538,0.6626424322564545,0.5725490196078431,trend_exit
2017-12-28,2017-12-28,2018-01-09,600236_SS,3.2359686999320987,3.253796100616455,0.004000875080684141,0.7614976793954382,0.5725490196078431,trend_exit
2017-12-28,2017-12-28,2018-01-09,300059_SZ,4.251651051521302,4.268265724182129,0.0024019548995912743,0.7202125712659369,0.49101796407185605,trend_exit
2018-01-02,2018-01-02,2018-01-09,002414_SZ,2.458271012187004,2.445915460586548,-0.006518575336850296,0.7650282857064687,0.6486486486486487,trend_exit
2017-12-26,2017-12-26,2018-01-10,600547_SS,14.957697092533113,15.408649444580078,0.028603292019710347,0.7032688893004073,0.5725490196078431,trend_exit
2017-12-26,2017-12-26,2018-01-10,600926_SS,6.292556296825409,6.402088642120361,0.015880543235216926,0.7143570395778542,0.49101796407185605,trend_exit
2017-12-29,2017-12-29,2018-01-10,002821_SZ,39.867149053573605,40.86498260498047,0.02349142338321908,0.6999470700265724,0.85,trend_exit
2017-12-25,2017-12-25,2018-01-11,600031_SS,7.205706712484361,7.977339744567871,0.1054257483378398,0.7552480257739136,0.6744186046511628,trend_exit
2017-12-28,2017-12-28,2018-01-11,600177_SS,3.9329347194433213,4.094609260559082,0.039546201073720644,0.8624845013548643,0.49101796407185605,trend_exit
2017-12-22,2017-12-22,2018-01-12,601808_SS,9.593534206867218,10.808674812316896,0.12497246242922544,0.7768590083318256,0.49101796407185605,trend_exit
2017-12-26,2017-12-26,2018-01-12,000625_SZ,5.969638697385788,6.169512748718262,0.031931544247874255,0.7159253225035811,0.46491228070175444,trend_exit
2018-01-12,2018-01-12,2018-01-16,300059_SZ,4.35029714345932,4.14678430557251,-0.04821119280564623,0.7246974605271859,0.558091286307054,trend_exit
2018-01-12,2018-01-12,2018-01-17,600483_SS,4.7468805456161505,4.636335372924805,-0.02475302983119021,0.6951641234401957,0.5172413793103449,trend_exit
2018-01-16,2018-01-16,2018-01-18,603737_SS,10.227087712764742,9.700024604797363,-0.05295868776001311,0.6719971790565833,0.632716049382716,trend_exit
2018-01-16,2018-01-16,2018-01-23,603198_SS,14.808392240524293,14.54460620880127,-0.01928655970191362,0.6738717322452912,0.5172413793103449,trend_exit
2018-01-18,2018-01-18,2018-01-24,603605_SS,13.685147893428805,13.546117782592772,-0.011643958015714051,0.6683811806947062,0.558091286307054,trend_exit
2018-01-16,2018-01-16,2018-01-25,000999_SZ,13.36211138343811,13.337151527404783,-0.0033651555531984956,0.6895313032898498,0.632716049382716,trend_exit
2018-01-23,2018-01-23,2018-01-25,000858_SZ,73.41592055130005,70.27433776855469,-0.04422738644446089,0.7411260240565838,0.5172413793103449,trend_exit
2018-01-18,2018-01-18,2018-01-26,000625_SZ,6.240554181814194,6.240698337554932,-0.0014769348197399834,0.7043677684469876,0.558091286307054,trend_exit
2018-01-18,2018-01-18,2018-01-29,600026_SS,5.519039819240571,5.510773658752441,-0.0029955067398902413,0.7201768775492312,0.632716049382716,trend_exit
2018-01-19,2018-01-19,2018-01-29,600862_SS,8.939953107833864,8.82243537902832,-0.014625510927961383,0.7103689078079058,0.6486486486486487,trend_exit
2018-01-18,2018-01-18,2018-01-30,601179_SS,4.204870017051697,4.2538161277771,0.010122878082110764,0.6497207736800492,0.558091286307054,trend_exit
2018-01-19,2018-01-19,2018-01-30,000027_SZ,4.36883477306366,4.41226863861084,0.008426837933137588,0.8038501135846787,0.632716049382716,trend_exit
2018-01-25,2018-01-25,2018-01-30,600547_SS,16.700871330261233,15.541781425476074,-0.07079885555317766,0.7007395215942895,0.558091286307054,trend_exit
2018-01-18,2018-01-18,2018-01-31,300059_SZ,4.320703220367432,5.020138263702393,0.1601370889529803,0.7084597042559556,0.5391304347826088,trend_exit
2018-01-18,2018-01-18,2018-02-05,300347_SZ,22.447488752365114,22.846988677978516,0.01627039205256109,0.7074680023398527,0.632716049382716,trend_exit
2018-01-31,2018-01-31,2018-02-06,601888_SS,47.40997863960266,44.43106460571289,-0.06423881044009405,0.7294664232339608,0.558091286307054,trend_exit
2018-02-06,2018-02-06,2018-02-08,002459_SZ,5.6851764836311345,5.637646198272705,-0.009847848139285742,0.6987220616472135,0.558091286307054,trend_exit
2018-02-08,2018-02-08,2018-02-12,600177_SS,3.980268043279648,3.8797824382781982,-0.026708070286460828,0.6497480304321518,0.5172413793103449,trend_exit
2018-02-12,2018-02-12,2018-02-28,000596_SZ,54.707674840927126,52.46173477172851,-0.04249189310486168,0.696931974014499,0.5172413793103449,trend_exit
2018-02-12,2018-02-12,2018-02-28,600436_SS,68.83146322250367,68.97444915771484,0.0005742179466217134,0.6648292204560428,0.5172413793103449,trend_exit
2018-02-12,2018-02-12,2018-03-02,603198_SS,12.420981649398804,12.547343254089355,0.00865797831805204,0.7597968116504374,0.6486486486486487,trend_exit
2018-02-09,2018-02-09,2018-03-05,000100_SZ,2.5942588375806817,2.7920193672180176,0.0746157236827718,0.6334322860841276,0.4867337602927722,trend_exit
2018-02-05,2018-02-05,2018-03-07,600845_SS,6.674197083950043,8.62069320678711,0.289707519677038,0.6174442300574645,0.5082508250825083,trend_exit
2018-02-12,2018-02-12,2018-03-07,002414_SZ,1.819815550148487,2.122106552124023,0.16436162561801648,0.7589183500732107,0.6486486486486487,trend_exit
2018-02-09,2018-02-09,2018-03-09,000977_SZ,14.306675674438479,18.860502243041992,0.31632336667313,0.6891248598616964,0.5150433452320247,trend_exit
2018-02-12,2018-02-12,2018-03-09,002459_SZ,5.7047121977806095,6.125331878662109,0.07212137419019538,0.7237112172544289,0.558091286307054,trend_exit
2018-02-05,2018-02-05,2018-03-16,300476_SZ,11.554502908706665,15.56972312927246,0.3454813822292515,0.6272987296879888,0.558091286307054,trend_exit
2018-02-12,2018-02-12,2018-04-11,002821_SZ,35.20432728385926,50.9814567565918,0.44598657321300994,0.6454387436497715,0.6486486486486487,trend_exit
2018-04-10,2018-04-10,2018-04-16,000100_SZ,2.6952329975366593,2.6291518211364746,-0.025981020637506846,0.6924116858293636,0.4656188605108055,trend_exit
2018-04-12,2018-04-12,2018-04-16,600438_SS,8.879676442146302,8.683907508850098,-0.02351378407984095,0.6684999250727084,0.5450913242009137,trend_exit
2018-04-10,2018-04-10,2018-04-17,000661_SZ,84.55721836853027,82.45999908447266,-0.02626516488521191,0.7376176075294636,0.6137026239067055,trend_exit
2018-04-10,2018-04-10,2018-04-17,300015_SZ,7.222038527488709,6.921956539154053,-0.042988544295587405,0.7188828385068134,0.6137026239067055,trend_exit
2018-04-11,2018-04-11,2018-04-17,601888_SS,49.194328401565556,47.237422943115234,-0.04121941814740704,0.7317798960922577,0.6137026239067055,trend_exit
2018-04-11,2018-04-11,2018-04-17,600346_SS,8.676018484592438,8.366701126098633,-0.03709851595574065,0.6933477965944003,0.6137026239067055,trend_exit
2018-04-09,2018-04-09,2018-04-18,600436_SS,80.25282069778443,80.59638977050781,0.0027746624496374217,0.7083207464182536,0.6137026239067055,trend_exit
2018-04-12,2018-04-12,2018-04-20,300207_SZ,10.590350372791292,10.160910606384276,-0.041989274826927936,0.7390351867435627,0.5450913242009137,trend_exit
2018-04-10,2018-04-10,2018-04-23,300394_SZ,5.058699826955795,5.203327178955078,0.027046942082188385,0.7913279383345418,0.5450913242009137,trend_exit
2018-04-16,2018-04-16,2018-04-23,603568_SS,8.854519936084747,8.726178169250488,-0.015972750087981713,0.755840859794189,0.5450913242009137,trend_exit
2018-04-17,2018-04-17,2018-04-24,300502_SZ,5.667040475606918,5.696361064910889,0.003666119519709188,0.7306086554351664,0.5450913242009137,trend_exit
2018-04-19,2018-04-19,2018-04-26,300498_SZ,14.97848494911194,14.609716415405272,-0.026082952291709427,0.6881964426448309,0.5450913242009137,trend_exit
2018-04-20,2018-04-20,2018-04-26,600900_SS,12.058282501220704,12.002715110778809,-0.006101321900578771,0.7062244439775355,0.6137026239067055,trend_exit
2018-04-24,2018-04-24,2018-04-26,601021_SS,31.705677058219912,30.82182884216309,-0.02933483986518226,0.8040255017223903,0.6137026239067055,trend_exit
2018-04-20,2018-04-20,2018-04-27,000858_SZ,56.98305163574219,55.54941940307617,-0.02662118504055566,0.6985221781067927,0.5450913242009137,trend_exit
2018-04-23,2018-04-23,2018-04-27,600519_SS,568.2179937744141,557.703369140625,-0.0199768043459857,0.755826615056417,0.5450913242009137,trend_exit
2018-04-23,2018-04-23,2018-04-27,601166_SS,10.569566336631777,10.521080017089844,-0.0060804708084218895,0.726233922375143,0.5450913242009137,trend_exit
2018-04-16,2018-04-16,2018-05-02,000988_SZ,15.138461187362672,15.573841094970703,0.027216712509031016,0.707885226518592,0.6137026239067055,trend_exit
2018-04-19,2018-04-19,2018-05-02,601225_SS,4.67815932059288,4.7010955810546875,0.0033954844206145474,0.6881428606920347,0.6137026239067055,trend_exit
2018-04-20,2018-04-20,2018-05-07,300015_SZ,7.259529257297516,7.861219882965088,0.08125854651665443,0.6880837888038809,0.6137026239067055,trend_exit
2018-05-03,2018-05-03,2018-05-07,002463_SZ,3.7022184033393866,3.688366174697876,-0.0052359898287124285,0.7896850600479068,0.5677966101694916,trend_exit
2018-04-26,2018-04-26,2018-05-10,601799_SS,46.87096331977845,49.298770904541016,0.050219992543069525,0.7111875097079559,0.6137026239067055,trend_exit
2018-05-03,2018-05-03,2018-05-11,600642_SS,4.059272404432297,4.038534164428711,-0.006601193164807229,0.7248318008043708,0.5450913242009137,trend_exit
2018-05-03,2018-05-03,2018-05-14,002223_SZ,18.047494639396668,18.313119888305664,0.013196045979515514,0.7276897039839441,0.5450913242009137,trend_exit
2018-04-20,2018-04-20,2018-05-15,603198_SS,12.098360610008239,13.916436195373535,0.14854912901054718,0.7174031078261303,0.5450913242009137,trend_exit
2018-05-02,2018-05-02,2018-05-16,603228_SS,21.604213328361514,22.138898849487305,0.023212008011105567,0.7084392308392323,0.6137026239067055,trend_exit
2018-05-02,2018-05-02,2018-05-17,002475_SZ,9.376195327758792,10.044394493103027,0.06965859293384646,0.736233228008948,0.6137026239067055,trend_exit
2018-05-10,2018-05-10,2018-05-17,601231_SS,8.562036274433137,8.480682373046875,-0.010987447603643674,0.8145842447043417,0.5450913242009137,trend_exit
2018-05-07,2018-05-07,2018-05-18,600519_SS,588.5859022216797,622.3434448242188,0.055767607262431795,0.710015084051216,0.5450913242009137,trend_exit
2018-05-16,2018-05-16,2018-05-18,002821_SZ,56.61335729980469,55.185020446777344,-0.02669183485613069,0.6806364187060918,0.6137026239067055,trend_exit
2018-05-18,2018-05-18,2018-05-22,601225_SS,5.301913928508759,5.114312648773193,-0.03683061463120507,0.7404344415483136,0.6137026239067055,trend_exit
2018-05-07,2018-05-07,2018-05-23,600900_SS,12.11838629293442,12.48282241821289,0.028527881790062715,0.7123382358549885,0.6588235294117647,trend_exit
2018-05-21,2018-05-21,2018-05-23,300033_SZ,44.81631889152527,43.81098175048828,-0.023898741354798192,0.7231805142909279,0.631782945736434,trend_exit
2018-05-21,2018-05-21,2018-05-23,601901_SS,5.992371624946594,5.8775811195373535,-0.020627371736085864,0.7743442116563173,0.5355450236966824,trend_exit
2018-05-22,2018-05-22,2018-05-24,601788_SS,11.42772229385376,11.149227142333984,-0.02583358123709878,0.7185065580664265,0.5355450236966824,trend_exit
2018-05-21,2018-05-21,2018-05-25,600875_SS,8.083090362548829,7.974272727966309,-0.014942186497638565,0.7790837727401901,0.5415162454873645,trend_exit
2018-05-21,2018-05-21,2018-05-25,600862_SS,7.660106907844544,7.544506549835205,-0.016568583096943312,0.7537594646725332,0.5355450236966824,trend_exit
2018-04-27,2018-04-27,2018-05-28,600236_SS,3.1110715517997742,3.338825941085815,0.07159788730849104,0.792684993009251,0.5450913242009137,trend_exit
2018-05-02,2018-05-02,2018-05-30,600027_SS,2.627264633893967,3.023498296737671,0.14908982153733286,0.6753321476400577,0.5450913242009137,trend_exit
2018-05-22,2018-05-22,2018-06-07,002223_SZ,18.695854180336,19.86507797241211,0.06094539271256849,0.7820572084583655,0.6153846153846154,trend_exit
2018-06-05,2018-06-05,2018-06-08,300059_SZ,5.357228347063065,5.006003379821777,-0.06696260623418904,0.7454719076228795,0.5355450236966824,trend_exit
2018-06-05,2018-06-05,2018-06-08,601211_SS,13.189972840309144,12.91059112548828,-0.022649599443913093,0.7443087645400194,0.5355450236966824,trend_exit
2018-05-28,2018-05-28,2018-06-11,603288_SS,30.798231961250305,32.725276947021484,0.06097613241933675,0.7167915738574019,0.631782945736434,trend_exit
2018-05-28,2018-05-28,2018-06-11,603198_SS,14.46157266521454,16.195579528808594,0.11822458966813065,0.6880553439572796,0.5297532656023222,trend_exit
2018-05-31,2018-05-31,2018-06-11,603605_SS,18.079568969726562,18.20073699951172,0.005191878437094788,0.6796895952701255,0.631782945736434,trend_exit
2018-06-04,2018-06-04,2018-06-11,000100_SZ,2.5111186337471008,2.4993467330932617,-0.006180879128883876,0.6963800622593883,0.5355450236966824,trend_exit
2018-05-28,2018-05-28,2018-06-12,002821_SZ,55.76704273223877,57.67412567138672,0.03264601566524172,0.7367102737240313,0.631782945736434,trend_exit
2018-06-04,2018-06-04,2018-06-12,002179_SZ,15.775331772327425,15.648645401000977,-0.009518616888384845,0.6842583953963401,0.5355450236966824,trend_exit
2018-06-08,2018-06-08,2018-06-12,300394_SZ,5.085119459152222,4.865176677703857,-0.044687356568572034,0.7298737809232585,0.5355450236966824,trend_exit
2018-06-07,2018-06-07,2018-06-13,601377_SS,4.942338450670243,4.722856521606445,-0.045841905832143315,0.7125575731571585,0.5415162454873645,trend_exit
2018-06-12,2018-06-12,2018-06-15,002129_SZ,6.219704243421555,6.019651889801025,-0.03361604077498903,0.8175072507283212,0.8333333333333334,trend_exit
2018-06-13,2018-06-13,2018-06-19,300059_SZ,5.175493865728378,4.887658596038818,-0.05703161190822459,0.7613342561928689,0.5355450236966824,trend_exit
2018-06-14,2018-06-14,2018-06-19,600875_SS,7.422707962036133,6.629108428955078,-0.10825472318650486,0.7681457897541003,0.5415162454873645,stoploss
2018-06-05,2018-06-05,2018-06-20,600031_SS,6.967219424724579,7.15239143371582,0.025037739047175878,0.7092036749634644,0.5355450236966824,trend_exit
2018-06-15,2018-06-15,2018-06-20,603986_SS,52.297131610870366,49.923309326171875,-0.04682297428677262,0.7053766171355156,0.5355450236966824,trend_exit
2018-06-15,2018-06-15,2018-06-21,600036_SS,20.687818899154664,20.449840545654297,-0.012986053079274917,0.7122178555338055,0.5355450236966824,trend_exit
2018-06-26,2018-06-26,2018-06-28,002179_SZ,15.561750275611878,15.077958106994627,-0.032541911854952366,0.6420000125055536,0.5355450236966824,trend_exit
2018-06-26,2018-06-26,2018-07-02,300274_SZ,5.9755966413021095,5.769345283508301,-0.0359638356835682,0.8169874860286461,0.631782945736434,trend_exit
2018-06-28,2018-06-28,2018-07-02,601878_SS,7.475235862255096,7.130098342895508,-0.047601530363830635,0.6422444003708668,0.631782945736434,trend_exit
2018-06-26,2018-06-26,2018-07-03,002594_SZ,14.921633289337159,14.568402290344238,-0.025136899906022192,0.6972057577665458,0.5355450236966824,trend_exit
2018-06-26,2018-06-26,2018-07-03,000975_SZ,6.285948404073715,6.183316230773926,-0.0178027467698314,0.6725340793886044,0.48344370860927155,trend_exit
2018-06-26,2018-06-26,2018-07-04,601808_SS,8.687930552005769,8.610318183898926,-0.010419954998580394,0.7804029037810023,0.631782945736434,trend_exit
2018-06-26,2018-06-26,2018-07-04,600895_SS,10.530428050994873,10.266277313232422,-0.026546893666481886,0.668637364243427,0.5415162454873645,trend_exit
2018-06-27,2018-06-27,2018-07-05,600150_SS,9.349273787975312,9.061566352844238,-0.0322270789681931,0.8366220072335672,0.7837837837837838,trend_exit
2018-06-27,2018-06-27,2018-07-05,300223_SZ,21.444229449272157,21.283483505249023,-0.008984756003324046,0.7256508136513697,0.5415162454873645,trend_exit
2018-06-26,2018-06-26,2018-07-06,002129_SZ,5.961190317630768,6.044070243835449,0.012382396284281727,0.6957070267689868,0.5297532656023222,trend_exit
2018-06-22,2018-06-22,2018-07-11,002465_SZ,7.410648330926896,7.894687175750732,0.0637186913983745,0.6765227327306947,0.631782945736434,trend_exit
2018-07-24,2018-07-24,2018-07-30,002594_SZ,14.2492280292511,13.65285873413086,-0.04328996503916971,0.7066806465100375,0.53125,trend_exit
2018-08-09,2018-08-09,2018-08-16,002555_SZ,8.152157813072206,7.784354209899902,-0.046549655096058906,0.7470794902828778,0.5925925925925926,trend_exit
2018-08-10,2018-08-10,2018-08-16,002152_SZ,4.808665321826935,4.668581485748291,-0.03058784474761178,0.7760369427539329,0.53125,trend_exit
2018-08-23,2018-08-23,2018-08-27,300418_SZ,16.196392601013184,14.864599227905272,-0.08360443620421143,0.694953571950036,0.45247446975648076,stoploss_deferred
2018-08-09,2018-08-09,2018-08-27,600150_SS,10.249936685562135,10.811319351196287,0.05318722479283888,0.7641238379002389,0.5925925925925926,trend_exit
2018-08-10,2018-08-10,2018-08-28,603737_SS,7.310128800868989,7.751925945281982,0.05884564652868152,0.7202833589175084,0.75,trend_exit
2018-08-10,2018-08-10,2018-08-30,300502_SZ,3.277845271110535,4.795231819152832,0.4607275741853165,0.6450767376773318,0.5925925925925926,trend_exit
2018-08-23,2018-08-23,2018-08-30,002821_SZ,48.77609563827516,48.15529251098633,-0.014208518680848936,0.7476521983048464,0.45247446975648076,trend_exit
2018-08-22,2018-08-22,2018-08-31,002223_SZ,16.56276699256897,16.895536422729492,0.018561278176790097,0.7767270909380077,0.45247446975648076,trend_exit
2018-08-22,2018-08-22,2018-08-31,002152_SZ,4.853025165557861,4.898910045623779,0.007940720207053165,0.772082300106849,0.45247446975648076,trend_exit
2018-08-27,2018-08-27,2018-08-31,300014_SZ,6.937560076951981,6.800111770629883,-0.021282478615004985,0.8212149450893057,0.45247446975648076,trend_exit
2018-08-28,2018-08-28,2018-08-31,002594_SZ,14.716572282791141,14.330309867858888,-0.027707394894587845,0.6929197514800631,0.45247446975648076,trend_exit
2018-08-23,2018-08-23,2018-09-03,002555_SZ,7.896677300214768,7.575638294219971,-0.04209396570214241,0.7542448045084211,0.45247446975648076,trend_exit_deferred
2018-08-27,2018-08-27,2018-09-03,300498_SZ,15.03582753276825,14.862384796142578,-0.013017994080692152,0.7195197154950682,0.45247446975648076,trend_exit
2018-08-31,2018-08-31,2018-09-04,300418_SZ,15.182270890712738,14.392707824707031,-0.05342758890166843,0.7213709781544763,0.45247446975648076,trend_exit
2018-08-21,2018-08-21,2018-09-05,601021_SS,30.84987256908417,30.64129066467285,-0.008251049978838854,0.7722049717728268,0.45247446975648076,trend_exit
2018-08-22,2018-08-22,2018-09-10,000768_SZ,14.204282706260683,15.39233684539795,0.08201509769695736,0.7584406005471892,0.45247446975648076,trend_exit
2018-09-06,2018-09-06,2018-09-10,600584_SS,14.711082340240479,13.701961517333984,-0.06999306654452875,0.7119467744226083,0.45247446975648076,trend_exit
2018-09-06,2018-09-06,2018-09-10,300223_SZ,22.920748925209047,20.828325271606445,-0.09265256333637195,0.6470356639919776,0.45247446975648076,stoploss
2018-09-18,2018-09-18,2018-09-27,300033_SZ,31.661600880622867,31.586584091186523,-0.0038657762769042092,0.7383500858556551,0.45247446975648076,trend_exit
2018-09-18,2018-09-18,2018-09-27,002080_SZ,4.976322990655899,4.8652167320251465,-0.02379348847555085,0.6837415167939536,0.45247446975648076,trend_exit
2018-09-19,2018-09-19,2018-09-28,002049_SZ,26.438071450233462,26.391477584838867,-0.003259734051860641,0.7398648300653144,0.45247446975648076,trend_exit
2018-09-11,2018-09-11,2018-10-08,300750_SZ,32.46526237678528,35.462982177734375,0.09069772156802314,0.6708856727270884,0.5925925925925926,trend_exit
2018-09-13,2018-09-13,2018-10-08,603198_SS,12.225486017704009,12.84965705871582,0.049478323769523325,0.6840912219710424,0.45247446975648076,trend_exit
2018-09-13,2018-09-13,2018-10-08,002594_SZ,13.854688551425935,15.003955841064451,0.08132707939948247,0.6463777348722957,0.45247446975648076,trend_exit
2018-09-14,2018-09-14,2018-10-08,000800_SZ,5.551697718620301,5.490921497344971,-0.012430900783715226,0.7619507960950509,0.45247446975648076,trend_exit
2018-09-14,2018-09-14,2018-10-08,600999_SS,8.797834464550018,8.996334075927734,0.021028482748713273,0.6963030291159039,0.45247446975648076,trend_exit
2018-09-18,2018-09-18,2018-10-08,601788_SS,8.565102160930634,8.377737998962402,-0.023342485029384852,0.7585327634071584,0.45247446975648076,trend_exit
2018-09-14,2018-09-14,2018-10-09,601021_SS,31.155977935791018,32.331912994384766,0.03618686569318075,0.6483630802107592,0.45247446975648076,trend_exit
2018-10-22,2018-10-22,2018-10-30,000158_SZ,4.486720019102097,4.369999885559082,-0.027475557388585203,0.7947745166485309,0.524390243902439,trend_exit
2018-10-19,2018-10-19,2018-11-09,002444_SZ,7.565317529201508,8.638469696044922,0.1401387923516868,0.8005165661814291,0.524390243902439,trend_exit
2018-10-22,2018-10-22,2018-11-09,601611_SS,6.036518480300904,6.674283027648926,0.10399257864530842,0.724163617928728,0.4909090909090909,trend_exit
2018-10-31,2018-10-31,2018-11-09,601567_SS,4.440502496480942,4.4496026039123535,0.0005462677990757392,0.8108598986211827,0.524390243902439,trend_exit
2018-10-31,2018-10-31,2018-11-09,300014_SZ,6.163893170356751,6.403692245483398,0.03734547799521648,0.801654634257065,0.524390243902439,trend_exit
2018-10-22,2018-10-22,2018-11-20,600095_SS,3.400781350255013,4.268590450286865,0.2532965591251046,0.8376657439149968,0.524390243902439,trend_exit
2018-10-22,2018-10-22,2018-11-20,600580_SS,4.906640452623368,5.184312343597412,0.05500615442779133,0.795174972596349,0.4909090909090909,trend_exit
2018-10-31,2018-10-31,2018-11-21,000021_SZ,5.0661224241256715,5.7624125480651855,0.1357342850308425,0.7889769119463867,0.524390243902439,trend_exit
2018-10-22,2018-10-22,2018-11-22,600862_SS,4.844449756860733,6.105654716491699,0.25844967754760484,0.7304152081971896,0.524390243902439,trend_exit
2018-11-13,2018-11-13,2018-11-22,603129_SS,15.534648221015932,16.10123634338379,0.03491783400147752,0.7535243100444526,0.524390243902439,trend_exit
2018-10-22,2018-10-22,2018-11-23,600895_SS,7.996518228292466,15.53271770477295,0.939521449890772,0.7883371492957711,0.524390243902439,trend_exit
2018-10-23,2018-10-23,2018-11-23,002261_SZ,3.6454601050615314,4.489999771118164,0.22982137844183437,0.7935109787968888,0.524390243902439,trend_exit
2018-11-09,2018-11-09,2018-11-23,000958_SZ,2.919925945043564,3.170663595199585,0.08424242922350955,0.8346408240630221,0.524390243902439,trend_exit
2018-11-13,2018-11-13,2018-11-23,002920_SZ,17.63412144947052,18.325803756713867,0.03766525049243219,0.8516831324946634,0.524390243902439,trend_exit
2018-11-13,2018-11-13,2018-11-23,600118_SS,16.516251477241518,16.64848518371582,0.006494268923340707,0.7951211511343397,0.4909090909090909,trend_exit
2018-11-29,2018-11-29,2018-12-06,603501_SS,25.28544521331787,24.68086814880371,-0.025374216721303133,0.7096996760886958,0.6388339920948617,trend_exit
2018-11-29,2018-11-29,2018-12-06,002130_SZ,3.563064644217491,3.5865747928619385,0.005088396721787847,0.6870879107473321,0.6388339920948617,trend_exit
2018-11-28,2018-11-28,2018-12-07,300661_SZ,10.52021702528,10.617267608642578,0.007711312585536367,0.8152204789021583,0.6639566395663956,trend_exit
2018-11-29,2018-11-29,2018-12-07,002179_SZ,15.321309320926666,15.530570030212402,0.012137660714572007,0.7501559389790058,0.6388339920948617,trend_exit
2018-11-28,2018-11-28,2018-12-11,300014_SZ,7.217506077528,7.928382873535156,0.09684567137022171,0.7061270526330118,0.6388339920948617,trend_exit
2018-11-27,2018-11-27,2018-12-12,603806_SS,5.125249621152878,5.536947250366211,0.0787068412576255,0.6951598621408326,0.6388339920948617,trend_exit
2018-12-10,2018-12-10,2018-12-12,603501_SS,26.275038876533515,25.501869201660156,-0.030881875474617737,0.6977613873178121,0.6388339920948617,trend_exit
2018-11-29,2018-11-29,2018-12-14,600547_SS,13.457528265953064,14.150336265563965,0.049903851728227755,0.7253247802875189,0.6388339920948617,trend_exit
2018-11-30,2018-11-30,2018-12-14,002155_SZ,5.133820731878281,5.325850963592529,0.035848827779681125,0.7392874794826572,0.6388339920948617,trend_exit
2018-12-07,2018-12-07,2018-12-14,600143_SS,4.260160080432892,4.122220039367676,-0.033830505991132354,0.7367302309838715,0.6639566395663956,trend_exit
2018-12-11,2018-12-11,2018-12-14,002595_SZ,15.334664551734924,15.10453987121582,-0.016484318223793593,0.7901360346238278,0.6388339920948617,trend_exit
2018-11-29,2018-11-29,2018-12-17,000975_SZ,5.17812756729126,5.711022853851318,0.10125836906593699,0.7094426496948563,0.6388339920948617,trend_exit
2018-12-13,2018-12-13,2018-12-17,600580_SS,5.230664063453674,5.0764665603637695,-0.03093530782468379,0.7668704781628135,0.6639566395663956,trend_exit
2018-12-13,2018-12-13,2018-12-17,600845_SS,7.395619278907776,7.168046951293945,-0.032225076636985595,0.7414974966909315,0.6388339920948617,trend_exit
2018-12-13,2018-12-13,2018-12-17,000988_SZ,11.815466200828551,11.436413764953612,-0.03353291776964207,0.7509026232292422,0.6210640608034743,trend_exit
2018-12-13,2018-12-13,2018-12-18,000999_SZ,12.207994227886198,11.88308334350586,-0.028074678198380942,0.7792442204566734,0.6639566395663956,trend_exit
2018-11-29,2018-11-29,2018-12-19,600600_SS,27.053441670417786,31.454254150390625,0.16092706990060468,0.7225668811177178,0.6210640608034743,trend_exit
2018-12-18,2018-12-18,2018-12-20,000768_SZ,13.913608968257904,13.50578498840332,-0.030767190476159167,0.7285084599622691,0.6388339920948617,trend_exit
2018-12-18,2018-12-18,2018-12-20,601607_SS,14.997732221603393,14.503337860107422,-0.03441516094964325,0.797727710096162,0.6210640608034743,trend_exit
2018-12-18,2018-12-18,2018-12-20,000100_SZ,1.9495260684490205,1.930585265159607,-0.011201020361079617,0.7375242798705146,0.6210640608034743,trend_exit
2018-12-14,2018-12-14,2019-01-02,002916_SZ,32.39469541168213,33.43904495239258,0.030689931195443165,0.7393614092518715,0.6388339920948617,trend_exit
2018-12-24,2018-12-24,2019-01-03,002821_SZ,44.08646598625183,43.08525466918945,-0.024176108817579922,0.7890621029042901,0.6388339920948617,trend_exit
2018-12-24,2018-12-24,2019-01-03,603885_SS,11.759275473594666,11.924525260925291,0.012531639365889635,0.7708310765190973,0.6388339920948617,trend_exit
2018-12-25,2018-12-25,2019-01-03,601021_SS,30.859438899040224,29.9249267578125,-0.031737438083973224,0.7954302000130168,0.6388339920948617,trend_exit
2018-12-25,2018-12-25,2019-01-03,002223_SZ,17.377475231170656,16.806140899658203,-0.03432855089281883,0.7447546445346351,0.6388339920948617,trend_exit
2018-12-25,2018-12-25,2019-01-04,000999_SZ,12.132482685089114,12.149497985839844,-9.964541136453509e-05,0.7909359400172311,0.6388339920948617,trend_exit
2018-12-20,2018-12-20,2019-01-08,002155_SZ,5.4079210133552555,5.777068614959717,0.06665814788932467,0.7398682003804529,0.6388339920948617,trend_exit
2019-01-02,2019-01-02,2019-01-10,600958_SS,6.868739043474198,7.105525493621826,0.03292134997063734,0.7409015748426017,0.49529780564263315,trend_exit
2019-01-02,2019-01-02,2019-01-11,600369_SS,3.1826826852560046,3.6550533771514897,0.14669640614587465,0.6958611712239186,0.49529780564263315,trend_exit
2018-12-24,2018-12-24,2019-01-14,603606_SS,6.434599009275437,6.721945285797119,0.04308945408926235,0.7522778034517525,0.6388339920948617,trend_exit
2018-12-27,2018-12-27,2019-01-14,601901_SS,4.959375133037567,6.531947612762451,0.3151152143936642,0.7070640896711488,0.49529780564263315,trend_exit
2019-01-04,2019-01-04,2019-01-14,000066_SZ,4.848773038864136,4.841510772705078,-0.0029955067398902413,0.7402174457803149,0.5333333333333333,trend_exit
2019-01-04,2019-01-04,2019-01-14,600988_SS,4.108204812526703,4.102051734924316,-0.0029955067398902413,0.782925160315072,0.49529780564263315,trend_exit
2019-01-07,2019-01-07,2019-01-15,600584_SS,8.505609636306763,8.522191047668457,0.0004465435109999305,0.8828094649170818,1.0,trend_exit
2019-01-03,2019-01-03,2019-01-16,000733_SZ,10.638237418651581,11.076735496520996,0.03965722497271629,0.7909369504145187,0.5333333333333333,trend_exit
2019-01-08,2019-01-08,2019-01-30,000729_SZ,5.302351366519928,5.559603691101074,0.04694387486581508,0.8986483004422179,0.5333333333333333,trend_exit
2019-02-01,2019-02-01,2019-02-27,002352_SZ,29.019947114944465,33.12248611450195,0.13965756913108307,0.6998542462357301,0.49529780564263315,trend_exit
2019-02-20,2019-02-20,2019-02-27,603806_SS,6.529317232608795,6.316940784454346,-0.033977803716314425,0.6226208197986479,0.7334014300306435,trend_exit
2019-02-20,2019-02-20,2019-02-28,601633_SS,6.649737804412842,6.930379390716553,0.04064010118388395,0.6271055740712962,0.7334014300306435,trend_exit
2019-02-25,2019-02-25,2019-02-28,000100_SZ,2.7678465135097503,2.5874648094177246,-0.06657265871021834,0.669054649027937,0.7334014300306435,trend_exit
2019-02-11,2019-02-11,2019-03-11,600061_SS,5.624760372638702,8.27639389038086,0.46921446462766725,0.6862695057333685,0.49529780564263315,trend_exit
2019-03-06,2019-03-06,2019-03-11,600988_SS,4.6341351962089545,4.498385429382324,-0.03074950102605467,0.6722107646366419,0.7973231357552581,trend_exit
2019-02-26,2019-02-26,2019-03-12,002600_SZ,4.5909596824646,6.543255805969238,0.423110062851366,0.6663295929813855,0.7531461761858664,trend_exit
2019-02-11,2019-02-11,2019-03-13,002261_SZ,4.186269828081131,5.960000038146973,0.4215662827490392,0.8983253007717216,0.5333333333333333,trend_exit
2019-03-04,2019-03-04,2019-03-13,000100_SZ,2.7678465135097503,2.9639694690704346,0.0692513115960407,0.6578963439393799,0.7531461761858664,trend_exit
2019-03-11,2019-03-11,2019-03-14,002916_SZ,55.3664259223938,51.1425666809082,-0.07767474638032434,0.6537488654401127,0.7531461761858664,stoploss_deferred
2019-03-05,2019-03-05,2019-03-14,002241_SZ,8.772771558761598,9.165958404541016,0.04325177119124368,0.6906041976100556,0.7973231357552581,trend_exit
2019-03-06,2019-03-06,2019-03-14,600584_SS,14.681719552516938,13.721508026123049,-0.06680374086460006,0.8029015769170841,0.7973231357552581,trend_exit
2019-03-07,2019-03-07,2019-03-15,002555_SZ,11.369654785633086,11.032722473144531,-0.031089896998890088,0.6564732619671166,0.7245489157424267,trend_exit
2019-03-13,2019-03-13,2019-03-15,600862_SS,8.674503688335419,8.00834846496582,-0.07817942909851738,0.6957183644527307,0.7245489157424267,stoploss
2019-03-11,2019-03-11,2019-03-20,002532_SZ,4.848103032827377,4.8730058670043945,0.0036289091336103585,0.7185182703833409,0.7531461761858664,trend_exit
2019-03-15,2019-03-15,2019-03-21,300760_SZ,121.73394027328492,116.97882843017578,-0.04050292034157066,0.7609410422275374,0.7973231357552581,trend_exit
2019-03-18,2019-03-18,2019-03-25,300759_SZ,18.27643326663971,17.080778121948242,-0.06682246443038797,0.6860224392376211,0.7973231357552581,trend_exit
2019-03-19,2019-03-19,2019-03-25,300059_SZ,7.743486604213715,7.412357807159424,-0.0441980920556887,0.6615545194909456,0.7245489157424267,trend_exit
2019-03-19,2019-03-19,2019-03-26,002423_SZ,10.746818511009216,9.914555549621582,-0.07882656563374979,0.7049467104179858,0.7245489157424267,stoploss
2019-03-21,2019-03-21,2019-03-26,300474_SZ,32.024957140922545,30.637229919433594,-0.04476768103261852,0.689906136315139,0.7334014300306435,trend_exit
2019-03-21,2019-03-21,2019-03-26,002273_SZ,9.975479672431947,9.457687377929688,-0.05332864614413679,0.6545955902082046,0.7245489157424267,trend_exit
2019-03-22,2019-03-22,2019-03-26,603596_SS,16.195196809768678,15.172390937805176,-0.06456015759805667,0.6688402420514882,0.7973231357552581,trend_exit
2019-03-18,2019-03-18,2019-03-27,601633_SS,6.790846424341202,6.648585319519043,-0.022417526960375356,0.747808575142818,0.7973231357552581,trend_exit
2019-03-18,2019-03-18,2019-03-28,000625_SZ,3.9869604628086095,4.055913925170898,0.015768802339776622,0.6716669625821428,0.7973231357552581,trend_exit
2019-03-12,2019-03-12,2019-04-03,600150_SS,16.7699521522522,19.84355926513672,0.18150569222572477,0.7564698867226728,0.7973231357552581,trend_exit
2019-03-29,2019-03-29,2019-04-08,300760_SZ,120.83421624374391,115.86483001708984,-0.042563965998711706,0.7836589678112001,0.8157894736842105,trend_exit
2019-03-29,2019-03-29,2019-04-09,601689_SS,8.935120277404785,9.156169891357422,0.02320230200368556,0.6873530035176953,0.7565011820330969,trend_exit
2019-04-01,2019-04-01,2019-04-09,600584_SS,14.35872220182419,13.799692153930664,-0.04037473376640499,0.8083613260405513,0.8157894736842105,trend_exit
2019-03-19,2019-03-19,2019-04-10,600025_SS,3.0494596495628357,3.418398857116699,0.11930363115981679,0.7756881592932425,0.7973231357552581,trend_exit
2019-03-27,2019-03-27,2019-04-10,603605_SS,30.177310671806342,33.5943603515625,0.111562563537982,0.7374543331316422,0.7531461761858664,trend_exit
2019-03-28,2019-03-28,2019-04-10,603369_SS,24.98778297328949,25.29239273071289,0.010672061967737845,0.6477283480311673,0.7245489157424267,trend_exit
2019-03-28,2019-03-28,2019-04-12,000858_SZ,75.28062901306153,82.92606353759766,0.09990678249945018,0.6637056687884817,0.7334014300306435,trend_exit
2019-04-01,2019-04-01,2019-04-15,300114_SZ,2.7219358183145523,2.9530582427978516,0.08328368200080227,0.8004690281290604,0.8157894736842105,trend_exit
2019-04-01,2019-04-01,2019-04-15,601633_SS,7.09952102303505,8.462635040283203,0.19021284116296955,0.8259980230988573,0.8055555555555556,trend_exit
2019-04-17,2019-04-17,2019-04-23,002185_SZ,4.955297790527344,4.7031049728393555,-0.052317234222094666,0.7336844531076882,0.7965367965367965,trend_exit
2019-04-12,2019-04-12,2019-04-24,002555_SZ,10.58823195028305,10.54896640777588,-0.005202850898762157,0.7010225724350329,0.7965367965367965,trend_exit
2019-04-17,2019-04-17,2019-04-24,600095_SS,5.120385272264481,5.189455032348633,0.011968938717872302,0.8378550776550318,0.7965367965367965,trend_exit
2019-04-19,2019-04-19,2019-04-24,300759_SZ,16.739165303230287,15.818692207336426,-0.056406703506455935,0.7861273617773414,0.7965367965367965,trend_exit
2019-04-17,2019-04-17,2019-04-25,600584_SS,14.01614615726471,13.56513786315918,-0.033629500977767735,0.7820053414278397,0.8157894736842105,trend_exit
2019-04-17,2019-04-17,2019-04-25,300373_SZ,16.568533915519716,15.643694877624512,-0.05723527410734652,0.7782974506436517,0.7965367965367965,trend_exit
2019-04-17,2019-04-17,2019-04-25,601808_SS,9.797027886390687,9.45012378692627,-0.0368560025889475,0.7273628972396908,0.7298405466970387,trend_exit
2019-04-17,2019-04-17,2019-05-07,002241_SZ,9.709668268203735,8.797431945800781,-0.09531041069159585,0.7848729979735201,0.8157894736842105,trend_exit_deferred
2019-04-17,2019-04-17,2019-05-07,300661_SZ,11.474545352935792,11.372421264648438,-0.010386705226088422,0.7416597673947236,0.7565011820330969,trend_exit_deferred
2019-04-19,2019-04-19,2019-05-16,300760_SZ,115.08491306686402,127.30125427246094,0.10449144899819762,0.7977407620852351,0.7965367965367965,trend_exit
2019-05-10,2019-05-10,2019-05-17,002517_SZ,3.590014598369599,3.333423137664795,-0.07286644336491066,0.7423648751958576,0.939102260789694,stoploss
2019-05-10,2019-05-10,2019-05-17,600862_SS,8.892551255226136,8.415390968322754,-0.055077936499721813,0.626933079273617,0.7965367965367965,trend_exit
2019-05-10,2019-05-10,2019-05-20,002078_SZ,5.985327249288559,5.887428283691406,-0.017831958651112423,0.6655778053633747,0.7965367965367965,trend_exit
2019-05-13,2019-05-13,2019-05-20,603596_SS,12.708922832489012,12.107399940490724,-0.04875975722544057,0.7731163798311872,0.8157894736842105,trend_exit
2019-05-16,2019-05-16,2019-05-20,300274_SZ,7.1475489468574525,6.640190601348877,-0.07237706733551608,0.7179398298394843,0.8157894736842105,trend_exit
2019-05-10,2019-05-10,2019-05-22,601168_SS,4.5793045382499695,4.665920257568359,0.017386229342690518,0.6351281370993205,0.8157894736842105,trend_exit
2019-05-13,2019-05-13,2019-05-27,002185_SZ,4.0973127970695495,4.895423889160156,0.19299672625005182,0.8165638616295074,0.8157894736842105,trend_exit
2019-05-13,2019-05-13,2019-05-30,000988_SZ,13.321741967678069,14.337024688720703,0.07459814087532313,0.7608745134553745,0.8157894736842105,trend_exit
2019-05-10,2019-05-10,2019-05-31,300661_SZ,12.365075543403627,13.130908012390137,0.06034221985533805,0.6937250354735935,0.7965367965367965,trend_exit
2019-05-13,2019-05-13,2019-06-03,600584_SS,11.11895504999161,14.024476051330566,0.2594204468219463,0.8488512937523802,0.8157894736842105,trend_exit
2019-07-02,2019-07-02,2019-07-04,600549_SS,12.880482582092286,12.492700576782228,-0.03156101128853794,0.6421726431889128,0.5836734693877551,trend_exit
2019-07-02,2019-07-02,2019-07-08,603596_SS,11.791654482364656,11.210344314575195,-0.05072449206817131,0.7836055092094643,0.6820388349514563,trend_exit
2019-07-03,2019-07-03,2019-07-08,601865_SS,9.920980435848234,9.50874137878418,-0.04298992139840496,0.6201985998168478,0.5836734693877551,trend_exit
2019-07-02,2019-07-02,2019-07-09,002028_SZ,9.821879714012145,9.710830688476562,-0.012789331087927125,0.779409503246109,0.6820388349514563,trend_exit
2019-07-02,2019-07-02,2019-07-09,600862_SS,8.826189616680146,8.604714393615723,-0.026555320566861607,0.6650245831596561,0.5836734693877551,trend_exit
2019-07-08,2019-07-08,2019-07-11,601066_SS,19.70301986217499,18.687992095947266,-0.05293908048958851,0.7457262416436587,0.49370552818828684,trend_exit
2019-07-11,2019-07-11,2019-07-15,600060_SS,7.531973387002945,7.400223731994629,-0.01896581191495017,0.7175223193992184,0.5836734693877551,trend_exit
2019-07-15,2019-07-15,2019-07-17,002648_SZ,5.030772084236145,4.658995151519775,-0.07528972076284379,0.6398044046170284,0.49370552818828684,stoploss
2019-07-12,2019-07-12,2019-07-18,000158_SZ,5.4581748089790345,5.269999980926514,-0.03592406525737257,0.6313164405388931,0.5836734693877551,trend_exit
2019-07-17,2019-07-17,2019-07-19,603596_SS,11.080810073375703,10.820660591125488,-0.024942262461566167,0.8071900052450807,1.0,trend_exit
2019-07-11,2019-07-11,2019-07-22,300394_SZ,7.911251722335816,8.17867374420166,0.03225204053729791,0.6096122494550769,0.49370552818828684,trend_exit
2019-07-15,2019-07-15,2019-07-22,000933_SZ,3.3480344922542575,3.2708683013916016,-0.024513634344155988,0.6738525973788569,0.5836734693877551,trend_exit
2019-07-15,2019-07-15,2019-07-22,600426_SS,9.827650457382203,9.58519172668457,-0.026134071353212662,0.6145855956791398,0.5836734693877551,trend_exit
2019-07-15,2019-07-15,2019-07-22,600188_SS,2.8005834478139877,2.747803211212158,-0.02031788821113789,0.611818937602532,0.5836734693877551,trend_exit
2019-07-15,2019-07-15,2019-07-23,000792_SZ,3.3229250251054765,3.384614944458008,0.017037097288719938,0.7822056095669161,0.6820388349514563,trend_exit
2019-07-15,2019-07-15,2019-07-23,601607_SS,14.94708874320984,14.9678373336792,-0.00011394630489036661,0.6942126226469373,0.5836734693877551,trend_exit
2019-07-15,2019-07-15,2019-07-24,000426_SZ,5.065402275085449,5.3250579833984375,0.049683738362842345,0.7202722142639295,0.5836734693877551,trend_exit
2019-07-18,2019-07-18,2019-08-01,300373_SZ,12.99115917444229,13.478922843933104,0.03598949708388788,0.7864200557241148,0.6820388349514563,trend_exit
2019-07-25,2019-07-25,2019-08-01,601689_SS,6.625991510629654,6.622651100158691,-0.002003381244890634,0.8224660007931311,0.6820388349514563,trend_exit
2019-07-22,2019-07-22,2019-08-02,300207_SZ,10.683193247795105,11.596457481384276,0.08385784349187841,0.6482765906578526,0.5836734693877551,trend_exit
2019-07-23,2019-07-23,2019-08-02,300782_SZ,42.52808638572693,43.82345199584961,0.028913373175934565,0.6382606320497165,0.6820388349514563,trend_exit
2019-07-24,2019-07-24,2019-08-02,600703_SS,10.338202698230742,10.957670211791992,0.05833035256183994,0.8193821555606415,0.6820388349514563,trend_exit
2019-07-24,2019-07-24,2019-08-02,000158_SZ,5.368040133714676,5.239999771118164,-0.02531656971035845,0.7579700683199155,0.5836734693877551,trend_exit
2019-07-25,2019-07-25,2019-08-02,600060_SS,7.342381258249283,7.185100555419922,-0.022888807833790215,0.7845995052211363,0.6820388349514563,trend_exit
2019-07-25,2019-07-25,2019-08-02,002078_SZ,6.50097306418419,6.373870849609375,-0.021021933101391554,0.6755229601898121,0.49370552818828684,trend_exit
2019-07-15,2019-07-15,2019-08-05,600584_SS,11.892191681861878,13.340353965759276,0.12009155176391872,0.7247723081589093,0.5836734693877551,trend_exit
2019-07-25,2019-07-25,2019-08-05,300115_SZ,9.547185834884642,9.344361305236816,-0.022712564242057587,0.6363302354824638,0.5836734693877551,trend_exit
2019-08-01,2019-08-01,2019-08-05,600803_SS,8.26345713376999,8.023465156555176,-0.030498999494980694,0.6930398232778183,0.5836734693877551,trend_exit
2019-08-05,2019-08-05,2019-08-07,300274_SZ,7.357226452589035,6.8258795738220215,-0.07361275361276398,0.6085734687232148,0.49370552818828684,stoploss
2019-08-09,2019-08-09,2019-08-14,002027_SZ,3.9299139616489414,3.7692337036132817,-0.042325127271052865,0.6054967396106833,0.49370552818828684,trend_exit
2019-08-12,2019-08-12,2019-08-15,601066_SS,16.263234657287597,15.652597427368164,-0.038990775170075764,0.635166174676681,0.5836734693877551,trend_exit
2019-08-12,2019-08-12,2019-08-16,601168_SS,4.470087823629379,4.416655540466309,-0.013435366114352476,0.7305879136572664,0.5836734693877551,trend_exit
2019-08-12,2019-08-12,2019-08-26,300765_SZ,5.567889610767365,5.585567474365234,0.0016702041592810968,0.687667837927656,0.5836734693877551,trend_exit
2019-08-12,2019-08-12,2019-08-26,000776_SZ,10.55739543581009,10.77640151977539,0.01921321247450969,0.6731829988396252,0.5836734693877551,trend_exit
2019-08-14,2019-08-14,2019-08-26,000158_SZ,4.88732011461258,4.949999809265137,0.011305724536736061,0.7422990734459696,0.5673913043478261,trend_exit
2019-08-09,2019-08-09,2019-08-28,300759_SZ,14.939387732982636,18.808778762817383,0.25711748903940057,0.6118696491321305,0.5836734693877551,trend_exit
2019-08-12,2019-08-12,2019-08-28,000423_SZ,26.482493375778205,27.660991668701172,0.0429342807448736,0.6540263206322134,0.5836734693877551,trend_exit
2019-08-12,2019-08-12,2019-08-28,000166_SZ,4.205435916662217,4.444010257720947,0.05514489586045368,0.6331187076881484,0.5836734693877551,trend_exit
2019-08-12,2019-08-12,2019-08-29,603979_SS,7.977206008672715,8.341341018676758,0.04407846532905735,0.6577108307135925,0.5836734693877551,trend_exit
2019-08-16,2019-08-16,2019-08-29,000792_SZ,3.019907034754753,3.569230079650879,0.18012779649053834,0.876455360189972,0.6153846153846154,trend_exit
2019-08-12,2019-08-12,2019-08-30,601689_SS,6.335899431467056,7.300715446472168,0.1505492554218999,0.8407165286649474,0.6820388349514563,trend_exit
2019-08-15,2019-08-15,2019-08-30,002074_SZ,11.773405294418335,12.240647315979004,0.03812669651315859,0.7283242124499172,0.5353535353535354,trend_exit
2019-08-28,2019-08-28,2019-09-05,600803_SS,7.819224029302598,7.790901184082031,-0.005116773332846658,0.7585763578764702,0.5353535353535354,trend_exit
2019-08-28,2019-08-28,2019-09-10,000426_SZ,5.075314830541611,6.097092151641846,0.19952095912929013,0.8044884721435966,0.48148148148148157,trend_exit
2019-08-29,2019-08-29,2019-09-11,601919_SS,2.012090448975563,2.139819860458374,0.06188572772934808,0.6537051960181451,0.5353535353535354,trend_exit
2019-09-02,2019-09-02,2019-09-11,600039_SS,1.770837058246136,1.789110779762268,0.008803777441799054,0.6849763297433665,0.4948805460750855,trend_exit
2019-09-03,2019-09-03,2019-09-16,000883_SZ,3.5788396331071857,3.643547773361206,0.016553638795640424,0.6856986230907469,0.5673913043478261,trend_exit
2019-09-05,2019-09-05,2019-09-16,000423_SZ,27.702483156204224,27.5925235748291,-0.0054633501944199026,0.6697657756189785,0.5673913043478261,trend_exit
2019-08-30,2019-08-30,2019-09-17,600079_SS,10.594785879611969,11.23251247406006,0.05860220610326694,0.700512332355043,0.5673913043478261,trend_exit
2019-09-02,2019-09-02,2019-09-17,600795_SS,2.117328196883202,2.11415696144104,-0.0029955067398901303,0.6508787468827235,0.5673913043478261,trend_exit
2019-09-03,2019-09-03,2019-09-17,002517_SZ,2.8933002489805224,2.95660138130188,0.020345703931054837,0.7354098890586688,0.5291005291005291,trend_exit
2019-09-10,2019-09-10,2019-09-17,603486_SS,24.814211772918704,23.61412048339844,-0.049790518496088176,0.6990999335508096,0.5673913043478261,trend_exit
2019-08-28,2019-08-28,2019-09-24,600060_SS,6.6960451068878175,7.555111885070801,0.12660221023352491,0.8146284071444645,0.5673913043478261,trend_exit
2019-09-23,2019-09-23,2019-09-25,688122_SS,30.8093684835434,30.337244033813477,-0.016801068676793207,0.6830799740369038,0.48148148148148157,trend_exit
2019-09-03,2019-09-03,2019-09-26,600418_SS,5.009017184019089,5.348842144012451,0.06624087811795354,0.7731521588530404,0.5673913043478261,trend_exit
2019-09-11,2019-09-11,2019-09-26,000792_SZ,3.7337972730398175,3.774358034133911,0.009346844911716445,0.8745541651760533,0.5353535353535354,trend_exit
2019-09-20,2019-09-20,2019-09-26,300442_SZ,7.927485161542893,7.728506088256836,-0.026562248698988267,0.659284990462457,0.472972972972973,trend_exit
2019-09-17,2019-09-17,2019-09-27,300661_SZ,26.33160591506958,29.238134384155273,0.10871616705577214,0.7467528519659572,0.5353535353535354,trend_exit_deferred
2019-09-30,2019-09-30,2019-10-10,002517_SZ,2.786857875108719,2.454172372817993,-0.12069749370940941,0.6526621032867259,0.5841064945542558,stoploss_deferred
2019-10-10,2019-10-10,2019-10-15,603596_SS,11.603488325119017,11.064213752746582,-0.04790549853859161,0.7661173570470097,0.5841064945542558,trend_exit
2019-10-08,2019-10-08,2019-10-16,000158_SZ,5.568339942693711,5.429999828338623,-0.02630678363841643,0.7724252897966547,0.48124501197126895,trend_exit
2019-10-10,2019-10-10,2019-10-16,600988_SS,5.040985975265503,4.835268974304199,-0.042247668505275504,0.6426399958360733,0.5841064945542558,trend_exit
2019-10-09,2019-10-09,2019-10-17,601168_SS,4.392075816392899,4.393287181854248,-0.0012246066635184238,0.7554141855953358,0.5841064945542558,trend_exit
2019-10-10,2019-10-10,2019-10-17,600893_SS,21.565199206352236,21.346847534179688,-0.011609999104486235,0.7729844024770982,0.5841064945542558,trend_exit
2019-10-10,2019-10-10,2019-10-17,000729_SZ,5.5774817285537726,5.521609306335449,-0.011502473571430416,0.6797262243718609,0.5841064945542558,trend_exit
2019-10-10,2019-10-10,2019-10-18,600282_SS,2.061994676232338,2.0784528255462646,0.006469691813163481,0.7110015595644854,0.5841064945542558,trend_exit
2019-10-10,2019-10-10,2019-10-22,600126_SS,3.592024855256081,3.71566104888916,0.032868008106065494,0.8371966027515427,0.5841064945542558,trend_exit
2019-10-10,2019-10-10,2019-10-24,300418_SZ,12.297442660331727,13.242469787597656,0.07523218022954192,0.8559465099292898,0.5841064945542558,trend_exit
2019-10-10,2019-10-10,2019-10-29,600060_SS,7.575061986207962,7.9251227378845215,0.04464294393701995,0.6919914934620144,0.5841064945542558,trend_exit
2019-10-23,2019-10-23,2019-10-29,601168_SS,4.3998771126270295,4.377708435058594,-0.006530918815563669,0.8177160442205214,0.5841064945542558,trend_exit
2019-10-23,2019-10-23,2019-10-29,000426_SZ,5.214092994689942,4.9984283447265625,-0.04279982975135621,0.6830337317749435,0.5579877112135176,trend_exit
2019-10-25,2019-10-25,2019-10-30,002594_SZ,15.239368967533112,14.220222473144531,-0.06827558479061657,0.8439461758715061,0.5841064945542558,trend_exit
2019-10-24,2019-10-24,2019-11-06,688012_SS,63.5261577167511,66.40512084960938,0.04375135458335744,0.7401258320472672,0.5841064945542558,trend_exit
2019-10-23,2019-10-23,2019-11-08,300124_SZ,15.697527022838594,16.229190826416016,0.03231846752674428,0.63563210622788,0.524,trend_exit
2019-10-29,2019-10-29,2019-11-08,002555_SZ,13.68735800600052,14.645903587341309,0.06842640672868949,0.6752225845402617,0.5579877112135176,trend_exit
2019-10-29,2019-10-29,2019-11-08,603259_SS,47.61283908462525,52.42411422729492,0.09939837788116601,0.6837265872369118,0.524,trend_exit
2019-11-06,2019-11-06,2019-11-08,600893_SS,20.986594791412355,20.05428695678711,-0.045857332960668296,0.862726716850146,0.5841064945542558,trend_exit
2019-10-22,2019-10-22,2019-11-11,300661_SZ,32.68481805419922,38.159122467041016,0.1657364504877601,0.750135654908641,0.524,trend_exit
2019-10-23,2019-10-23,2019-11-11,000729_SZ,5.567963153839112,5.882747650146484,0.054950143594465484,0.7329595653471557,0.5841064945542558,trend_exit
2019-10-24,2019-10-24,2019-11-11,603596_SS,11.06687127351761,12.149758338928224,0.0962026576065722,0.7436620167901375,0.5841064945542558,trend_exit
2019-10-30,2019-10-30,2019-11-11,000792_SZ,4.350104212284088,4.384614944458008,0.00642141162465748,0.7185263093161511,0.48124501197126895,trend_exit
2019-11-08,2019-11-08,2019-11-12,600733_SS,5.4681900382041935,5.210000038146973,-0.04864589530648411,0.8199982779164887,0.5841064945542558,trend_exit
2019-11-08,2019-11-08,2019-11-12,688122_SS,21.217265978813174,20.034032821655273,-0.057183814710242475,0.7279255892836068,0.5841064945542558,trend_exit
2019-10-18,2019-10-18,2019-11-14,002415_SZ,26.26952792167664,28.754968643188477,0.09297115181623616,0.6484166588374666,0.5579877112135176,trend_exit
2019-10-29,2019-10-29,2019-11-20,300782_SZ,69.75718138504028,83.05110931396484,0.1887884659826271,0.702981967956134,0.5579877112135176,trend_exit
2019-11-12,2019-11-12,2019-11-20,600298_SS,28.88482461452484,28.275859832763672,-0.022550892387373733,0.6764388943133764,0.524,trend_exit
2019-11-19,2019-11-19,2019-11-21,601021_SS,40.582045017242436,39.54229736328125,-0.027082447410896493,0.6505769138784775,0.4813415210203117,trend_exit
2019-11-11,2019-11-11,2019-11-25,002517_SZ,2.3997942415475846,2.5218069553375244,0.04926672516752495,0.842799118128195,0.5841064945542558,trend_exit
2019-11-21,2019-11-21,2019-11-25,002223_SZ,18.799809700012208,17.925758361816406,-0.047922824226137695,0.6642933787768259,0.4813415210203117,trend_exit
2019-11-19,2019-11-19,2019-11-28,600153_SS,5.260344423532486,5.272461891174316,0.0008000949113220468,0.7032966525448097,0.4813415210203117,trend_exit
2019-11-08,2019-11-08,2019-11-29,002078_SZ,7.531724582195283,8.152414321899414,0.08078642701031069,0.649069076802339,0.524,trend_exit
2019-11-19,2019-11-19,2019-11-29,601168_SS,4.197046275854111,4.22970724105835,0.006270220200823573,0.8757132010504666,0.4980237154150197,trend_exit
2019-11-20,2019-11-20,2019-11-29,601390_SS,4.498272967100144,4.605658531188965,0.02233681171127566,0.7872695483897236,0.4617346938775509,trend_exit
2019-11-25,2019-11-25,2019-11-29,601600_SS,3.1990854167938236,3.063533306121826,-0.04380858663400056,0.6945691617100512,0.4813415210203117,trend_exit
2019-11-20,2019-11-20,2019-12-02,002074_SZ,11.842776468276979,11.844830513000488,-0.0013268173293721208,0.852650829308333,0.4813415210203117,trend_exit
2019-11-20,2019-11-20,2019-12-02,601985_SS,4.145706526041031,4.174282073974609,0.00538246609653914,0.7897813898787263,0.4617346938775509,trend_exit
2019-11-21,2019-11-21,2019-12-02,601618_SS,2.2735573201179506,2.3312716484069824,0.02384695575372975,0.8121125831763786,0.4980237154150197,trend_exit
2019-11-27,2019-11-27,2019-12-04,002028_SZ,13.266291446685791,12.899606704711914,-0.02909887466156824,0.7785806560564575,0.4813415210203117,trend_exit
2019-11-28,2019-11-28,2019-12-04,688122_SS,19.130868135452275,18.79604721069336,-0.01897535401972872,0.7264743414705761,0.4813415210203117,trend_exit
2019-11-28,2019-11-28,2019-12-06,002459_SZ,5.484924429893494,5.4328179359436035,-0.01098569754678913,0.77242872861068,0.4813415210203117,trend_exit
2019-12-02,2019-12-02,2019-12-06,603833_SS,61.478875236511236,60.54719924926758,-0.016631676851340815,0.6849752229078158,0.4813415210203117,trend_exit
2019-12-03,2019-12-03,2019-12-10,002714_SZ,34.39561328315735,32.07231140136719,-0.06894513929348745,0.6798163751391229,0.4813415210203117,trend_exit
2019-12-04,2019-12-04,2019-12-11,603259_SS,49.847119628906256,49.84996032714844,-0.0014430972698936673,0.6954459817029564,0.4813415210203117,trend_exit
2019-12-05,2019-12-05,2019-12-11,300760_SZ,165.13941269683838,161.40969848632812,-0.024051367831440573,0.8136981993409653,0.5443037974683544,trend_exit
2019-12-02,2019-12-02,2019-12-12,603605_SS,40.99262930107117,42.5155029296875,0.035594212888990784,0.7653646666325882,0.4813415210203117,trend_exit
2019-12-05,2019-12-05,2019-12-12,300759_SZ,21.192691131591797,20.314165115356445,-0.04289201679315513,0.7287149261767227,0.4813415210203117,trend_exit
2019-12-06,2019-12-06,2019-12-16,600519_SS,1015.1678098754885,994.5180053710938,-0.021810760050761546,0.7537923229739998,0.4980237154150197,trend_exit
2019-12-13,2019-12-13,2019-12-18,300760_SZ,167.85699920654298,161.43685913085938,-0.03969030422247766,0.8319973021706957,0.5443037974683544,trend_exit
2019-12-06,2019-12-06,2019-12-19,002223_SZ,17.538074197769166,17.682788848876953,0.006739079017552996,0.7553715179529956,0.4980237154150197,trend_exit
2019-12-13,2019-12-13,2019-12-20,603198_SS,17.61899067878723,17.392288208007812,-0.014347638164981968,0.7477977059115268,0.4813415210203117,trend_exit
2019-12-16,2019-12-16,2019-12-20,600893_SS,20.270695967674257,19.887819290161133,-0.02035985380603167,0.8911483301339398,0.546875,trend_exit
2019-12-16,2019-12-16,2019-12-23,600039_SS,1.7027284135818486,1.6844844818115234,-0.012198456505080113,0.7723229336356159,0.546875,trend_exit
2019-12-16,2019-12-16,2019-12-23,600879_SS,5.719807629585266,5.652962684631348,-0.013169042362763395,0.8132926588977353,0.4980237154150197,trend_exit
2019-12-18,2019-12-18,2019-12-23,002714_SZ,31.32123208332062,30.61378288269043,-0.024053008928579533,0.7923177828625112,0.4980237154150197,trend_exit
2019-12-13,2019-12-13,2019-12-24,002294_SZ,16.665776958465578,17.061403274536133,0.02220323793369805,0.9363501393138347,0.4980237154150197,trend_exit
2019-12-16,2019-12-16,2019-12-24,603260_SS,26.666049242019653,27.732406616210938,0.038429343430903984,0.6973200438410196,0.5443037974683544,trend_exit
2019-12-13,2019-12-13,2019-12-26,002459_SZ,5.499576693058014,5.48158597946167,-0.004766383674333352,0.7440309589645501,0.4813415210203117,trend_exit
2019-12-16,2019-12-16,2019-12-27,002594_SZ,14.296627016544344,14.880123138427734,0.03925233109364523,0.8832475199417742,0.4980237154150197,trend_exit
2019-12-24,2019-12-24,2020-01-07,300750_SZ,51.72821768951416,56.32266998291016,0.08718584343059343,0.7152472432585646,0.546875,trend_exit
2019-12-24,2019-12-24,2020-01-08,600549_SS,11.724283298015596,11.833969116210938,0.007841405925135492,0.7288198156440341,0.4980237154150197,trend_exit
2019-12-25,2019-12-25,2020-01-08,002371_SZ,69.1799160270691,65.48983001708984,-0.0547604127406367,0.6955538969054651,0.6822942643391521,trend_exit
2019-12-26,2019-12-26,2020-01-08,002185_SZ,6.642489991426468,7.231039524078369,0.08697084588933235,0.6620210277035016,0.6555418211784095,trend_exit
2019-12-27,2019-12-27,2020-01-08,601618_SS,2.413468716144562,2.427316188812256,0.004228974801372187,0.6586066069746479,0.6735711545838128,trend_exit
2019-12-27,2019-12-27,2020-01-09,603160_SS,194.17849629211426,210.63253784179688,0.0831095772759638,0.6573012930338744,0.7647058823529411,trend_exit
2019-12-27,2019-12-27,2020-01-10,600879_SS,5.77817217540741,5.954065322875977,0.028895305369207147,0.6478057862378734,0.6735711545838128,trend_exit
2019-12-30,2019-12-30,2020-01-10,601018_SS,3.268437488555908,3.3235023021698,0.015322171629711612,0.6906289423223776,0.6555418211784095,trend_exit
2019-12-30,2019-12-30,2020-01-13,601698_SS,11.3284238653183,11.528985977172852,0.0161777697469343,0.6913022095441964,0.6822942643391521,trend_exit
2019-12-30,2019-12-30,2020-01-14,002444_SZ,10.154218945026399,10.653584480285645,0.04760436633834675,0.6520057965670062,0.7132039753904401,trend_exit
2020-01-14,2020-01-14,2020-01-16,600011_SS,4.964377972126007,4.851848125457764,-0.024133460330604484,0.6923102459255739,0.6735711545838128,trend_exit
2020-01-09,2020-01-09,2020-01-17,300782_SZ,78.53155369949341,81.12972259521484,0.03153476781199327,0.7290125938159351,0.7132039753904401,trend_exit
2020-01-09,2020-01-09,2020-01-17,300750_SZ,59.78638363647461,59.73836898803711,-0.002301898752671727,0.7226561804892802,0.7132039753904401,trend_exit
2020-01-09,2020-01-09,2020-01-17,603198_SS,17.627714606285096,17.801624298095703,0.008350898494293713,0.6738728455525848,0.6735711545838128,trend_exit
2020-01-13,2020-01-13,2020-01-21,603979_SS,8.923654243946077,8.871715545654297,-0.007311609103919037,0.6474419934581498,0.7132039753904401,trend_exit
2020-01-09,2020-01-09,2020-01-23,603259_SS,50.61774786949158,53.02751541137695,0.04603575557680606,0.6748223774842647,0.7132039753904401,trend_exit
2020-01-10,2020-01-10,2020-01-23,688188_SS,54.48560150718689,57.15673828125,0.047451098916476475,0.6906540020255943,0.7647058823529411,trend_exit
2020-01-09,2020-01-09,2020-02-03,300759_SZ,21.41112360572815,24.2059326171875,0.12883490672089648,0.6976017902535443,0.6735711545838128,trend_exit
2020-01-21,2020-01-21,2020-02-03,601012_SS,14.54044522190094,13.706090927124023,-0.05879554704968215,0.6812302350862467,0.6555418211784095,trend_exit
2020-01-09,2020-01-09,2020-02-04,603501_SS,107.90678070831301,133.91603088378906,0.23917288570506057,0.6936912587676574,0.6735711545838128,trend_exit_deferred
2020-01-10,2020-01-10,2020-02-04,300474_SZ,39.776654781341556,38.575897216796875,-0.031642213687619325,0.7551647040869626,0.7132039753904401,trend_exit_deferred
2020-01-22,2020-01-22,2020-02-04,002460_SZ,29.436840821266173,28.90791893005371,-0.019441072942654403,0.6963327070297418,0.6735711545838128,stoploss_deferred
2020-01-17,2020-01-17,2020-02-10,601607_SS,15.992520699977876,17.228111267089844,0.07564463557098966,0.6705645252792141,0.7132039753904401,trend_exit
2020-02-06,2020-02-06,2020-02-10,603501_SS,144.71042338562012,133.4057159423828,-0.07950233126257367,0.6343298510137468,0.7132039753904401,stoploss
2020-01-23,2020-01-23,2020-02-13,300418_SZ,18.490470348358155,24.390918731689453,0.3171288720491874,0.6316554092097308,0.6555418211784095,trend_exit
2020-02-06,2020-02-06,2020-02-13,002294_SZ,17.178567009925843,16.49452018737793,-0.04126005402077115,0.7398971912995772,0.7132039753904401,trend_exit
2020-02-05,2020-02-05,2020-02-14,601012_SS,14.609077144622804,15.752216339111328,0.07663118340037789,0.6526636624791158,0.6555418211784095,trend_exit
2020-02-07,2020-02-07,2020-02-14,600893_SS,20.398185270309455,19.750730514526367,-0.03319319059918535,0.700333881941984,0.7132039753904401,trend_exit
2020-02-07,2020-02-07,2020-02-18,000883_SZ,3.2542885656356813,3.3107242584228516,0.015815931919203496,0.6733522483695552,0.7132039753904401,trend_exit
2020-02-17,2020-02-17,2020-02-19,000423_SZ,27.668196803092957,27.16459846496582,-0.019674040910527713,0.6042132217762141,0.5458409228901033,trend_exit
2020-02-10,2020-02-10,2020-02-20,600578_SS,2.2937389239072803,2.416606903076172,0.051986330079428766,0.7601974484473765,0.7132039753904401,trend_exit
2020-02-18,2020-02-18,2020-02-21,688036_SS,66.10007735824585,60.90227508544922,-0.08001739024840937,0.6203891334321614,0.5458409228901033,stoploss
2020-02-11,2020-02-11,2020-02-25,601179_SS,3.0581446565389636,3.1195366382598877,0.018544798606001445,0.803655335733025,0.7132039753904401,trend_exit
2020-02-21,2020-02-21,2020-02-25,000963_SZ,19.087223665237424,18.727500915527344,-0.020317989032091477,0.6480235155775262,0.5018587360594795,trend_exit
2020-02-21,2020-02-21,2020-02-25,600436_SS,122.59644577789307,119.37591552734376,-0.027729956625327734,0.6056096927387863,0.4824840764331209,trend_exit
2020-02-20,2020-02-20,2020-02-26,300750_SZ,83.18106512832642,79.3500747680664,-0.047486954709203166,0.6244548635716951,0.5458409228901033,trend_exit
2020-02-07,2020-02-07,2020-02-27,300033_SZ,96.95027657318116,124.1109619140625,0.27823044813749487,0.6439346739192088,0.7132039753904401,trend_exit
2020-02-25,2020-02-25,2020-02-27,603259_SS,65.07680096817018,60.89390563964844,-0.06567987552233534,0.6104917972616885,0.5458409228901033,trend_exit
2020-02-10,2020-02-10,2020-02-28,601633_SS,7.120556251764298,8.066991806030273,0.13121658386245105,0.7146979630897718,0.7132039753904401,trend_exit
2020-02-17,2020-02-17,2020-02-28,002625_SZ,7.782710371732712,8.321913719177246,0.06767828323392977,0.6374923106265997,0.5458409228901033,trend_exit
2020-02-18,2020-02-18,2020-02-28,002294_SZ,16.757342858314516,16.94254493713379,0.009535417563787174,0.6164199944074371,0.5121145374449338,trend_exit
2020-02-10,2020-02-10,2020-03-05,600418_SS,4.541906931161881,5.7656354904174805,0.2675264210464876,0.730252558264079,0.7132039753904401,trend_exit
2020-02-27,2020-02-27,2020-03-09,601390_SS,4.4166339492797855,4.548596382141113,0.028333690254888078,0.6055206947390874,0.4824840764331209,trend_exit
2020-03-02,2020-03-02,2020-03-09,300765_SZ,6.051558516025543,5.915660858154297,-0.023922952868273284,0.6153272551629982,0.46564885496183206,trend_exit
2020-03-03,2020-03-03,2020-03-10,600027_SS,2.559025975584984,2.57026743888855,0.002886278691854649,0.6606971542477711,0.5458409228901033,trend_exit
2020-03-04,2020-03-04,2020-03-10,000807_SZ,4.212886689424515,4.077710151672363,-0.03353831075835567,0.6352607045340781,0.4824840764331209,trend_exit
2020-03-04,2020-03-04,2020-03-10,600111_SS,9.343955764293671,9.106431007385254,-0.026882019752207498,0.6083708911053041,0.47667514843087355,trend_exit
2020-03-05,2020-03-05,2020-03-10,000423_SZ,27.265345047950746,26.454246520996097,-0.031203709149468017,0.6207183150327533,0.625,trend_exit
2020-03-05,2020-03-05,2020-03-10,000408_SZ,5.972861221075059,5.607737064361572,-0.06253883163935225,0.6632408615184759,0.5458409228901033,trend_exit
2020-03-06,2020-03-06,2020-03-10,002294_SZ,17.480748805999756,17.04311752319336,-0.02649748956590492,0.6681859906405472,0.68,trend_exit
2020-03-02,2020-03-02,2020-03-23,601179_SS,3.2941128553152086,4.495525360107422,0.36266796834977777,0.636449432958278,0.5218749999999999,trend_exit
2020-03-25,2020-03-25,2020-03-30,002595_SZ,16.460593698501587,15.775568008422852,-0.043053674434348044,0.6050743907481698,0.5458409228901033,trend_exit
2020-03-26,2020-03-26,2020-03-30,601216_SS,1.7458165352344515,1.7083377838134766,-0.022935547515201993,0.636859111983155,0.5458409228901033,trend_exit
2020-03-25,2020-03-25,2020-04-01,000423_SZ,22.988261465072632,21.95248794555664,-0.04648904194247416,0.631654095275495,0.5458409228901033,trend_exit
2020-03-25,2020-03-25,2020-04-02,002294_SZ,16.143823631286622,16.238508224487305,0.004356268531555241,0.6333934859068729,0.4824840764331209,trend_exit
2020-03-25,2020-03-25,2020-04-08,600027_SS,2.377855483651161,2.5853424072265625,0.08562711710802673,0.6334369675862914,0.5458409228901033,trend_exit
2020-03-25,2020-03-25,2020-04-10,603156_SS,13.724332979202272,13.864089965820312,0.008667878566454457,0.6489254136708178,0.5458409228901033,trend_exit
2020-03-20,2020-03-20,2020-04-13,603605_SS,51.39510768890381,55.873531341552734,0.08550645291449377,0.6051693356435864,0.5458409228901033,trend_exit
2020-03-25,2020-03-25,2020-04-15,000963_SZ,15.890666410923007,17.384565353393555,0.09237007791136431,0.6241163437615522,0.46564885496183206,trend_exit
2020-05-15,2020-05-15,2020-05-22,002371_SZ,119.23027432250979,115.53137969970705,-0.032476581257192105,0.709726850526323,0.5485564304461943,trend_exit
2020-05-20,2020-05-20,2020-05-22,002594_SZ,19.117242609977723,18.121402740478516,-0.053513050730233824,0.6596252748828851,0.711,trend_exit
2020-05-20,2020-05-20,2020-05-22,002001_SZ,15.312547189235689,14.753653526306152,-0.03794431690812616,0.632634542207495,0.711,trend_exit
2020-05-20,2020-05-20,2020-05-22,603596_SS,19.56912753677368,18.42643928527832,-0.05980480776284147,0.6876935915130022,0.6726893676164003,trend_exit
2020-05-18,2020-05-18,2020-05-25,300750_SZ,73.7400143623352,74.802734375,0.012890096636430926,0.7741551420192374,0.6461824953445064,trend_exit
2020-05-18,2020-05-18,2020-05-27,002074_SZ,24.924335359573362,26.86609268188477,0.07628922319720899,0.6534830370712983,0.6059113300492611,trend_exit
2020-05-19,2020-05-19,2020-05-27,600519_SS,1167.971990234375,1159.1964111328125,-0.00900224817561912,0.8078933139645996,0.6726893676164003,trend_exit
2020-05-20,2020-05-20,2020-05-27,601865_SS,12.274998651981353,12.351921081542969,0.004757193837237272,0.6361752893987191,0.6726893676164003,trend_exit
2020-05-27,2020-05-27,2020-05-29,601799_SS,105.61970196914673,103.11369323730467,-0.025191126485807014,0.668991003105375,0.711,trend_exit
2020-05-28,2020-05-28,2020-06-05,600060_SS,11.004953737735748,11.263829231262209,0.02198825687470385,0.7049964447821023,0.6726893676164003,trend_exit
2020-05-14,2020-05-14,2020-06-09,000408_SZ,3.1772304693460467,5.1438775062561035,0.6165530765081295,0.708085396815243,0.7851239669421488,trend_exit
2020-05-19,2020-05-19,2020-06-09,600256_SS,1.7349092381000522,1.8784090280532837,0.08108906986120878,0.7592236536629877,0.6059113300492611,trend_exit
2020-05-27,2020-05-27,2020-06-09,300207_SZ,14.037443084716797,16.05172348022461,0.14177815705299635,0.6695236183802753,0.6726893676164003,trend_exit
2020-05-27,2020-05-27,2020-06-09,002466_SZ,15.758850483417511,20.88814926147461,0.32349863078714414,0.6440023235076243,0.6461824953445064,trend_exit
2020-05-28,2020-05-28,2020-06-09,300408_SZ,18.730509203910827,20.009050369262695,0.06665742912837036,0.6776286286005035,0.7196969696969697,trend_exit
2020-05-29,2020-05-29,2020-06-09,600519_SS,1185.7505712890625,1227.249755859375,0.03344574389992472,0.6443221080312654,0.711,trend_exit
2020-06-05,2020-06-05,2020-06-09,603605_SS,80.28959605407715,76.15626525878906,-0.05290305845249765,0.6774995511676398,0.711,trend_exit
2020-05-26,2020-05-26,2020-06-10,002594_SZ,18.887226624488836,19.754980087280273,0.04437501647668185,0.6411517754959384,0.6726893676164003,trend_exit
2020-05-27,2020-05-27,2020-06-11,603885_SS,8.839160895347595,9.234620094299316,0.04317234105458212,0.6432058916023717,0.6411764705882353,trend_exit
2020-06-10,2020-06-10,2020-06-12,000786_SZ,19.967266804695132,19.369962692260746,-0.031369293684476274,0.6347545815785368,0.6726893676164003,trend_exit
2020-05-26,2020-05-26,2020-06-18,300014_SZ,32.091946283340455,41.16305160522461,0.28073587886918694,0.6476827858251557,0.6726893676164003,trend_exit
2020-06-18,2020-06-18,2020-06-24,601618_SS,2.221090546607971,2.2003014087677,-0.010845838766101457,0.7190774228777994,0.5063291139240503,trend_exit
2020-06-17,2020-06-17,2020-06-29,601699_SS,3.794775940775872,3.9433441162109375,0.03759198474089165,0.6368207136440727,0.462015503875969,trend_exit
2020-06-12,2020-06-12,2020-07-02,300760_SZ,252.92939347839356,264.530029296875,0.04429631772114773,0.7366422410566652,0.7196969696969697,trend_exit
2020-06-12,2020-06-12,2020-07-03,603605_SS,78.20740640258789,83.21056365966797,0.062376974713601596,0.6391130727966676,0.6461824953445064,trend_exit
2020-06-12,2020-06-12,2020-07-03,688111_SS,255.56864611053467,311.4477233886719,0.21681808991971674,0.6593082036747888,0.6059113300492611,trend_exit
2020-07-01,2020-07-01,2020-07-09,603833_SS,72.66831033706666,73.0272445678711,0.003431941141824213,0.7240632914495683,0.7954545454545454,trend_exit
2020-06-17,2020-06-17,2020-07-15,000768_SZ,16.706913323402407,22.635835647583008,0.35284606178280575,0.6427369900580326,0.711,trend_exit
2020-06-15,2020-06-15,2020-07-16,300274_SZ,8.557146137714387,11.932926177978516,0.39240660343496847,0.6260133056776306,0.5063291139240503,trend_exit
2020-06-17,2020-06-17,2020-07-16,600893_SS,22.947959861755372,29.329692840576172,0.27617873125716463,0.6646100652444477,0.6869565217391305,trend_exit
2020-07-01,2020-07-01,2020-07-16,002422_SZ,19.863053406715398,19.537548065185547,-0.017862896321251043,0.6237593436710012,0.7972602739726026,trend_exit
2020-07-06,2020-07-06,2020-07-16,300750_SZ,92.54644102859496,102.28545379638672,0.10357593960998934,0.6916711345300333,0.8421052631578947,trend_exit
2020-07-06,2020-07-06,2020-07-16,601689_SS,19.073626792907714,21.921897888183594,0.14760634036786713,0.6817286301576588,0.7560706401766003,trend_exit
2020-07-15,2020-07-15,2020-07-17,002304_SZ,120.09064039230348,107.45227813720705,-0.1065823333982534,0.7011195181461671,0.6599326599326598,stoploss_deferred
2020-06-19,2020-06-19,2020-07-17,600436_SS,151.50002674102785,177.11380004882812,0.16731417909949786,0.6762211145098703,0.6869565217391305,trend_exit
2020-07-02,2020-07-02,2020-07-17,002625_SZ,7.2605789175033575,9.32526397705078,0.2824426518714853,0.7299816973049573,0.813953488372093,trend_exit
2020-07-09,2020-07-09,2020-07-17,603259_SS,78.87024915313721,79.513916015625,0.0066488440710537056,0.665844635950891,0.7954545454545454,trend_exit
2020-06-19,2020-06-19,2020-07-20,000596_SZ,132.57284426116945,170.36166381835938,0.28311436833565695,0.7177719817550652,0.711,trend_exit
2020-07-21,2020-07-21,2020-07-23,600096_SS,4.5262317507267005,4.3758440017700195,-0.03467597851880577,0.7280057087514561,0.7010309278350515,trend_exit
2020-07-17,2020-07-17,2020-07-24,603833_SS,76.24798210525513,73.97074127197266,-0.03132144457139452,0.665322726950094,0.7631578947368421,trend_exit
2020-07-17,2020-07-17,2020-07-24,600862_SS,20.9201863527298,20.716533660888672,-0.011220143471706301,0.6558214583323112,0.565,trend_exit
2020-07-21,2020-07-21,2020-07-24,002920_SZ,74.89121367263795,67.71307373046875,-0.09720378660954443,0.6800985312587453,0.6995053586150042,stoploss
2020-07-22,2020-07-22,2020-07-24,688188_SS,64.16312476730347,56.70759201049805,-0.11752223994963129,0.7287031294846068,0.7972602739726026,stoploss
2020-07-22,2020-07-22,2020-07-27,601689_SS,24.03158359527588,20.809345245361328,-0.13538235442886737,0.7016006669865218,0.7030913012221426,stoploss_deferred
2020-07-23,2020-07-23,2020-07-27,300750_SZ,111.05572312164307,99.36895751953124,-0.10657549836875091,0.6885478565996023,0.8970588235294118,stoploss
2020-07-21,2020-07-21,2020-07-28,601865_SS,20.99921745681763,20.77715301513672,-0.012059028948309791,0.6726079575217696,0.7030913012221426,trend_exit
2020-07-29,2020-07-29,2020-07-31,300474_SZ,50.77956554985047,49.91694259643555,-0.018462118711693787,0.6480583541538485,0.7631257631257631,trend_exit
2020-07-21,2020-07-21,2020-08-04,300274_SZ,13.245039409160615,13.692618370056152,0.03224150718986163,0.6522267095698221,0.565,trend_exit
2020-07-28,2020-07-28,2020-08-06,000858_SZ,183.95598639678957,181.13116455078125,-0.016832931906632043,0.6527285452815639,0.7412935323383084,trend_exit
2020-07-29,2020-07-29,2020-08-07,688111_SS,377.71636071777345,387.70654296875,0.02490922664468198,0.7182510493108912,0.813953488372093,trend_exit
2020-07-29,2020-07-29,2020-08-11,688122_SS,24.029148077964784,27.155101776123047,0.12839494082286218,0.7055457285627504,1.0,trend_exit
2020-08-10,2020-08-10,2020-08-12,002028_SZ,29.27873658847809,26.057600021362305,-0.11135121753958488,0.7211357701084713,0.6243460062783395,stoploss_deferred
2020-07-29,2020-07-29,2020-08-12,688188_SS,65.04477821350098,68.19734954833984,0.04689500670606073,0.6929837475129169,0.7954545454545454,trend_exit
2020-07-21,2020-07-21,2020-08-13,600988_SS,14.487872431755067,18.905109405517575,0.3029347014427406,0.6497691995757436,0.6468531468531468,trend_exit_deferred
2020-08-11,2020-08-11,2020-08-13,603129_SS,96.71710874176026,82.914794921875,-0.1439940274626389,0.6408213805166809,0.6243460062783395,stoploss_deferred
2020-07-27,2020-07-27,2020-08-13,603486_SS,28.08683644104004,37.30012512207031,0.3260366653457136,0.6754817698533135,0.8970588235294118,trend_exit
2020-07-30,2020-07-30,2020-08-13,600085_SS,25.681097388267517,28.836191177368164,0.12117237263218539,0.654197943795733,0.7972602739726026,trend_exit
2020-08-07,2020-08-07,2020-08-17,601127_SS,8.996347272396088,9.091575622558594,0.009069346064376482,0.6440769059474862,0.7972602739726026,trend_exit
2020-08-11,2020-08-11,2020-08-18,688169_SS,104.18236853408814,105.00543212890624,0.006388369318047982,0.6429205126342112,0.6243460062783395,trend_exit
2020-07-31,2020-07-31,2020-08-19,601689_SS,22.422887162208557,27.036108016967773,0.20392854228158974,0.6637655128690358,0.7230008244023083,trend_exit
2020-08-14,2020-08-14,2020-08-19,300408_SZ,27.049871488571164,26.084247589111328,-0.03714436393045406,0.672470780816578,0.6243460062783395,trend_exit
2020-08-17,2020-08-17,2020-08-20,600660_SS,26.072119215011597,24.600688934326172,-0.05785227129593895,0.6714529107215599,0.6243460062783395,trend_exit
2020-08-17,2020-08-17,2020-08-20,603893_SS,88.61394589614869,83.10456848144531,-0.06357954394704834,0.6617990435942626,0.6243460062783395,trend_exit
2020-08-18,2020-08-18,2020-08-20,603486_SS,38.09722137451172,36.26213836669922,-0.04959616862311833,0.7172450134590609,0.6243460062783395,trend_exit
2020-07-21,2020-07-21,2020-08-21,600989_SS,8.168774726867676,11.213059425354004,0.370614346774768,0.6889982480957791,0.7230008244023083,trend_exit
2020-08-17,2020-08-17,2020-08-21,300803_SZ,36.09785459327698,34.632869720458984,-0.04202283472218327,0.6626463338448974,0.6243460062783395,trend_exit
2020-08-24,2020-08-24,2020-08-26,688122_SS,28.237951216697695,25.74531936645508,-0.08963999582928361,0.7518905839184511,0.6243460062783395,stoploss
2020-08-24,2020-08-24,2020-08-26,600438_SS,20.831199235916138,18.87933921813965,-0.09505833073640657,0.7011437832783122,0.6119162640901772,stoploss
2020-08-25,2020-08-25,2020-08-27,688169_SS,104.2697109603882,100.3490982055664,-0.039044285868182316,0.6654293359428727,0.6243460062783395,trend_exit
2020-08-14,2020-08-14,2020-09-02,000596_SZ,198.92180665588378,218.40472412109375,0.09629567869431854,0.6563169503185096,0.6243460062783395,trend_exit
2020-08-19,2020-08-19,2020-09-02,688036_SS,85.76759597396851,85.36259460449219,-0.006214995947243729,0.6722916984967537,0.6243460062783395,trend_exit
2020-08-25,2020-08-25,2020-09-03,603369_SS,45.90063412094116,48.73381042480469,0.06013153502310975,0.6344843831631839,0.6243460062783395,trend_exit
2020-08-14,2020-08-14,2020-09-07,603198_SS,19.109936058044436,20.419248580932617,0.06691197951332306,0.6753081681472974,0.6243460062783395,trend_exit
2020-08-19,2020-08-19,2020-09-07,601100_SS,59.66767174720765,60.50185775756836,0.012459564818852797,0.6479573977727429,0.6243460062783395,trend_exit
2020-08-24,2020-08-24,2020-09-07,601598_SS,2.766935343503952,2.8939855098724365,0.044348411823848854,0.649553921700011,0.6243460062783395,trend_exit
2020-08-26,2020-08-26,2020-09-07,603659_SS,23.163150710105896,24.61214256286621,0.060962071032069964,0.6335814228287442,0.6243460062783395,trend_exit
2020-08-26,2020-08-26,2020-09-07,688099_SS,54.92707006072998,61.51190185546875,0.11820335464420517,0.6317282807187806,0.6243460062783395,trend_exit
2020-09-02,2020-09-02,2020-09-07,688188_SS,79.30480656814575,76.2039794921875,-0.040541465067868154,0.708555578649581,0.6243460062783395,trend_exit
2020-09-03,2020-09-03,2020-09-07,300661_SZ,75.05260346603394,69.70152282714844,-0.0726907884760487,0.6467090790770315,0.6243460062783395,trend_exit
2020-08-14,2020-08-14,2020-09-08,000568_SZ,100.19602077102661,122.01376342773438,0.21592396429601735,0.6457247030029596,0.6243460062783395,trend_exit
2020-08-27,2020-08-27,2020-09-09,603486_SS,38.867257450103764,38.41499328613281,-0.013118668188891847,0.7008665963364205,0.6243460062783395,trend_exit
2020-09-08,2020-09-08,2020-09-14,600871_SS,1.9429100573062899,1.8899999856948853,-0.028691534834727972,0.6268530908465314,0.6032093362509116,trend_exit
2020-09-10,2020-09-10,2020-09-16,688036_SS,95.4968668136597,86.11193084716797,-0.09962739281621735,0.6454554953356698,0.6243460062783395,stoploss
2020-09-14,2020-09-14,2020-09-17,601899_SS,6.514032690048218,6.194549560546875,-0.050471799802977224,0.6249316732157246,0.6119162640901772,trend_exit
2020-09-14,2020-09-14,2020-09-18,300760_SZ,306.82206208801273,294.43768310546875,-0.04180284631397524,0.633013132964392,0.6243460062783395,trend_exit
2020-09-02,2020-09-02,2020-09-21,601777_SS,1.1790108883976937,1.5258469581604004,0.2922341962369108,0.6629073644499339,0.6119162640901772,trend_exit
2020-09-11,2020-09-11,2020-09-21,002202_SZ,9.676226227760315,9.522381782531738,-0.01737537072252693,0.6699748598766293,0.6243460062783395,trend_exit
2020-09-18,2020-09-18,2020-09-22,600096_SS,4.4670104758739475,4.325158596038818,-0.033207806099932013,0.6728651104247112,0.6243460062783395,trend_exit
2020-09-14,2020-09-14,2020-09-24,300750_SZ,100.36668654251099,99.21820068359376,-0.012925734669871125,0.7380201887783722,0.6243460062783395,trend_exit
2020-09-14,2020-09-14,2020-09-24,601865_SS,22.278267099380493,24.01762962341309,0.07645729679059476,0.656812805775141,0.6243460062783395,trend_exit
2020-09-15,2020-09-15,2020-09-24,300782_SZ,126.39774771118167,130.33799743652344,0.02962665709632506,0.6829977712767661,0.6243460062783395,trend_exit
2020-09-17,2020-09-17,2020-09-24,300059_SZ,13.355588972568512,13.53505039215088,0.011917021729333399,0.7165922495676319,0.6243460062783395,trend_exit
2020-09-22,2020-09-22,2020-09-24,000423_SZ,35.73412011146546,34.80257034301758,-0.027529812428395695,0.6459426129280916,0.45606694560669464,trend_exit
2020-09-14,2020-09-14,2020-09-25,603486_SS,41.48535642051697,44.59484100341797,0.07334135665979558,0.6955509457402328,0.6243460062783395,trend_exit
2020-09-14,2020-09-14,2020-09-28,603737_SS,51.42211041259766,55.44402313232422,0.07659636396531755,0.6218030241028598,0.6243460062783395,trend_exit
2020-09-23,2020-09-23,2020-09-30,000408_SZ,5.923087843179703,5.8810834884643555,-0.008580993781236668,0.6633891361018722,0.45606694560669464,trend_exit
2020-09-16,2020-09-16,2020-10-15,300408_SZ,25.29239264583588,28.449474334716797,0.12313613508177124,0.6850847751180695,0.6243460062783395,trend_exit
2020-10-09,2020-10-09,2020-10-15,601117_SS,4.78957802939415,4.756030559539795,-0.008493757789099221,0.7068976652808714,0.4515752625437573,trend_exit
2020-09-30,2020-09-30,2020-10-16,688036_SS,86.50019194030762,85.92459869384766,-0.008144261055361257,0.6662498732323487,0.45606694560669464,trend_exit
2020-10-09,2020-10-09,2020-10-19,601985_SS,3.9939184014797213,4.023703098297119,0.00594632633484804,0.704084574320883,0.4515752625437573,trend_exit
2020-10-09,2020-10-09,2020-10-19,600549_SS,12.59212497329712,12.930667877197266,0.02534495986667329,0.6551489319797015,0.4515752625437573,trend_exit
2020-10-09,2020-10-09,2020-10-19,603260_SS,27.956084500312805,27.857439041137695,-0.005023293506472459,0.6518184856844045,0.4515752625437573,trend_exit
2020-10-09,2020-10-09,2020-10-19,002230_SZ,35.16666559028626,34.92626953125,-0.008325653240607633,0.6314342875895663,0.4515752625437573,trend_exit
2020-09-30,2020-09-30,2020-10-20,688188_SS,82.84192650604248,88.42097473144531,0.06574468983297255,0.6701544820267823,0.4515752625437573,trend_exit
2020-10-09,2020-10-09,2020-10-20,600096_SS,4.27242458152771,4.31671142578125,0.008850191827458165,0.7424573716224296,0.4515752625437573,trend_exit
2020-10-09,2020-10-09,2020-10-27,002179_SZ,24.595634122848516,26.54308700561523,0.07756003535953404,0.631289415658605,0.4515752625437573,trend_exit
2020-10-21,2020-10-21,2020-10-27,603885_SS,10.476403501510621,10.2952880859375,-0.01876200622414781,0.6208061254909684,0.4515752625437573,trend_exit
2020-10-26,2020-10-26,2020-10-28,600989_SS,9.53315247964859,9.41407871246338,-0.013971756513729172,0.6396402717782976,0.4515752625437573,trend_exit
2020-10-27,2020-10-27,2020-11-02,002001_SZ,17.360298625946047,16.88444709777832,-0.02886921530631692,0.6210230675497881,0.4515752625437573,trend_exit
2020-10-29,2020-10-29,2020-11-02,601689_SS,25.174335958480835,23.740150451660156,-0.058384687283201786,0.6388416473943547,0.45606694560669464,trend_exit
2020-10-28,2020-10-28,2020-11-10,002920_SZ,65.6693632850647,71.08612060546875,0.08086157492414014,0.638734585605981,0.4515752625437573,trend_exit
2020-11-03,2020-11-03,2020-11-11,300308_SZ,49.44772153282166,49.04903030395508,-0.009550789392976156,0.6356397978071379,0.4515752625437573,trend_exit
2020-11-04,2020-11-04,2020-11-12,601127_SS,9.055728049755096,9.348511695861816,0.030782823537911508,0.6917092152224181,0.4515752625437573,trend_exit
2020-11-02,2020-11-02,2020-11-13,601117_SS,4.860013190031052,5.046139717102051,0.03674008907251647,0.7214738418403279,0.4515752625437573,trend_exit
2020-11-03,2020-11-03,2020-11-13,600085_SS,25.624490235328672,25.64263343811035,-0.0007930205513891897,0.7018855684618309,0.4515752625437573,trend_exit
2020-11-04,2020-11-04,2020-11-13,300059_SZ,13.823606575012208,14.224626541137695,0.027466278373409647,0.6473553507303138,0.4515752625437573,trend_exit
2020-11-16,2020-11-16,2020-11-17,688122_SS,36.97826640319825,34.036190032958984,-0.08094296857112337,0.6693923920237032,0.5705283567619971,stoploss
2020-10-28,2020-10-28,2020-11-19,600096_SS,4.3824077677726745,4.781327247619629,0.08939092611517263,0.6788958764398335,0.4515752625437573,trend_exit
2020-11-17,2020-11-17,2020-11-19,000999_SZ,14.234181307792664,14.052645683288574,-0.014234369272653424,0.6386186891227572,0.540691192865106,trend_exit
2020-11-19,2020-11-19,2020-11-23,002422_SZ,20.886272490501405,20.00358009338379,-0.043698451586934084,0.6692711290560666,0.5705283567619971,trend_exit
2020-11-13,2020-11-13,2020-11-24,688099_SS,69.5530945854187,72.71302032470703,0.04386370192421096,0.7243509533001627,0.574468085106383,trend_exit
2020-11-16,2020-11-16,2020-11-24,603596_SS,28.163707098007205,27.968008041381836,-0.00843820267908757,0.6395567524821972,0.5705283567619971,trend_exit
2020-11-18,2020-11-18,2020-11-24,688278_SS,44.028559890747076,42.374778747558594,-0.03900521197084916,0.7534683788339666,0.6249805103107658,trend_exit
2020-11-18,2020-11-18,2020-11-25,688111_SS,310.07715103149417,302.2433776855469,-0.026726053128738547,0.6849870107146858,0.6470588235294118,trend_exit
2020-11-23,2020-11-23,2020-11-25,600436_SS,209.99116597747803,203.6784515380859,-0.03151671683850288,0.639807886982029,0.6024096385542169,trend_exit
2020-11-18,2020-11-18,2020-11-26,600483_SS,5.15034165763855,5.188958168029785,0.005986607333799299,0.7673212950672912,0.6470588235294118,trend_exit
2020-11-19,2020-11-19,2020-11-26,601567_SS,6.135066673994064,6.066071510314941,-0.012729164179360652,0.7750266142536966,0.5705283567619971,trend_exit
2020-11-24,2020-11-24,2020-11-26,600096_SS,4.9915459289550785,4.6968512535095215,-0.06045020052314476,0.6845503052179762,0.5705283567619971,trend_exit
2020-11-03,2020-11-03,2020-11-27,600160_SS,6.4419518837928775,7.573517799377441,0.1738922704008068,0.6881431934649224,0.4515752625437573,trend_exit
2020-11-05,2020-11-05,2020-11-30,601808_SS,10.25130439567566,12.305720329284668,0.1986047116085945,0.6287595792451555,0.5520504731861198,trend_exit
2020-11-03,2020-11-03,2020-12-01,601898_SS,3.3668483859300617,3.6839439868927,0.09254045601944494,0.6583571693590251,0.4515752625437573,trend_exit
2020-11-27,2020-11-27,2020-12-01,600023_SS,3.239380334377289,3.191856622695923,-0.016148612146670294,0.6551324671669262,0.5162337662337664,trend_exit
2020-11-26,2020-11-26,2020-12-02,000999_SZ,14.21347750043869,14.068150520324709,-0.011709253128893482,0.6664119973235395,0.540691192865106,trend_exit
2020-11-27,2020-11-27,2020-12-07,002966_SZ,5.63498142695427,5.6548871994018555,0.0020272367880114217,0.6433303144542338,0.5705283567619971,trend_exit
2020-11-30,2020-11-30,2020-12-07,601928_SS,5.24861334848404,5.1953125,-0.011639991970771701,0.6492261440053888,0.540691192865106,trend_exit
2020-12-01,2020-12-01,2020-12-08,688568_SS,16.842585964202883,16.565244674682617,-0.017941969076159747,0.6637678085904766,0.5705283567619971,trend_exit
2020-12-01,2020-12-01,2020-12-09,002273_SZ,11.707908980846407,11.526999473571776,-0.01692872799141454,0.6397571855773584,0.4936948297604036,trend_exit
2020-11-30,2020-11-30,2020-12-10,688111_SS,317.23035133361816,330.9317321777344,0.04162585071175129,0.6307751730307531,0.5705283567619971,trend_exit
2020-12-08,2020-12-08,2020-12-10,603596_SS,26.89179781913758,24.911623001098633,-0.07502444671455943,0.6901722508144744,0.574468085106383,stoploss
2020-12-01,2020-12-01,2020-12-11,001965_SZ,5.94953660607338,6.122396945953369,0.02751083912887875,0.8017583700025724,0.6428571428571429,trend_exit
2020-12-01,2020-12-01,2020-12-11,002179_SZ,32.13175887298584,32.72788619995117,0.017024760450487397,0.729081722823931,0.5705283567619971,trend_exit
2020-12-02,2020-12-02,2020-12-11,603605_SS,78.76911501312256,78.32719421386719,-0.007101915395177016,0.6389445843547119,0.6428571428571429,trend_exit
2020-12-14,2020-12-14,2020-12-16,600398_SS,4.848723373413086,4.754748344421387,-0.02085232415252436,0.6599761151309407,0.5162337662337664,trend_exit
2020-12-14,2020-12-14,2020-12-17,003816_SZ,2.4630071382522583,2.406805992126465,-0.02428387404367205,0.6305928797609304,0.5705283567619971,trend_exit
2020-12-14,2020-12-14,2020-12-17,600968_SS,2.222358209490776,2.183806896209717,-0.018821008893502245,0.6821616982178234,0.5162337662337664,trend_exit
2020-12-01,2020-12-01,2020-12-18,600436_SS,211.64430725860598,236.15492248535156,0.1141367001830158,0.6941664731550288,0.6428571428571429,trend_exit
2020-12-15,2020-12-15,2020-12-18,603568_SS,15.474877760887145,15.18416976928711,-0.020257623426680582,0.6670313150909875,0.574468085106383,trend_exit
2020-12-02,2020-12-02,2020-12-21,688099_SS,70.16913719940186,81.70169067382812,0.1626071146634076,0.7228334385012448,0.6024096385542169,trend_exit
2020-12-17,2020-12-17,2020-12-22,688336_SS,25.319962701797486,24.914335250854492,-0.017496035007501187,0.8035357660732112,0.6888888888888889,trend_exit
2020-12-17,2020-12-17,2020-12-22,300803_SZ,22.891154047012332,21.5491886138916,-0.060035820527839845,0.7652812351351681,0.6428571428571429,trend_exit
2020-12-14,2020-12-14,2020-12-23,300474_SZ,41.90918991851807,42.50740432739258,0.012752651707717,0.7002179313410741,0.574468085106383,trend_exit
2020-12-15,2020-12-15,2020-12-23,000963_SZ,27.554376960754396,27.17803382873535,-0.015137710547991623,0.664665536889777,0.5705283567619971,trend_exit
2020-12-16,2020-12-16,2020-12-23,600018_SS,3.7886869087219237,3.7490077018737793,-0.011957366626591193,0.6997447640194013,0.5705283567619971,trend_exit
2020-12-18,2020-12-18,2020-12-23,688256_SS,159.89949366760254,158.0,-0.01336147863009407,0.6485758811499109,0.6024096385542169,trend_exit
2020-12-14,2020-12-14,2020-12-24,002920_SZ,71.64899190139771,72.40432739257812,0.009026351703336877,0.695747920697733,0.4906015037593985,trend_exit
2020-12-21,2020-12-21,2020-12-24,601567_SS,5.861255789279938,5.715777397155762,-0.026283114704133248,0.8008380310569911,0.6024096385542169,trend_exit
2020-12-16,2020-12-16,2020-12-25,688278_SS,34.1360387134552,35.653263092041016,0.04287974056494148,0.6610474717653977,0.6888888888888889,trend_exit
2020-12-18,2020-12-18,2020-12-28,002028_SZ,20.13034140300751,18.899023056030273,-0.06257553492724588,0.7093241155626256,0.574468085106383,trend_exit
2020-12-25,2020-12-25,2020-12-29,601808_SS,12.625687356948854,12.1740083694458,-0.03722094384022412,0.6296553902510954,0.4806312769010042,trend_exit
2020-12-31,2020-12-31,2021-01-06,000158_SZ,6.2092998089790346,5.880000114440918,-0.054453755674808146,0.614524495249907,0.5469543147208121,trend_exit
2020-12-31,2020-12-31,2021-01-07,300418_SZ,19.664401153564455,18.65074157714844,-0.0529706285305781,0.6331258128989938,0.4806312769010042,trend_exit
2020-12-31,2020-12-31,2021-01-07,001872_SZ,13.841659011363983,13.143771171569824,-0.05184374907389078,0.6318490715390305,0.4682203389830508,trend_exit
2020-12-31,2020-12-31,2021-01-07,300339_SZ,9.790969656467439,9.117228507995604,-0.07020928624569411,0.6119034301117892,0.4682203389830508,trend_exit
2020-12-31,2020-12-31,2021-01-08,002273_SZ,10.535300040721895,10.564905166625977,0.0013058734066391242,0.7054830746246693,0.5469543147208121,trend_exit
2020-12-31,2020-12-31,2021-01-11,688568_SS,13.215636507034302,14.948762893676758,0.1294453915550251,0.8279975500768283,0.5469543147208121,trend_exit
2020-12-31,2020-12-31,2021-01-11,002155_SZ,6.357342967510224,5.974858283996582,-0.06157398978475148,0.6256461396233958,0.4682203389830508,trend_exit
2021-01-07,2021-01-07,2021-01-12,600188_SS,3.2315778442621235,3.1665730476379395,-0.02158532443199368,0.6480598050659209,0.4682203389830508,trend_exit
2020-12-28,2020-12-28,2021-01-14,600989_SS,10.38151670217514,11.85055923461914,0.13979332068964467,0.6008542667031007,0.4682203389830508,trend_exit
2020-12-28,2020-12-28,2021-01-20,601058_SS,5.085739322185517,7.81739616394043,0.534815210768639,0.6408940906700342,0.4806312769010042,trend_exit
2020-12-28,2020-12-28,2021-01-20,300114_SZ,5.085739322185517,7.817396640777588,0.5348153043876533,0.6327683629309369,0.4806312769010042,trend_exit
2021-01-13,2021-01-13,2021-01-21,600029_SS,5.768640229225159,5.679999828338623,-0.01684286014870695,0.6674445642187723,0.4682203389830508,trend_exit
2021-01-15,2021-01-15,2021-01-22,603766_SS,2.969379362821579,2.893054962158203,-0.027165266963384616,0.7745940637000859,0.5469543147208121,trend_exit
2021-01-15,2021-01-15,2021-01-22,300339_SZ,9.500940614223483,9.326934814453123,-0.01978711473162953,0.7497876937810276,0.4806312769010042,trend_exit
2021-01-18,2021-01-18,2021-01-22,300442_SZ,18.228571053504943,17.43638038635254,-0.04489354844819737,0.6773304586934735,0.4682203389830508,trend_exit
2021-01-14,2021-01-14,2021-01-25,000559_SZ,4.323871780633927,4.150054931640625,-0.041639054191465075,0.619515448334875,0.4806312769010042,trend_exit
2021-01-18,2021-01-18,2021-01-26,300255_SZ,5.768333163022995,5.66021728515625,-0.020214887125793113,0.6175917511057591,0.5469543147208121,trend_exit
2021-01-06,2021-01-06,2021-01-28,603260_SS,34.305439926147464,41.369815826416016,0.20411693281308985,0.617942384766442,0.4682203389830508,trend_exit
2021-01-11,2021-01-11,2021-01-29,688099_SS,76.19044659042359,79.52893829345703,0.04225199404459046,0.6707694553382557,0.4682203389830508,trend_exit
2021-01-27,2021-01-27,2021-02-04,600029_SS,5.738595019102097,5.690000057220459,-0.009955391829759574,0.6285717443377136,0.4682203389830508,trend_exit
2021-02-01,2021-02-01,2021-02-09,300442_SZ,17.76999084186554,18.300134658813477,0.02828890681110474,0.6440391964711613,0.4806312769010042,trend_exit
2021-02-02,2021-02-02,2021-02-22,600398_SS,4.935566279888153,4.957078456878662,0.0028520657016706252,0.6049697525808834,0.4682203389830508,trend_exit
2021-02-08,2021-02-08,2021-02-22,300059_SZ,20.455741797447207,19.165630340576172,-0.06447382429057091,0.7155254035803648,0.4692913385826772,trend_exit
2021-01-20,2021-01-20,2021-02-25,002648_SZ,10.365782305240632,14.715147972106934,0.41745936944097206,0.658821816140177,0.4806312769010042,trend_exit_deferred
2021-02-09,2021-02-09,2021-02-26,601699_SS,3.856251024246216,4.093362808227539,0.059895410935840276,0.797892115554957,0.4692913385826772,trend_exit
2021-02-18,2021-02-18,2021-02-26,600011_SS,3.563387469649315,3.639325857162475,0.019778763698226953,0.7354849125916076,0.4692913385826772,trend_exit
2021-02-18,2021-02-18,2021-03-01,001872_SZ,12.398369542598726,12.648924827575684,0.018678415491643285,0.7321205082072808,0.4692913385826772,trend_exit
2021-02-18,2021-02-18,2021-03-03,601919_SS,5.1939011235237125,5.055378437042236,-0.028130253284051054,0.6579576895884129,0.4692913385826772,trend_exit_deferred
2021-02-10,2021-02-10,2021-03-04,000729_SZ,6.2146698858737945,6.586644649505615,0.05826452624307854,0.6833358002022943,0.4692913385826772,trend_exit
2021-03-03,2021-03-03,2021-03-05,002821_SZ,182.16656311798096,172.84780883789062,-0.05257839764558714,0.6542300264054743,0.4692913385826772,trend_exit
2021-02-05,2021-02-05,2021-03-08,603885_SS,11.070877938270568,12.69881820678711,0.1453265088981457,0.6727318034339992,0.4692913385826772,trend_exit
2021-03-03,2021-03-03,2021-03-08,300059_SZ,18.149904799461364,16.418729782104492,-0.09673897088882433,0.7236102029527987,0.4692913385826772,stoploss
2021-03-05,2021-03-05,2021-03-09,688008_SS,73.79687748336792,68.11097717285156,-0.07843240762564951,0.6686394349119087,0.4692913385826772,stoploss
2021-03-05,2021-03-05,2021-03-19,001872_SZ,12.780927230358124,12.87464427947998,0.0058215715778355825,0.7818869764493495,0.4692913385826772,trend_exit
2021-03-15,2021-03-15,2021-03-19,601166_SS,17.84804391860962,17.177698135375977,-0.03900216368869924,0.6601106930270519,0.4692913385826772,trend_exit
2021-03-17,2021-03-17,2021-03-23,600150_SS,14.911184442520142,14.692298889160156,-0.016157267896621086,0.7554109244998004,0.4692913385826772,trend_exit
2021-03-12,2021-03-12,2021-03-24,002032_SZ,53.48295920181275,54.755340576171875,0.02225472152734831,0.7428860257352762,0.4692913385826772,trend_exit
2021-03-15,2021-03-15,2021-03-24,601058_SS,8.257490593910218,7.653585910797119,-0.07452446417960579,0.7432799059681224,0.4692913385826772,stoploss
2021-03-15,2021-03-15,2021-03-24,300114_SZ,8.257490593910218,7.653584003448486,-0.07452469481718127,0.7405080905429617,0.4692913385826772,stoploss
2021-03-18,2021-03-18,2021-03-24,600673_SS,4.837775484323502,4.746439456939697,-0.020351437739980605,0.7541839566909359,0.4692913385826772,trend_exit
2021-03-18,2021-03-18,2021-03-24,688012_SS,104.07052957916261,100.1646957397461,-0.03897434652661025,0.7344302576743256,0.4692913385826772,trend_exit
2021-03-18,2021-03-18,2021-03-25,300502_SZ,14.285191546440124,14.009663581848145,-0.02075873179583998,0.7529640428959754,0.4692913385826772,trend_exit
2021-03-23,2021-03-23,2021-03-30,002916_SZ,66.8272483291626,64.42772674560547,-0.03735247576528222,0.6592790527590282,0.4692913385826772,trend_exit
2021-03-24,2021-03-24,2021-03-30,002273_SZ,9.671751561641694,9.502965927124023,-0.018925225926428424,0.6107024468731301,0.4757568859549283,trend_exit
2021-03-26,2021-03-26,2021-03-30,000158_SZ,5.19778505730629,4.920000076293945,-0.054862788280546915,0.6864682700781141,0.4757568859549283,trend_exit
2021-03-26,2021-03-26,2021-03-30,601238_SS,9.781465408325198,9.524740219116213,-0.02770671757495513,0.6194665261255561,0.4757568859549283,trend_exit
2021-03-29,2021-03-29,2021-03-31,300308_SZ,35.57595475196839,34.66682815551758,-0.027016192408185757,0.6377040882315637,0.4757568859549283,trend_exit
2021-03-26,2021-03-26,2021-04-02,002938_SZ,32.52962498092651,30.660465240478516,-0.05887403987693207,0.6472320029746265,0.4757568859549283,trend_exit
2021-03-26,2021-03-26,2021-04-06,601699_SS,4.264055475473405,4.329105377197266,0.013732523883630776,0.7174245635367043,0.4757568859549283,trend_exit
2021-03-25,2021-03-25,2021-04-07,603605_SS,77.4907645072937,76.87185668945312,-0.009474878813534593,0.7023382106279886,0.4757568859549283,trend_exit
2021-03-31,2021-03-31,2021-04-08,601800_SS,6.122421563625336,6.018672466278076,-0.018420343139503914,0.6603403061927993,0.4757568859549283,trend_exit
2021-03-30,2021-03-30,2021-04-09,001872_SZ,12.798317779064178,13.06563663482666,0.019355700107358764,0.6712066236979327,0.4757568859549283,trend_exit
2021-03-26,2021-03-26,2021-04-12,002371_SZ,104.15109458160401,119.32418060302734,0.1439648792050927,0.643350155676846,0.4757568859549283,trend_exit
2021-03-26,2021-03-26,2021-04-12,300661_SZ,56.29531121253967,65.6847915649414,0.16503955595834374,0.6287380064627931,0.4757568859549283,trend_exit
2021-03-30,2021-03-30,2021-04-12,688012_SS,102.46667934799196,115.83097076416016,0.12873009103012834,0.7392002702277531,0.4757568859549283,trend_exit
2021-03-31,2021-03-31,2021-04-12,603260_SS,42.171045278549194,41.21841812133789,-0.02405571827050068,0.6197050647081503,0.4757568859549283,trend_exit
2021-04-07,2021-04-07,2021-04-12,000158_SZ,5.0776051719188695,4.960000038146973,-0.02462679345780272,0.6700180606134538,0.4757568859549283,trend_exit
2021-04-09,2021-04-09,2021-04-13,603979_SS,14.34041857290268,13.881499290466309,-0.033453802546501654,0.6112016981571096,0.4757568859549283,trend_exit
2021-03-30,2021-03-30,2021-04-14,600150_SS,14.940712463378906,15.89126968383789,0.062026514344928785,0.6964219376656928,0.4757568859549283,trend_exit
2021-04-07,2021-04-07,2021-04-15,300803_SZ,18.004125239372254,17.839508056640625,-0.01062958862328267,0.7347208624961238,0.4757568859549283,trend_exit
2021-04-02,2021-04-02,2021-04-21,603766_SS,2.951383277654648,3.0278244018554688,0.024361250584564287,0.7128432827475287,0.4757568859549283,trend_exit
2021-04-15,2021-04-15,2021-04-22,001965_SZ,6.363274168491364,6.32895565032959,-0.006885127133796742,0.6347131302010945,0.4757568859549283,trend_exit
2021-04-15,2021-04-15,2021-04-23,603379_SS,15.75918094968796,15.84061050415039,0.0036593677609462194,0.6574907114883779,0.4757568859549283,trend_exit
2021-04-12,2021-04-12,2021-04-26,300339_SZ,9.000891661167145,9.696416854858398,0.07565701199881603,0.6795563875462722,0.4757568859549283,trend_exit
2021-04-14,2021-04-14,2021-04-26,000596_SZ,209.6302127609253,224.26739501953125,0.06821908434728408,0.6137916567772617,0.4757568859549283,trend_exit
2021-04-19,2021-04-19,2021-04-26,002938_SZ,30.131664301872256,28.974544525146484,-0.03984451643578446,0.6427360167737018,0.4757568859549283,trend_exit
2021-04-16,2021-04-16,2021-04-27,300476_SZ,22.13369670200348,22.858333587646484,0.031189972220006412,0.611838519330664,0.4757568859549283,trend_exit
2021-04-27,2021-04-27,2021-05-07,603156_SS,19.414295493125916,19.171409606933594,-0.013991906154869449,0.6012237025916596,0.4757568859549283,trend_exit
2021-04-16,2021-04-16,2021-05-10,000999_SZ,12.469143765449525,12.822587966918944,0.026802988706016606,0.6265942492300373,0.4757568859549283,trend_exit
2021-04-29,2021-04-29,2021-05-10,300308_SZ,33.88140012550354,31.243427276611328,-0.07924223851027246,0.6164442233440997,0.4757568859549283,stoploss
2021-04-19,2021-04-19,2021-05-11,601607_SS,17.930570706367494,19.19264030456543,0.06878089146951294,0.6586822300151483,0.4757568859549283,trend_exit
2021-04-30,2021-04-30,2021-05-11,603659_SS,26.996469667434695,26.2345027923584,-0.02968234880842402,0.641264221683904,0.4757568859549283,trend_exit
2021-04-29,2021-04-29,2021-05-13,002032_SZ,59.178203445434576,60.88495635986328,0.027297643149617024,0.6052326704018562,0.4757568859549283,trend_exit
2021-04-08,2021-04-08,2021-05-14,601699_SS,4.428607620954514,7.415200233459473,0.6718747892850023,0.6662068759348434,0.4757568859549283,trend_exit
2021-05-13,2021-05-13,2021-05-18,300476_SZ,21.61493724536896,21.166584014892575,-0.02221163545601257,0.7736080811349098,0.5306834030683405,trend_exit
2021-05-11,2021-05-11,2021-05-21,300474_SZ,49.137889347076424,48.991580963134766,-0.004473040220223323,0.7036782624551868,0.595808383233533,trend_exit
2021-05-12,2021-05-12,2021-05-21,600436_SS,331.5953113250733,354.8034362792969,0.06838431975769033,0.7439556126963534,0.6040955631399317,trend_exit
2021-05-12,2021-05-12,2021-05-21,002916_SZ,58.15329573631287,57.21750259399414,-0.017567695575536946,0.7107038698859445,0.595808383233533,trend_exit
2021-05-14,2021-05-14,2021-05-24,000423_SZ,29.363183136940005,29.74961280822754,0.01164060621360874,0.7219503136020515,0.6282051282051282,trend_exit
2021-05-14,2021-05-14,2021-05-24,002371_SZ,120.57082125473023,125.88958740234376,0.04254704175624724,0.780736747651164,0.595808383233533,trend_exit
2021-05-24,2021-05-24,2021-05-28,688568_SS,17.228746307373047,16.93600082397461,-0.018466200555652068,0.7201527050726877,0.5257270693512304,trend_exit
2021-05-12,2021-05-12,2021-06-02,600519_SS,1741.5553197631837,1947.550537109375,0.11660490438405446,0.7079217535768992,0.595808383233533,trend_exit
2021-05-31,2021-05-31,2021-06-02,600132_SS,149.2490509643555,147.83572387695312,-0.010955384055395423,0.7520180818426276,0.595808383233533,trend_exit
2021-05-25,2021-05-25,2021-06-03,603288_SS,97.57196576690676,96.05660247802734,-0.01700742810246092,0.6824269449509723,0.595808383233533,trend_exit
2021-05-14,2021-05-14,2021-06-04,000733_SZ,46.954619041442875,53.17422866821289,0.13076132676848196,0.70130632860627,0.595808383233533,trend_exit
2021-05-25,2021-05-25,2021-06-04,603939_SS,42.84333592605591,42.77916717529297,-0.0029955067398901303,0.6803209524304239,0.6040955631399317,trend_exit
2021-05-13,2021-05-13,2021-06-07,300308_SZ,33.95035869407654,40.00849914550781,0.17667347072122475,0.7654121139581578,0.5306834030683405,trend_exit
2021-05-18,2021-05-18,2021-06-07,300750_SZ,192.17378474426272,211.84915161132812,0.10072962431066634,0.7688850441327992,0.4808444096950743,trend_exit
2021-05-25,2021-05-25,2021-06-08,001872_SZ,13.31129407596588,13.48234748840332,0.011330971304823523,0.6900490802460765,0.5428571428571428,trend_exit
2021-06-04,2021-06-04,2021-06-08,300316_SZ,41.34751187133789,40.12556076049805,-0.031008865925723827,0.7435512041219072,0.595808383233533,trend_exit
2021-06-07,2021-06-07,2021-06-08,000596_SZ,231.22847960662844,208.4372711181641,-0.09991790126565048,0.7337856077238242,0.595808383233533,stoploss
2021-05-25,2021-05-25,2021-06-11,600482_SS,16.479457018852234,16.979616165161133,0.028804937050906476,0.6857161012343034,0.5428571428571428,trend_exit
2021-06-07,2021-06-07,2021-06-11,002938_SZ,28.87431082057953,26.793230056762695,-0.07346567064693676,0.7547190725144899,0.6040955631399317,stoploss
2021-06-09,2021-06-09,2021-06-11,000733_SZ,54.48336656188965,50.90946578979492,-0.06699778668472967,0.704132608267781,0.6040955631399317,trend_exit
2021-06-04,2021-06-04,2021-06-15,603605_SS,84.1182445487976,84.4826431274414,0.002825482334153806,0.7092853397092098,0.5428571428571428,trend_exit
2021-06-04,2021-06-04,2021-06-15,300373_SZ,44.173739645004275,43.77558517456055,-0.01049985470854331,0.7008243640925518,0.5106132075471697,trend_exit
2021-06-04,2021-06-04,2021-06-16,601799_SS,190.62879189300534,197.7790985107422,0.035952795492810496,0.8445924780701904,0.6282051282051282,trend_exit
2021-06-07,2021-06-07,2021-06-16,001965_SZ,6.495669367074967,6.395054817199707,-0.016966247183034633,0.7057870671020229,0.5306834030683405,trend_exit
2021-06-09,2021-06-09,2021-06-16,601100_SS,74.75919526290895,69.72905731201172,-0.06868361167890735,0.7233975536681709,0.6040955631399317,trend_exit
2021-06-11,2021-06-11,2021-06-16,002050_SZ,20.676222016334535,19.045433044433594,-0.08025436756079873,0.7363946103477659,0.5079037800687287,stoploss
2021-06-15,2021-06-15,2021-06-17,000559_SZ,4.223316434144974,4.133320331573486,-0.022777379949822096,0.7812282956779968,0.5306834030683405,trend_exit
2021-06-18,2021-06-18,2021-06-22,300502_SZ,16.51171663951874,15.771258354187012,-0.0462771491023648,0.6909573975894315,0.5079037800687287,trend_exit
2021-06-17,2021-06-17,2021-06-24,300474_SZ,64.25104025650025,62.51982498168945,-0.02840413174631351,0.716166461612036,0.5106132075471697,trend_exit
2021-06-18,2021-06-18,2021-06-28,300316_SZ,42.09980591964722,44.993873596191406,0.0671399025341064,0.800126832472677,0.5306834030683405,trend_exit
2021-06-18,2021-06-18,2021-06-28,000733_SZ,54.149817213058476,56.8853874206543,0.048942771423164055,0.7147270077581702,0.5306834030683405,trend_exit
2021-06-22,2021-06-22,2021-06-29,300779_SZ,12.295266931533813,11.915142059326172,-0.0323699833043789,0.691160229110744,0.5869565217391305,trend_exit
2021-06-08,2021-06-08,2021-06-30,601958_SS,5.277876327753067,5.83204460144043,0.10334084637739172,0.7566821213981654,0.5079037800687287,trend_exit
2021-06-21,2021-06-21,2021-06-30,002179_SZ,40.18380450820922,40.95283508300781,0.017609117176287548,0.6828799216905876,0.595808383233533,trend_exit
2021-05-13,2021-05-13,2021-07-01,002594_SZ,48.30267309761047,76.59101867675781,0.5832691493946729,0.7108455210277793,0.4767287234042553,trend_exit
2021-06-18,2021-06-18,2021-07-01,688065_SS,64.87118600082398,73.13689422607422,0.1257261256763138,0.7203769669158151,0.556603773584906,trend_exit
2021-06-18,2021-06-18,2021-07-01,300803_SZ,23.61490383243561,24.432966232299805,0.03308982141364725,0.7518428209651787,0.5257270693512304,trend_exit
2021-06-28,2021-06-28,2021-07-02,600233_SS,9.323654056072236,9.040246963500977,-0.03185097400982018,0.762015182394669,0.6418511066398389,trend_exit
2021-06-29,2021-06-29,2021-07-02,600673_SS,4.2576166362762455,4.195179462432861,-0.016142820950912462,0.71858689547999,0.6964285714285714,trend_exit
2021-06-30,2021-06-30,2021-07-02,300316_SZ,48.08957774925232,45.07945251464844,-0.06400023783581055,0.7272771481813314,0.5593548387096774,trend_exit
2021-06-30,2021-06-30,2021-07-02,600588_SS,33.03210945129395,31.28689765930176,-0.05425454711342792,0.7072986766596193,0.5562310030395136,trend_exit
2021-06-18,2021-06-18,2021-07-06,300896_SZ,447.7904917297363,516.9967041015625,0.1528186028500471,0.7116096083285138,0.5079037800687287,trend_exit
2021-06-25,2021-06-25,2021-07-06,300661_SZ,80.62570890426636,90.6217803955078,0.12229522015559513,0.7255061115855094,0.6421663442940039,trend_exit
2021-07-07,2021-07-07,2021-07-09,600015_SS,4.547848160743714,4.489323139190674,-0.014349425036906727,0.7287690600215446,0.4500292226767972,trend_exit
2021-06-28,2021-06-28,2021-07-13,300124_SZ,67.00616620635986,73.37395477294922,0.09339032493155819,0.7701527789713478,0.6418511066398389,trend_exit
2021-07-09,2021-07-09,2021-07-13,300498_SZ,13.177776151657104,12.931987762451172,-0.020123757438106238,0.7341462864313388,0.6418511066398389,trend_exit
2021-07-02,2021-07-02,2021-07-14,002466_SZ,61.29057058906555,64.72929382324219,0.05452109943381611,0.8099731977577196,0.5095057034220534,trend_exit
2021-07-05,2021-07-05,2021-07-14,002371_SZ,211.9690276184082,232.8657989501953,0.0969362027284093,0.7728647913880284,0.4500292226767972,trend_exit
2021-07-06,2021-07-06,2021-07-14,002594_SZ,81.2123037261963,79.40410614013672,-0.023731671887644024,0.7872266826282943,0.6418511066398389,trend_exit
2021-07-07,2021-07-07,2021-07-14,688012_SS,164.4089179611206,167.10693359375,0.014885781517140817,0.7641382473860061,0.5593548387096774,trend_exit
2021-07-08,2021-07-08,2021-07-15,688568_SS,19.01210849094391,18.29331970214844,-0.03925018462334906,0.730059566212247,0.6418511066398389,trend_exit
2021-07-13,2021-07-13,2021-07-15,601800_SS,5.6818861474990845,5.585005760192871,-0.01852516808926774,0.7725829596670765,0.7071103934125613,trend_exit
2021-07-13,2021-07-13,2021-07-15,000596_SZ,217.4002885284424,213.10711669921875,-0.021218152632161646,0.8081661033455145,0.7049180327868853,trend_exit
2021-07-08,2021-07-08,2021-07-16,002821_SZ,240.90173545837402,238.31993103027344,-0.012201175384034757,0.839463318199695,0.6421663442940039,trend_exit
2021-07-07,2021-07-07,2021-07-19,300316_SZ,47.46314741516114,48.650760650634766,0.023484264217624062,0.7220870998270554,0.5593548387096774,trend_exit
2021-07-14,2021-07-14,2021-07-20,300114_SZ,8.68026774597168,8.454742431640625,-0.02744240557430533,0.7163508363906603,0.5593548387096774,trend_exit
2021-07-14,2021-07-14,2021-07-20,601058_SS,8.680266790866852,8.454741477966309,-0.027442408264239937,0.707707048757978,0.5593548387096774,trend_exit
2021-07-14,2021-07-14,2021-07-20,300896_SZ,540.8752221984863,522.4449462890625,-0.03552380020434054,0.8062742416420869,0.5146726862302484,trend_exit
2021-07-21,2021-07-21,2021-07-23,000596_SZ,224.2511408462524,201.5693359375,-0.1024929408426809,0.760907955297763,0.6421663442940039,stoploss
2021-07-21,2021-07-21,2021-07-26,002821_SZ,263.2481320953369,234.8304748535156,-0.1092881561024045,0.760578304722062,0.5765957446808511,stoploss
2021-07-21,2021-07-21,2021-07-27,688169_SS,289.9855658721924,252.4836578369141,-0.13062937601083602,0.7057745801253548,0.5593548387096774,stoploss
2021-07-21,2021-07-21,2021-07-27,002920_SZ,111.94048638916016,102.63660430908205,-0.08448986860447993,0.7263452181899194,0.5146726862302484,stoploss
2021-07-07,2021-07-07,2021-07-28,000733_SZ,59.458056800842286,76.31131744384766,0.2815227164740184,0.710894531586956,0.5765957446808511,trend_exit
2021-07-15,2021-07-15,2021-07-28,002155_SZ,5.9614099917411805,6.086748123168945,0.019493376466977574,0.710868215462279,0.6421663442940039,trend_exit
2021-07-16,2021-07-16,2021-07-28,300661_SZ,96.06234235763549,108.22662353515624,0.12493908588586544,0.7777017635445869,0.5095057034220534,trend_exit
2021-07-22,2021-07-22,2021-07-28,601611_SS,6.715583686351777,6.503782749176025,-0.032991415437170324,0.7157237739058053,0.6421663442940039,trend_exit
2021-07-23,2021-07-23,2021-07-28,688318_SS,44.160242103576664,40.261474609375,-0.08965439312650558,0.782218282423801,0.6188118811881188,stoploss
2021-07-27,2021-07-27,2021-07-29,600578_SS,2.494059267640114,2.3991034030914307,-0.03951570876123278,0.6970342364122474,0.6418511066398389,trend_exit
2021-07-21,2021-07-21,2021-08-06,300316_SZ,52.38136039543152,62.44880676269531,0.19040691348653138,0.7484640807820244,0.6188118811881188,trend_exit
2021-07-23,2021-07-23,2021-08-06,601800_SS,5.637633753061295,5.920813083648682,0.04865482984114866,0.7476218355483888,0.6421663442940039,trend_exit
2021-07-29,2021-07-29,2021-08-09,300750_SZ,290.03474230957033,268.37957763671875,-0.07605204074401262,0.8379854035341852,0.45667686034658506,stoploss
2021-07-30,2021-07-30,2021-08-09,688617_SS,206.70225868225103,207.2828063964844,0.001304405217231519,0.7348590908669388,0.5095057034220534,trend_exit
2021-07-28,2021-07-28,2021-08-10,002821_SZ,266.21659790039064,281.4193420410156,0.05552101275478649,0.7754833860850989,0.6421663442940039,trend_exit
2021-07-28,2021-07-28,2021-08-10,300759_SZ,88.30370492553712,90.9206314086914,0.02809106977032272,0.756396250904691,0.5095057034220534,trend_exit
2021-08-02,2021-08-02,2021-08-11,000963_SZ,34.39121216011048,33.7784423828125,-0.019290900180648385,0.7329943459530184,0.5765957446808511,trend_exit
2021-07-30,2021-07-30,2021-08-12,600023_SS,2.978000855326653,3.019007444381714,0.012249183146889164,0.7598042169248922,0.584,trend_exit
2021-08-02,2021-08-02,2021-08-12,688111_SS,332.47171551513674,346.7940368652344,0.04151369770933622,0.8347776265748398,0.6421663442940039,trend_exit
2021-08-10,2021-08-10,2021-08-13,600519_SS,1594.0332205810548,1504.0921630859375,-0.057838942469554344,0.6687021964321641,0.46774193548387094,trend_exit
2021-08-02,2021-08-02,2021-08-17,601919_SS,10.729552125930788,11.670952796936035,0.0861074377538098,0.7900373753314403,0.584,trend_exit
2021-08-10,2021-08-10,2021-08-17,300832_SZ,53.33864286231995,51.491607666015625,-0.036076519846415356,0.6370391354232577,0.48717948717948717,trend_exit
2021-08-11,2021-08-11,2021-08-17,002555_SZ,15.04141680622101,14.2348051071167,-0.05504560623720933,0.6697437561152201,0.46774193548387094,trend_exit
2021-08-10,2021-08-10,2021-08-18,000661_SZ,278.66884204101564,263.9697570800781,-0.05416837952172593,0.7388660983074722,0.48717948717948717,trend_exit
2021-08-19,2021-08-19,2021-08-24,688617_SS,195.09460227966312,169.96275329589844,-0.1301255535369309,0.7347556582321378,0.48717948717948717,stoploss_deferred
2021-08-23,2021-08-23,2021-08-24,300394_SZ,14.647419827938078,13.550076484680176,-0.07630480119461802,0.6495980614831893,0.46774193548387094,stoploss
2021-08-24,2021-08-24,2021-08-26,688111_SS,340.3876854553223,262.7730407714844,-0.22917634091446648,0.6830020228412044,0.48717948717948717,stoploss_deferred
2021-08-19,2021-08-19,2021-08-26,300803_SZ,24.343026087760926,24.044687271118164,-0.013737234078616378,0.7506508678649066,0.48717948717948717,trend_exit
2021-08-24,2021-08-24,2021-08-26,002032_SZ,42.80697317504883,41.12520980834961,-0.040728205058608524,0.642913408834727,0.48717948717948717,trend_exit
2021-08-20,2021-08-20,2021-08-27,688012_SS,173.74308867645266,172.38870239257812,-0.00928364604169718,0.6692148859134228,0.46774193548387094,trend_exit
2021-08-25,2021-08-25,2021-08-27,600660_SS,41.747127731323246,40.85371017456055,-0.022868594174162094,0.6602061081868448,0.48717948717948717,trend_exit
2021-08-23,2021-08-23,2021-08-30,002920_SZ,90.40896990966797,86.7648696899414,-0.041746383439967394,0.7214632835549447,0.5714285714285714,trend_exit
2021-08-24,2021-08-24,2021-08-31,002821_SZ,245.64655870819092,235.78030395507812,-0.04160418636756025,0.7132710287228614,0.48717948717948717,trend_exit
2021-08-25,2021-08-25,2021-08-31,002304_SZ,147.4869207611084,142.239990234375,-0.03702220158850045,0.6968783637663126,0.48717948717948717,trend_exit
2021-08-26,2021-08-26,2021-09-09,300760_SZ,294.3161486968994,305.48583984375,0.03639440932653737,0.767250248402638,0.48717948717948717,trend_exit
2021-09-02,2021-09-02,2021-09-09,600519_SS,1434.3641440429687,1445.734619140625,0.00641529782179906,0.7229772643467578,0.48717948717948717,trend_exit
2021-09-03,2021-09-03,2021-09-10,000963_SZ,28.966936886787412,28.801944732666016,-0.00718733472006694,0.7016397963139184,0.48717948717948717,trend_exit
2021-08-25,2021-08-25,2021-09-13,603259_SS,123.92588293075562,127.42313385009766,0.026678173601669686,0.6587511366076908,0.48717948717948717,trend_exit
2021-09-01,2021-09-01,2021-09-13,603369_SS,40.88477504348755,40.78638458251953,-0.0039029207736147598,0.6904865971421804,0.46774193548387094,trend_exit
2021-09-01,2021-09-01,2021-09-14,600578_SS,2.5123306617736816,2.8369622230529785,0.12752147749473997,0.6843149652228118,0.5306122448979592,trend_exit
2021-09-01,2021-09-01,2021-09-14,300765_SZ,5.4707697763443,5.507351398468018,0.005176711172982351,0.6636507460334307,0.5306122448979592,trend_exit
2021-09-01,2021-09-01,2021-09-14,000858_SZ,180.28112506103517,178.29515075683594,-0.012499461768787912,0.7387230395253312,0.48717948717948717,trend_exit
2021-09-01,2021-09-01,2021-09-14,688318_SS,39.779294691085816,41.3248291015625,0.037294456282976673,0.7135698809133356,0.48717948717948717,trend_exit
2021-09-02,2021-09-02,2021-09-15,603605_SS,74.96196019744873,83.9000015258789,0.11755550819282434,0.6663132584412356,0.5714285714285714,trend_exit
2021-09-13,2021-09-13,2021-09-16,688520_SS,54.41149683380127,51.380001068115234,-0.057130679142741836,0.6912432617951694,0.4659090909090909,trend_exit
2021-09-15,2021-09-15,2021-09-17,601127_SS,79.15598595428467,74.80785369873047,-0.0563487900798596,0.6159057901654101,0.4560315670800451,trend_exit
2021-09-14,2021-09-14,2021-09-22,688111_SS,250.33340327453615,235.4247283935547,-0.06096594291427593,0.7693979664480282,0.5306122448979592,trend_exit
2021-09-24,2021-09-24,2021-09-28,688599_SS,51.06318583869935,46.42955780029297,-0.09210691220801848,0.661219425094927,0.5240297607078221,stoploss
2021-09-24,2021-09-24,2021-09-28,601865_SS,47.550333204269414,43.91386413574219,-0.07786149150261723,0.6182493914292413,0.5240297607078221,stoploss
2021-09-24,2021-09-24,2021-09-29,603198_SS,49.32687020874024,44.70909118652344,-0.09497546953965219,0.6130222099103002,0.5240297607078221,stoploss_deferred
2021-09-24,2021-09-24,2021-09-29,688169_SS,188.74060313415526,179.59414672851562,-0.049887769082944455,0.6330784838648464,0.5240297607078221,trend_exit
2021-09-17,2021-09-17,2021-10-08,603392_SS,92.32930367660524,105.66167449951172,0.1426836094995405,0.614198615053166,0.5240297607078221,trend_exit
2021-09-30,2021-09-30,2021-10-08,688599_SS,51.13957130241394,47.34479904174805,-0.07559291876672491,0.6565693389304526,0.5240297607078221,stoploss
2021-09-24,2021-09-24,2021-10-12,688111_SS,254.3013060531616,257.8922424316406,0.012599612894484302,0.673057334568815,0.5240297607078221,trend_exit
2021-09-30,2021-09-30,2021-10-12,600418_SS,13.47566666173935,12.897329330444336,-0.04435278344986415,0.6098077576633179,0.5611510791366906,trend_exit
2021-10-08,2021-10-08,2021-10-13,688568_SS,18.946548185348515,18.537309646606445,-0.023067236255200685,0.6330785347838215,0.5611510791366906,trend_exit
2021-10-11,2021-10-11,2021-10-13,002517_SZ,4.170609929323197,4.000107288360596,-0.04232062093703992,0.6432012992049531,0.5240297607078221,trend_exit
2021-09-17,2021-09-17,2021-10-14,300498_SZ,12.904220757484437,13.958635330200195,0.080088262526123,0.6305047967411874,0.4560315670800451,trend_exit
2021-09-24,2021-09-24,2021-10-18,000568_SZ,162.69967764282228,196.02793884277344,0.203038013168088,0.6265852420832565,0.5240297607078221,trend_exit
2021-09-23,2021-09-23,2021-10-21,000733_SZ,86.89610963439942,97.6784896850586,0.12239745094320309,0.6117101376561161,0.5240297607078221,trend_exit
2021-10-08,2021-10-08,2021-10-22,603596_SS,33.03121547317505,37.63840103149414,0.13777052680569812,0.638719638073459,0.5240297607078221,trend_exit
2021-09-24,2021-09-24,2021-10-25,000423_SZ,29.9532812833786,36.950801849365234,0.23176406943652061,0.6148744997180079,0.5240297607078221,trend_exit
2021-10-11,2021-10-11,2021-10-25,600426_SS,29.980052871704103,29.103618621826172,-0.030690061880413566,0.6073721565980954,0.5240297607078221,trend_exit
2021-10-12,2021-10-12,2021-10-26,603605_SS,88.48973642349243,92.12493896484376,0.03951887839475665,0.6155955761366999,0.5240297607078221,trend_exit
2021-10-12,2021-10-12,2021-10-27,601127_SS,58.58017028808594,67.92987823486328,0.15786593114950165,0.625563263498802,0.5240297607078221,trend_exit
2021-10-14,2021-10-14,2021-10-27,688169_SS,194.88778005981447,217.16839599609375,0.1126538736063738,0.6106904924563731,0.5240297607078221,trend_exit
2021-10-22,2021-10-22,2021-10-27,000596_SZ,215.5733945770264,207.771484375,-0.03763714647861993,0.6292260799035676,0.5240297607078221,trend_exit
2021-10-18,2021-10-18,2021-10-28,000768_SZ,28.388424161911015,28.395099639892575,-0.0012652048339643063,0.6166477031402339,0.5240297607078221,trend_exit
2021-10-26,2021-10-26,2021-10-28,300765_SZ,5.493190862178802,5.32377290725708,-0.03229518484494143,0.6537958413184585,0.5240297607078221,trend_exit
2021-10-27,2021-10-27,2021-10-29,300779_SZ,11.371879224777222,10.830012321472168,-0.04907824914032144,0.644737723548381,0.5240297607078221,trend_exit
2021-10-14,2021-10-14,2021-11-02,600580_SS,10.54413953590393,11.996858596801758,0.13606835988059873,0.622208998134714,0.5611510791366906,trend_exit
2021-10-14,2021-10-14,2021-11-04,600673_SS,7.551421231508256,9.763835906982422,0.29104043520225265,0.6314980099065519,0.5433526011560695,trend_exit
2021-10-21,2021-10-21,2021-11-05,603198_SS,48.09324535179138,53.55966567993164,0.11199245944461378,0.6435728647861483,0.5240297607078221,trend_exit
2021-10-28,2021-10-28,2021-11-08,688278_SS,25.33671524047852,27.02568244934082,0.06506086797528998,0.6103633653491946,0.5240297607078221,trend_exit
2021-11-01,2021-11-01,2021-11-08,688169_SS,244.4853193359375,226.64871215820312,-0.07434630551782118,0.625462442806876,0.5240297607078221,stoploss
2021-10-26,2021-10-26,2021-11-10,603596_SS,40.22654735946656,40.5234260559082,0.005869098216360502,0.6397396175838047,0.5240297607078221,trend_exit
2021-11-04,2021-11-04,2021-11-11,002594_SZ,105.41735728073121,101.0458526611328,-0.04290634403350624,0.608406924721331,0.5240297607078221,trend_exit
2021-11-03,2021-11-03,2021-11-16,688608_SS,163.91843724823,164.76901245117188,0.003681231314762501,0.6114226900642259,0.5240297607078221,trend_exit
2021-11-12,2021-11-12,2021-11-16,600160_SS,12.160676424503329,11.541540145874023,-0.052336610779783244,0.7853277329360602,0.5121951219512199,trend_exit
2021-11-05,2021-11-05,2021-11-17,300803_SZ,22.093005415916444,24.037796020507812,0.08639539413616859,0.7179270006817073,0.5578231292517006,trend_exit
2021-10-26,2021-10-26,2021-11-18,601689_SS,33.17971517181397,36.642601013183594,0.10271100647497011,0.6347069332770515,0.5240297607078221,trend_exit
2021-11-04,2021-11-04,2021-11-18,002195_SZ,1.9641703326106075,2.3142495155334473,0.17646524993016177,0.6350843454007287,0.5240297607078221,trend_exit
2021-11-02,2021-11-02,2021-11-19,603529_SS,15.845815643310548,16.89405059814453,0.0645529332135446,0.6195673256204515,0.5240297607078221,trend_exit
2021-11-01,2021-11-01,2021-11-22,300765_SZ,5.533548816680908,5.825255870819092,0.05113701526928671,0.6476139345973955,0.5240297607078221,trend_exit
2021-11-09,2021-11-09,2021-11-22,001965_SZ,5.751092088222504,6.013110160827637,0.04399136781029811,0.7586311871060827,0.5121951219512199,trend_exit
2021-11-12,2021-11-12,2021-11-24,688278_SS,28.434187054634094,29.191638946533203,0.025098816157749004,0.6926827877755656,0.5121951219512199,trend_exit
2021-11-11,2021-11-11,2021-11-29,600018_SS,4.094614148378373,4.132161617279053,0.007656210167489741,0.7149821146384447,0.5121951219512199,trend_exit
2021-11-19,2021-11-19,2021-11-29,600188_SS,7.642515787124634,7.701478004455566,0.006203454679690745,0.7972344331951412,0.4598765432098766,trend_exit
2021-11-24,2021-11-24,2021-11-30,300765_SZ,5.892289055347443,5.901372909545898,3.933867329974916e-05,0.8406489978252578,0.5900000000000001,trend_exit
2021-12-02,2021-12-02,2021-12-07,300803_SZ,25.102237005233768,24.30656623840332,-0.033149659769946216,0.6907896369075952,0.4650112866817157,trend_exit
2021-11-16,2021-11-16,2021-12-14,600027_SS,2.936543097615242,3.853193044662475,0.3101845017088136,0.7411941068442394,0.5578231292517006,trend_exit
2021-12-03,2021-12-03,2021-12-14,601816_SS,4.292481305360794,4.361246109008789,0.014495796267481209,0.8702413146966987,0.5900000000000001,trend_exit
2021-12-03,2021-12-03,2021-12-14,601111_SS,8.27239022922516,8.260000228881836,-0.0029955067398901303,0.7182803977650437,0.4598765432098766,trend_exit
2021-12-14,2021-12-14,2021-12-17,688278_SS,27.066220973014833,26.137834548950195,-0.03574910501369055,0.7221028773544687,0.4650112866817157,trend_exit
2021-12-14,2021-12-14,2021-12-20,688617_SS,143.7445908203125,137.4055938720703,-0.0455328809362433,0.7045784129696692,0.4598765432098766,trend_exit
2021-12-03,2021-12-03,2021-12-22,601138_SS,9.905344414711,10.470751762390137,0.055495417122413127,0.6707412385091494,0.4598765432098766,trend_exit
2021-12-17,2021-12-17,2021-12-24,601186_SS,6.801205013751984,6.825933456420898,0.00213043754084552,0.6448522933448668,0.6467780429594272,trend_exit
2021-12-21,2021-12-21,2021-12-24,002966_SZ,4.991180601358414,4.932551860809326,-0.013228847764460983,0.6958360692106714,0.6467780429594272,trend_exit
2021-12-24,2021-12-24,2021-12-28,002085_SZ,5.4654044749736785,5.30322265625,-0.031129745929531105,0.6453315361179296,0.6149068322981367,trend_exit
2021-12-21,2021-12-21,2021-12-29,601689_SS,33.67941073608399,35.19898223876953,0.043551030058726514,0.6205750171953495,0.5401111993645751,trend_exit
2021-12-22,2021-12-22,2021-12-29,000423_SZ,40.254073480606074,38.524471282958984,-0.04440268400246927,0.6136677970682665,0.5401111993645751,trend_exit
2021-12-01,2021-12-01,2021-12-30,600578_SS,2.5762808994054796,3.1015021800994873,0.2020622159423644,0.7637267032867567,0.4650112866817157,trend_exit
2021-12-21,2021-12-21,2021-12-30,600015_SS,4.333827793359757,4.311909198760986,-0.006549973776162732,0.6495891992870111,0.4643719806763285,trend_exit
2021-12-21,2021-12-21,2021-12-31,601998_SS,3.6104041762351993,3.636481523513794,0.005711998985894251,0.6456650716032455,0.6467780429594272,trend_exit
2021-12-22,2021-12-22,2021-12-31,688278_SS,26.821939541816715,28.567218780517575,0.06347148787938761,0.7292334102037283,0.8681318681318682,trend_exit
2021-12-31,2021-12-31,2022-01-04,688617_SS,130.68538902282717,120.23688507080078,-0.08133165734216863,0.6298035064500005,0.5893271461716937,stoploss
2021-12-24,2021-12-24,2022-01-05,300803_SZ,26.503322301864625,26.863338470458984,0.01206343707581814,0.6370781633874731,0.5977229601518026,trend_exit
2021-12-28,2021-12-28,2022-01-06,002281_SZ,21.92051921463013,22.364774703979492,0.01873624996160128,0.63827129801508,0.6467780429594272,trend_exit
2021-12-31,2021-12-31,2022-01-07,000423_SZ,42.448319850921635,38.89833068847656,-0.08500540589475036,0.6043731192923175,0.5324675324675323,stoploss
2022-01-05,2022-01-05,2022-01-07,002085_SZ,5.301538572311402,5.30322265625,-0.0011828170181628073,0.6942613806615003,0.6467780429594272,trend_exit
2021-12-30,2021-12-30,2022-01-11,600487_SS,13.991597097873688,14.637289047241213,0.044579329395602274,0.6602182801928358,0.5977229601518026,trend_exit
2022-01-07,2022-01-07,2022-01-11,688278_SS,28.873890574455263,27.708641052246097,-0.041795977603904966,0.6944300715734064,0.6467780429594272,trend_exit
2021-12-21,2021-12-21,2022-01-12,601816_SS,4.424267147064209,4.605626106262207,0.039430376656699906,0.7191465440604659,0.5977229601518026,trend_exit
2022-01-10,2022-01-10,2022-01-12,300308_SZ,42.79195510673523,39.82939147949219,-0.07062794179241849,0.6005380006980553,0.5977229601518026,trend_exit
2021-12-23,2021-12-23,2022-01-13,002422_SZ,16.794439129829406,17.92673110961914,0.06581951767367755,0.6437134791074223,0.5977229601518026,trend_exit
2021-12-31,2021-12-31,2022-01-13,300765_SZ,6.87882017493248,7.4461188316345215,0.08084663711390716,0.6628468197380801,0.5977229601518026,trend_exit
2021-12-31,2021-12-31,2022-01-13,600282_SS,2.814742160558701,2.8788902759552,0.021255865215977998,0.6011128788738329,0.5612903225806452,trend_exit
2022-01-11,2022-01-11,2022-01-13,300803_SZ,27.04167286872864,26.56700134277344,-0.01902700437458349,0.694258665341674,0.6467780429594272,trend_exit
2022-01-11,2022-01-11,2022-01-14,688111_SS,264.3447146911621,241.27377319335935,-0.088645056455809,0.6536579165447086,0.5977229601518026,stoploss
2022-01-12,2022-01-12,2022-01-18,603379_SS,21.552991056442266,20.982452392578125,-0.027931730722500547,0.6542816772185236,0.6149068322981367,trend_exit
2022-01-04,2022-01-04,2022-01-19,600060_SS,12.583816516399384,13.051641464233398,0.035620948942914454,0.6168651551095581,0.6116504854368932,trend_exit
2022-01-14,2022-01-14,2022-01-19,688002_SS,71.35494950866699,67.41817474365234,-0.05658895500500161,0.6275368910883738,0.5977229601518026,trend_exit
2022-01-12,2022-01-12,2022-01-20,002085_SZ,5.311177490234376,5.168476581573486,-0.02832773406836564,0.6554448720798884,0.528409090909091,trend_exit
2022-01-18,2022-01-18,2022-01-20,688256_SS,92.47850633239747,90.3499984741211,-0.024481719545186964,0.6339989815383633,0.6149068322981367,trend_exit
2022-01-18,2022-01-18,2022-01-20,601698_SS,14.35915963983536,13.980701446533203,-0.027817034944291108,0.6574362636566805,0.6116504854368932,trend_exit
2022-01-11,2022-01-11,2022-01-21,601689_SS,34.845364505767826,36.143653869628906,0.03570270825695365,0.6354053259894344,0.5401111993645751,trend_exit
2022-01-18,2022-01-18,2022-01-21,603529_SS,19.742811439514163,18.99578094482422,-0.03928134392019822,0.6280025207532618,0.6149068322981367,trend_exit
2022-01-18,2022-01-18,2022-01-21,600522_SS,14.076551762104035,13.492486000061035,-0.042929866721334475,0.6095258357746121,0.5180327868852458,trend_exit
2021-12-30,2021-12-30,2022-01-25,688318_SS,37.28094676399231,45.3968391418457,0.21586890402991488,0.6888301298705833,0.6467780429594272,trend_exit
2022-01-19,2022-01-19,2022-01-25,600674_SS,10.46377128505707,10.213512420654297,-0.025380823586331536,0.6218631180494505,0.5893271461716937,trend_exit
2022-01-19,2022-01-19,2022-01-26,300803_SZ,27.048574456214908,27.22170066833496,0.004890966114746709,0.6838615042697586,0.6467780429594272,trend_exit
2022-01-20,2022-01-20,2022-01-26,600153_SS,7.339776209831238,7.0654296875,-0.038821982948311184,0.6054062835881701,0.5977229601518026,trend_exit
2022-01-21,2022-01-21,2022-01-27,600489_SS,7.467651374816896,7.078695297241211,-0.05350733456425494,0.621320818091578,0.4643719806763285,trend_exit
2022-01-26,2022-01-26,2022-03-04,603379_SS,21.21607591819763,22.433826446533203,0.05581144190995935,0.6258649345536441,0.5893271461716937,trend_exit
2022-05-11,2022-05-11,2022-05-19,601336_SS,24.178341182708742,23.646116256713867,-0.023479447828535727,0.6298393172077187,0.5251364048726743,trend_exit
2022-06-01,2022-06-01,2022-06-10,603529_SS,24.290716906547548,25.25878143310547,0.03829349121258474,0.6109858005779039,0.5240963855421686,trend_exit
2022-06-15,2022-06-15,2022-06-20,600482_SS,15.837864395618439,15.648191452026367,-0.013457952754607372,0.6144882070926393,0.5194805194805194,trend_exit
2022-06-16,2022-06-16,2022-06-24,002456_SZ,5.868790133714676,5.940000057220459,0.010615462812693766,0.6108925866988862,0.5194805194805194,trend_exit
2022-06-23,2022-06-23,2022-06-27,300803_SZ,43.958248893737796,42.383155822753906,-0.037277822614800726,0.6050194479704579,0.6874635568513121,trend_exit
2022-06-21,2022-06-21,2022-06-28,600221_SS,1.6124150143265725,1.600000023841858,-0.0091880752714677,0.6518904011890552,0.7156783103168156,trend_exit
2022-06-21,2022-06-21,2022-06-29,600518_SS,2.433645066857338,2.4100000858306885,-0.01120129698723793,0.6944188360338307,0.7274247491638796,trend_exit
2022-06-27,2022-06-27,2022-06-29,300972_SZ,13.225155081748966,12.847372055053713,-0.03002264112016184,0.6473215548709489,0.7274247491638796,trend_exit
2022-06-24,2022-06-24,2022-07-01,600879_SS,6.401985044717789,6.323871612548828,-0.01368313717946923,0.6414765920288219,0.7274247491638796,trend_exit
2022-06-24,2022-06-24,2022-07-01,688336_SS,15.73540170478821,15.40375804901123,-0.02254466072782546,0.6372170879470376,0.7274247491638796,trend_exit
2022-06-28,2022-06-28,2022-07-01,601598_SS,3.1315193910598755,3.0635006427764893,-0.02318810461619858,0.7332971179058303,0.7274247491638796,trend_exit
2022-06-23,2022-06-23,2022-07-04,603529_SS,28.65687356567383,31.016340255737305,0.08071160220528695,0.6670874649520236,0.7274247491638796,trend_exit
2022-06-24,2022-06-24,2022-07-04,002558_SZ,8.572819407939912,8.474663734436035,-0.012932462919124199,0.64592838790726,0.7274247491638796,trend_exit
2022-06-21,2022-06-21,2022-07-05,600515_SS,3.260392879366875,3.275482177734375,0.0031211192875857385,0.6363833458692076,0.6874635568513121,trend_exit
2022-06-24,2022-06-24,2022-07-05,601698_SS,10.913007706165315,11.115391731262209,0.017017392684061328,0.6865540714621785,0.7274247491638796,trend_exit
2022-06-24,2022-06-24,2022-07-05,000997_SZ,12.089944226264953,11.997661590576172,-0.009121558049462908,0.6310669694190378,0.7274247491638796,trend_exit
2022-06-30,2022-06-30,2022-07-06,688278_SS,28.920253273010257,27.848419189453125,-0.038506118941239675,0.6831844643854659,0.6874635568513121,trend_exit
2022-07-04,2022-07-04,2022-07-06,300779_SZ,9.681738137722016,9.617405891418455,-0.008134733042802544,0.6449439211831103,0.7274247491638796,trend_exit
2022-07-05,2022-07-05,2022-07-07,601868_SS,2.2708314509391787,2.2293219566345215,-0.019752006350386875,0.6561853383534949,0.7156783103168156,trend_exit
2022-07-01,2022-07-01,2022-07-08,600282_SS,2.638415721535683,2.6261796951293945,-0.006130685098998501,0.6410248603290547,0.7156783103168156,trend_exit
2022-07-07,2022-07-07,2022-07-12,603766_SS,4.359242655277252,4.120197296142578,-0.05625418781907454,0.6326411915100805,0.7193158953722333,trend_exit
2022-07-12,2022-07-12,2022-07-15,601018_SS,3.5934556022882465,3.5513668060302734,-0.013195055599636407,0.6407618637027759,0.7193158953722333,trend_exit
2022-07-12,2022-07-12,2022-07-15,601298_SS,4.617991059303284,4.518685340881348,-0.022971838851776227,0.6044218582132987,0.6956521739130435,trend_exit
2022-07-05,2022-07-05,2022-07-18,000958_SZ,4.367531532526017,4.603785037994385,0.05251200276480428,0.6972483280180221,0.7156783103168156,trend_exit
2022-06-30,2022-06-30,2022-07-19,300765_SZ,6.470691465616227,7.611030578613281,0.17446706787488964,0.6322579702400934,0.7274247491638796,trend_exit
2022-07-07,2022-07-07,2022-07-25,002085_SZ,5.417207975149155,6.236820697784424,0.14957105123258319,0.6535732993730122,0.7274247491638796,trend_exit
2022-07-15,2022-07-15,2022-07-25,002444_SZ,16.88234315776825,17.085756301879883,0.010530795873380239,0.6216916601405915,0.7156783103168156,trend_exit
2022-07-08,2022-07-08,2022-07-26,603529_SS,32.197852127075194,36.9213752746582,0.14498299657527713,0.6120698613839124,0.7274247491638796,trend_exit
2022-07-14,2022-07-14,2022-07-26,600482_SS,15.456581772804263,15.96056842803955,0.031057695009763853,0.6217833102708945,0.7274247491638796,trend_exit
2022-07-15,2022-07-15,2022-07-26,300115_SZ,10.001864443302155,10.43405818939209,0.04164650112657631,0.6461416704530715,0.7274247491638796,trend_exit
2022-07-18,2022-07-18,2022-07-26,600968_SS,2.266352725625038,2.2904436588287354,0.009113880413190278,0.7394918796276381,0.7274247491638796,trend_exit
2022-07-19,2022-07-19,2022-07-26,601698_SS,10.833351963520052,10.886720657348633,0.003418942998185681,0.6860114318427312,0.7274247491638796,trend_exit
2022-07-12,2022-07-12,2022-07-27,688009_SS,3.8924521237611773,4.030762195587158,0.03397959032693176,0.6385800636645602,0.6757182211727669,trend_exit
2022-07-25,2022-07-25,2022-07-27,688036_SS,66.11423583221436,64.283447265625,-0.029149754409605544,0.7199393980360028,0.7193158953722333,trend_exit
2022-07-26,2022-07-26,2022-07-28,601933_SS,3.6053999044895173,3.5399999618530273,-0.019612232887458503,0.6595252947574273,0.6956521739130435,trend_exit
2022-07-26,2022-07-26,2022-08-01,601816_SS,4.499573819875717,4.330724239349365,-0.03896939441482916,0.6201126629735338,0.6874635568513121,trend_exit
2022-07-28,2022-07-28,2022-08-01,688111_SS,183.01958634185792,172.51361083984375,-0.05881745300290819,0.6842370218878907,0.6757182211727669,trend_exit
2022-07-14,2022-07-14,2022-08-02,000997_SZ,11.992478643894197,13.327088356018066,0.10962029774046433,0.6569470452104421,0.7274247491638796,trend_exit
2022-07-27,2022-07-27,2022-08-02,688266_SS,34.35144923591614,32.939998626708984,-0.04252689885409011,0.6516771058712145,0.7193158953722333,trend_exit
2022-07-28,2022-07-28,2022-08-02,688318_SS,32.07262642288208,30.768653869628903,-0.04209588314521007,0.630020417159895,0.7156783103168156,trend_exit
2022-07-28,2022-07-28,2022-08-02,600011_SS,6.564345702171326,6.111259460449219,-0.07041876706156391,0.6199197762764641,0.6956521739130435,trend_exit
2022-07-14,2022-07-14,2022-08-03,600026_SS,8.414442015171051,11.636176109313965,0.3808071675105371,0.6343922656893409,0.6757182211727669,trend_exit
2022-07-28,2022-07-28,2022-08-03,600968_SS,2.330581137537956,2.2812817096710205,-0.02262154686754969,0.7226258349268447,0.7274247491638796,trend_exit
2022-08-01,2022-08-01,2022-08-03,300085_SZ,10.605885152816773,10.020000457763672,-0.0566586086009192,0.6370951603316719,0.7274247491638796,trend_exit
2022-07-28,2022-07-28,2022-08-04,300433_SZ,10.293634641647339,10.212088584899902,-0.009410105662083557,0.6327131130387945,0.7274247491638796,trend_exit
2022-07-28,2022-07-28,2022-08-05,300115_SZ,11.554392116546632,12.073695182800291,0.04337679718881282,0.6180738534987961,0.7274247491638796,trend_exit
2022-10-18,2022-10-18,2022-11-09,688082_SS,73.48827165222168,88.88481140136719,0.2076958974389218,0.7735559208993825,0.5526315789473685,trend_exit
2022-11-02,2022-11-02,2022-11-09,300498_SZ,17.630110009193423,17.047996520996094,-0.03446861549144831,0.6681716439320693,0.5971428571428572,trend_exit
2022-11-02,2022-11-02,2022-11-18,601658_SS,3.339812711119652,3.544283628463745,0.05963043713149796,0.7511879461077106,0.6217494089834515,trend_exit
2022-11-02,2022-11-02,2022-11-18,601155_SS,14.191255076408385,20.280000686645508,0.42690555391950835,0.7115869621293689,0.6217494089834515,trend_exit
2022-11-02,2022-11-02,2022-11-18,000877_SZ,7.686375155925751,8.320767402648926,0.08091084327828368,0.6778698391636329,0.5903448275862069,trend_exit
2022-11-02,2022-11-02,2022-11-21,000786_SZ,20.32158968353271,23.409332275390625,0.15021603334105693,0.6732523078379679,0.6217494089834515,trend_exit
2022-11-02,2022-11-02,2022-11-21,002423_SZ,5.8982995300292975,5.97593355178833,0.01164235913787337,0.7061703479474634,0.5971428571428572,trend_exit
2022-11-02,2022-11-02,2022-11-21,601336_SS,21.941437920570376,23.762794494628903,0.08138538544196594,0.7196484338682152,0.5903448275862069,trend_exit
2022-11-02,2022-11-02,2022-11-21,000333_SZ,36.37929724311829,40.002174377441406,0.09793685262655627,0.6543559904198417,0.5903448275862069,trend_exit
2022-11-02,2022-11-02,2022-11-21,603833_SS,76.85972292709351,88.24501037597656,0.14640854149309424,0.7593566635334696,0.5579196217494091,trend_exit
2022-11-11,2022-11-11,2022-11-21,600519_SS,1368.655743713379,1359.299560546875,-0.0083257843030764,0.7213692009716077,1.0,trend_exit
2022-11-11,2022-11-11,2022-11-21,601838_SS,11.96069848585129,12.112425804138184,0.01116646153555978,0.6755346483290355,1.0,trend_exit
2022-11-23,2022-11-23,2022-11-25,601816_SS,4.555982788562775,4.501673221588135,-0.013402613583245127,0.6365337862097632,0.521259842519685,trend_exit
2022-11-24,2022-11-24,2022-11-28,601799_SS,124.53760083007813,122.02529907226562,-0.021642778473775826,0.7153274544527589,0.5903448275862069,trend_exit
2022-11-24,2022-11-24,2022-11-29,603129_SS,127.65909735107422,124.28811645507812,-0.027866506535726865,0.6705959178430032,0.521259842519685,trend_exit
2022-11-22,2022-11-22,2022-12-01,600025_SS,6.199262134790421,6.340265274047852,0.02121103100454791,0.6610429987201143,1.0,trend_exit
2022-11-22,2022-11-22,2022-12-02,601939_SS,4.542172927856446,4.560380935668945,0.0025026428076486695,0.6689776466030564,0.5579196217494091,trend_exit
2022-11-23,2022-11-23,2022-12-06,000883_SZ,4.150653013944626,4.220306873321533,0.01525624976459894,0.6624251272573246,0.8997519244764844,trend_exit
2022-11-18,2022-11-18,2022-12-08,600941_SS,58.266563528060914,63.17536926269531,0.08262101605532202,0.663126576292808,0.521259842519685,trend_exit
2022-11-28,2022-11-28,2022-12-08,300498_SZ,16.432131574630738,17.241159439086914,0.04766065325977942,0.7432621332203105,1.0,trend_exit
2022-11-29,2022-11-29,2022-12-08,002078_SZ,10.128503702640534,10.300100326538086,0.015416539105083782,0.6680408940139466,0.7647058823529411,trend_exit
2022-12-06,2022-12-06,2022-12-08,603529_SS,30.453557551383973,29.525169372558594,-0.03193964879942279,0.6962646257236793,0.5971428571428572,trend_exit
2022-11-29,2022-11-29,2022-12-09,300972_SZ,11.980318249225617,12.499338150024414,0.04175772990054738,0.7154838167874777,0.6217494089834515,trend_exit
2022-12-01,2022-12-01,2022-12-09,000988_SZ,17.445350710868837,17.45870018005371,-0.000735931383552324,0.7004788281683032,1.0,trend_exit
2022-12-02,2022-12-02,2022-12-09,002281_SZ,16.892192198753357,16.542339324951172,-0.022179855543986715,0.6198129556833006,0.5903448275862069,trend_exit
2022-11-23,2022-11-23,2022-12-12,600015_SS,4.194156128644943,4.335971832275391,0.03226197159373556,0.6825037970239598,0.5903448275862069,trend_exit
2022-11-25,2022-11-25,2022-12-12,601077_SS,2.911773170232773,2.915510654449463,-0.00021834865829650774,0.7201269622586183,0.5903448275862069,trend_exit
2022-12-09,2022-12-09,2022-12-13,601127_SS,47.19865596580506,45.16141891479492,-0.04459828646195696,0.6371962399073141,0.5971428571428572,trend_exit
2022-12-08,2022-12-08,2022-12-15,688278_SS,37.78861172294617,37.114898681640625,-0.019301724939662424,0.6269881407368584,0.4647058823529412,trend_exit
2022-12-12,2022-12-12,2022-12-15,300832_SZ,46.905144611358644,45.13804244995117,-0.03911744096058223,0.6699336893529543,0.5218023255813954,trend_exit
2022-11-25,2022-11-25,2022-12-19,600398_SS,3.806706632733345,4.521456241607666,0.18597898204820829,0.638738522808176,0.5579196217494091,trend_exit
2022-12-12,2022-12-12,2022-12-20,688082_SS,79.43399786758424,80.27003479003906,0.0090091382717854,0.6943626276698567,0.5903448275862069,trend_exit
2022-12-27,2022-12-27,2022-12-29,688183_SS,9.294499481201173,9.02764892578125,-0.03016752320829197,0.6798792114171327,0.49999999999999983,trend_exit
2022-12-26,2022-12-26,2023-01-09,600879_SS,6.421592869281769,6.6664958000183105,0.03658020553750663,0.6590918487114035,0.6106526631657916,trend_exit
2022-12-28,2022-12-28,2023-01-09,601991_SS,2.6470446161031727,2.6812472343444824,0.01140167687623772,0.6887571709328879,0.5398058252427184,trend_exit
2022-12-27,2022-12-27,2023-01-11,601360_SS,6.347681604623795,6.464162349700928,0.01682259889576021,0.8306849722248961,0.6666666666666666,trend_exit
2022-12-27,2022-12-27,2023-01-11,600487_SS,14.588086805820465,15.536672592163086,0.06342715050785142,0.6820907608756186,0.6109890109890108,trend_exit
2022-12-27,2022-12-27,2023-01-11,688578_SS,18.527234243392947,20.66609001159668,0.11377071210388734,0.6931693565340102,0.45748613678373384,trend_exit
2022-12-26,2022-12-26,2023-01-12,300085_SZ,9.343994923591616,9.890000343322754,0.0568461802001905,0.6617386371095831,0.49999999999999983,trend_exit
2022-12-28,2022-12-28,2023-01-12,688126_SS,17.47997708129883,17.663240432739258,0.008968460888832519,0.7514626910899898,0.5234482758620688,trend_exit
2022-12-30,2022-12-30,2023-01-12,000100_SZ,3.288259972929955,3.406900405883789,0.034525883987162054,0.6957044306959083,0.5234482758620688,trend_exit
2022-12-27,2022-12-27,2023-01-16,603529_SS,26.81561674785614,34.95302963256836,0.3015027928048588,0.7554805556625932,0.5234482758620688,trend_exit
2023-01-13,2023-01-13,2023-02-06,000617_SZ,5.465289862394333,5.729959964752197,0.04685481810813785,0.7168642463497724,0.5398058252427184,trend_exit
2023-01-12,2023-01-12,2023-02-07,600968_SS,2.7251284949779513,2.9500913619995117,0.08092746099311765,0.6970459743416755,0.6106526631657916,trend_exit
2023-01-16,2023-01-16,2023-02-07,600118_SS,22.112115153312683,23.19339179992676,0.04732638879901141,0.6656682281227837,0.6109890109890108,trend_exit
2022-12-27,2022-12-27,2023-02-13,300115_SZ,10.569134629249575,13.216473579406738,0.2486025897064963,0.6755163591024561,0.5234482758620688,trend_exit
2023-01-09,2023-01-09,2023-02-14,689009_SS,29.970973645210268,33.5446891784668,0.1175603616084695,0.7448605966819771,0.5234482758620688,trend_exit
2023-02-09,2023-02-09,2023-02-15,601155_SS,20.280375,19.329999923706055,-0.04829151710357937,0.6766457976966063,0.6793893129770993,trend_exit
2023-01-16,2023-01-16,2023-02-16,002608_SZ,5.795526430130005,5.979100227355957,0.030127573222196835,0.6667412316467908,0.6106526631657916,trend_exit
2023-02-09,2023-02-09,2023-02-16,600482_SS,16.031776463508606,15.821399688720703,-0.01460280305516104,0.6246904839926954,0.7786970010341263,trend_exit
2023-01-16,2023-01-16,2023-02-17,688256_SS,57.87668591690064,80.0,0.38017577776812805,0.7157720981588053,0.6545454545454545,trend_exit
2023-01-16,2023-01-16,2023-02-17,603228_SS,19.63355699825287,22.108604431152344,0.12437300721769584,0.7072132820273521,0.6545454545454545,trend_exit
2023-01-16,2023-01-16,2023-02-17,002281_SZ,16.23226251792908,20.633668899536133,0.2692450219696998,0.7055793413738788,0.6545454545454545,trend_exit
2023-02-14,2023-02-14,2023-02-24,601658_SS,3.8768679170608524,3.804029941558838,-0.020259658594172225,0.6783324445499347,0.6781778104335047,trend_exit
2023-01-16,2023-01-16,2023-02-27,601360_SS,6.648565413236619,10.42794418334961,0.5660975894656535,0.84095810675228,0.9642857142857143,trend_exit
2023-02-13,2023-02-13,2023-02-27,601816_SS,4.594028911828995,4.606142520904541,0.0011328608056402345,0.6870892870225627,0.7786970010341263,trend_exit
2023-02-20,2023-02-20,2023-02-27,600938_SS,13.828061183929444,13.721324920654297,-0.009207238018594577,0.6879087918772455,0.7190201729106629,trend_exit
2023-02-20,2023-02-20,2023-02-27,601939_SS,4.692465835809708,4.660426616668701,-0.008317558493055044,0.6584876304289335,0.6781778104335047,trend_exit
2023-02-09,2023-02-09,2023-02-28,601577_SS,5.942297866582871,6.882399559020996,0.15646776953546837,0.6367257422460679,0.7786970010341263,trend_exit
2023-02-15,2023-02-15,2023-03-02,600066_SS,6.935668014287949,8.095749855041504,0.16551227850095507,0.6594759173771821,0.6793893129770993,trend_exit
2023-03-01,2023-03-01,2023-03-09,600547_SS,18.798877517700195,18.751117706298828,-0.0040367563376783044,0.6487410587619553,0.6238938053097344,trend_exit
2023-03-01,2023-03-01,2023-03-09,001289_SZ,17.710925249099734,17.809345245361328,0.00404868618578802,0.6313560365307171,0.6120689655172413,trend_exit
2023-02-20,2023-02-20,2023-03-10,600015_SS,4.268315243005753,4.3441996574401855,0.016251872459969396,0.7151498387208675,0.7307692307692307,trend_exit
2023-02-20,2023-02-20,2023-03-10,601077_SS,2.919883920431137,2.9317080974578857,0.0025434623714306603,0.6707779949006328,0.6781778104335047,trend_exit
2023-02-20,2023-02-20,2023-03-10,601169_SS,3.618854943752289,3.6386446952819824,0.003960309188826061,0.6323064094550835,0.6781778104335047,trend_exit
2023-03-01,2023-03-01,2023-03-10,600482_SS,16.02195321035385,16.23336410522461,0.011675283672158088,0.7239967612836615,0.6781778104335047,trend_exit
2023-03-01,2023-03-01,2023-03-10,601818_SS,2.4692621197700504,2.4902191162109375,0.006974418644617009,0.6698191650782325,0.6781778104335047,trend_exit
2023-03-02,2023-03-02,2023-03-10,601658_SS,3.902042331337929,3.946471691131592,0.009869101610633146,0.6451880020660001,0.7786970010341263,trend_exit
2023-03-01,2023-03-01,2023-03-14,600938_SS,13.90560232448578,15.40745449066162,0.10634138312987673,0.6335072901941621,0.6793893129770993,trend_exit
2023-03-01,2023-03-01,2023-03-16,688120_SS,74.0093539237976,89.85148620605469,0.2122347273713645,0.7056439167373387,0.6781778104335047,trend_exit
2023-03-15,2023-03-15,2023-03-17,002456_SZ,5.0075,4.949999809265137,-0.012965589705194458,0.7553518637769439,0.6238938053097344,trend_exit
2023-03-15,2023-03-15,2023-03-20,603087_SS,35.512509048461915,33.56144332885742,-0.0563578282195315,0.6348103097033804,0.5871044069801835,trend_exit
2023-03-17,2023-03-17,2023-03-21,002252_SZ,6.081950429201126,5.965096950531006,-0.020684338940335723,0.7751607549953862,0.454639709694142,trend_exit
2023-03-09,2023-03-09,2023-03-27,688002_SS,44.51240835571289,48.761627197265625,0.09381825326961568,0.6140859501706457,0.5871044069801835,trend_exit
2023-03-17,2023-03-17,2023-03-27,601336_SS,27.034664309501654,26.427106857299805,-0.023939565332806056,0.796539521462815,0.454639709694142,trend_exit
2023-03-20,2023-03-20,2023-03-27,600733_SS,6.189269828081131,6.079999923706055,-0.01912825059322698,0.6872907181443328,0.4846822130772748,trend_exit
2023-03-17,2023-03-17,2023-03-28,300979_SZ,45.88454633522034,46.06770324707031,0.0024857030544904735,0.7851625342756241,0.4696755994358251,trend_exit
2023-03-17,2023-03-17,2023-03-28,600958_SS,9.238786306381225,9.093433380126951,-0.017209303370795292,0.7230630882858209,0.454639709694142,trend_exit
2023-03-10,2023-03-10,2023-03-29,688213_SS,44.8631763343811,47.08199691772461,0.04788331463549644,0.629646077358645,0.7786970010341263,trend_exit
2023-03-17,2023-03-17,2023-03-29,600030_SS,18.764535768508914,18.782899856567383,-0.0005228086560418177,0.7301318907963599,0.454639709694142,trend_exit
2023-03-17,2023-03-17,2023-03-29,601198_SS,8.088023478984834,8.1433687210083,0.0053325993741264455,0.7074418539140638,0.454639709694142,trend_exit
2023-03-20,2023-03-20,2023-03-29,601688_SS,11.282752662658693,11.366195678710938,0.005884532305127532,0.8486105193994053,0.4846822130772748,trend_exit
2023-03-21,2023-03-21,2023-03-31,600690_SS,21.518763919830324,20.449628829956055,-0.051109326595924376,0.6940021628090758,0.4696755994358251,trend_exit
2023-03-30,2023-03-30,2023-04-06,002601_SZ,17.560003404617312,16.98221778869629,-0.034354147246090205,0.713050749116189,0.454639709694142,trend_exit
2023-03-31,2023-03-31,2023-04-07,600989_SS,13.686188002586364,13.41553783416748,-0.021245760697952143,0.6994542799948641,0.45468053491827637,trend_exit
2023-04-03,2023-04-03,2023-04-10,600010_SS,1.9006999157667162,1.867887020111084,-0.01873769020052396,0.7346592377465654,0.4696755994358251,trend_exit
2023-03-27,2023-03-27,2023-04-11,002001_SZ,16.227357099533084,16.36672019958496,0.0070752753543461555,0.7022660512407803,0.454639709694142,trend_exit
2023-04-04,2023-04-04,2023-04-11,600000_SS,6.467917363643647,6.4313578605651855,-0.007143959526916155,0.8032443876051462,0.4846822130772748,trend_exit
2023-04-04,2023-04-04,2023-04-11,000001_SZ,10.727711638927458,10.618500709533691,-0.011664992933253182,0.7722530487520733,0.4846822130772748,trend_exit
2023-03-31,2023-03-31,2023-04-12,601336_SS,27.49440592861176,28.70437240600586,0.04244172148381509,0.6951415710115748,0.4846822130772748,trend_exit
2023-04-03,2023-04-03,2023-04-13,601099_SS,2.6740050764083865,2.6500000953674316,-0.010463697855647824,0.7998459153717576,0.4846822130772748,trend_exit
2023-04-07,2023-04-07,2023-04-13,601318_SS,39.39018498420715,38.89159393310547,-0.014138761781002929,0.6995526618936158,0.4846822130772748,trend_exit
2023-04-13,2023-04-13,2023-04-17,300979_SZ,45.09172145843506,43.35095977783203,-0.04004699891385444,0.7309853322056481,0.454639709694142,trend_exit
2023-04-17,2023-04-17,2023-04-19,601198_SS,8.145932439804078,8.02772331237793,-0.01598966273747382,0.7502293170181695,0.4846822130772748,trend_exit
2023-04-04,2023-04-04,2023-04-20,002423_SZ,7.052941515684128,7.176884651184082,0.01604689451507535,0.7637744091937745,0.45468053491827637,trend_exit
2023-04-17,2023-04-17,2023-04-20,600989_SS,13.602679367065429,12.998618125915527,-0.045840907626516936,0.7549136863746447,0.4846822130772748,trend_exit
2023-04-07,2023-04-07,2023-04-21,002608_SZ,6.113221516370774,6.325157165527344,0.03311640398865601,0.6939811284574553,0.4846822130772748,trend_exit
2023-04-12,2023-04-12,2023-04-21,002532_SZ,6.753871928691864,7.094019889831543,0.04878785603042268,0.7364685874099133,0.4846822130772748,trend_exit
2023-04-04,2023-04-04,2023-04-24,600023_SS,3.296747034430504,3.910160541534424,0.18428719581651776,0.8171934000065952,0.454639709694142,trend_exit
2023-04-14,2023-04-14,2023-04-24,601577_SS,6.635851535320282,6.848200798034668,0.030452302985042756,0.7019080727104636,0.4846822130772748,trend_exit
2023-04-12,2023-04-12,2023-04-25,601898_SS,6.953821214199067,7.430053234100342,0.06688221133733774,0.7302192895174322,0.48275374839572877,trend_exit
2023-04-13,2023-04-13,2023-04-25,600000_SS,6.5038001744747165,6.771736145019531,0.03963503788738487,0.79847024457603,0.454639709694142,trend_exit
2023-04-26,2023-04-26,2023-04-28,605499_SS,133.44347197723388,130.30130004882812,-0.025011518578056946,0.7164759747465704,0.4846822130772748,trend_exit
2023-05-04,2023-05-04,2023-05-08,002085_SZ,5.879887974262238,5.582339286804199,-0.05202857566799646,0.7210092066544329,0.48448081264108367,trend_exit
2023-04-27,2023-04-27,2023-05-09,002064_SZ,6.543547339439392,6.580349922180176,0.0041158192124917115,0.7001791715795771,0.4696755994358251,trend_exit
2023-05-04,2023-05-04,2023-05-09,601865_SS,29.719500274658206,28.94179344177246,-0.02762898149228199,0.6681735446601684,0.48448081264108367,trend_exit
2023-04-28,2023-04-28,2023-05-10,603087_SS,35.86162278556824,35.59488296508789,-0.008926872797758723,0.7485223791564082,0.48448081264108367,trend_exit
2023-05-04,2023-05-04,2023-05-10,002648_SZ,13.72212573194504,13.273695945739746,-0.034130304536826195,0.6678659628393111,0.48448081264108367,trend_exit
2023-04-14,2023-04-14,2023-05-12,601665_SS,3.4889988913536074,3.6887011528015137,0.05565184047489713,0.8389547043966566,0.4846822130772748,trend_exit
2023-05-08,2023-05-08,2023-05-12,002273_SZ,10.927067804336549,10.48707675933838,-0.041705759339785264,0.6844351057778164,0.48448081264108367,trend_exit
2023-04-28,2023-04-28,2023-05-15,600104_SS,13.364490549564362,13.29722023010254,-0.006525961426177673,0.7029693419217762,0.48448081264108367,trend_exit
2023-05-04,2023-05-04,2023-05-16,002456_SZ,4.797184961795807,4.920000076293945,0.024063094357005044,0.7880473138104032,0.48448081264108367,trend_exit
2023-05-10,2023-05-10,2023-05-16,301236_SZ,24.59761310005188,23.34200668334961,-0.05246929535307521,0.6922220777576459,0.48448081264108367,trend_exit
2023-05-10,2023-05-10,2023-05-16,002078_SZ,10.680287818908692,10.44951057434082,-0.023075362256910092,0.6646301824303054,0.48448081264108367,trend_exit
2023-04-28,2023-04-28,2023-05-17,600741_SS,14.27266057109833,15.217029571533203,0.06456704070603836,0.6929175058463072,0.48448081264108367,trend_exit
2023-05-15,2023-05-15,2023-05-17,600733_SS,5.277904980897904,5.230000019073486,-0.010562896083730289,0.7579797537232817,0.48448081264108367,trend_exit
2023-05-04,2023-05-04,2023-05-19,002241_SZ,17.31040968036652,18.051176071166992,0.041228927556994366,0.6661440770102163,0.48448081264108367,trend_exit
2023-05-18,2023-05-18,2023-05-23,603228_SS,20.676296514511108,20.373310089111328,-0.016131824686270835,0.7793593157696828,0.48448081264108367,trend_exit
2023-05-19,2023-05-19,2023-05-23,002456_SZ,5.027529980897904,4.889999866485596,-0.02881437102562323,0.7640889312704173,0.48448081264108367,trend_exit
2023-05-09,2023-05-09,2023-05-24,000100_SZ,3.4906825023889545,3.436910390853882,-0.01688136262207307,0.6834330701445107,0.48448081264108367,trend_exit
2023-05-17,2023-05-17,2023-05-24,603160_SS,49.380539459228515,48.950294494628906,-0.01019977529320859,0.7729263369766712,0.48448081264108367,trend_exit
2023-05-12,2023-05-12,2023-05-25,300979_SZ,40.54201084327698,38.04924011230469,-0.06289388557952069,0.773304559695767,0.48448081264108367,trend_exit
2023-05-16,2023-05-16,2023-05-31,002273_SZ,10.960962564468385,11.337475776672363,0.03279885287669604,0.6488413812057847,0.48448081264108367,trend_exit
2023-05-29,2023-05-29,2023-06-01,601018_SS,3.2901713764667515,3.255354881286621,-0.012066097160170597,0.6401239202874696,0.48448081264108367,trend_exit
2023-05-17,2023-05-17,2023-06-02,002085_SZ,5.735299907445908,6.150197982788086,0.07073261815678156,0.7083051496116495,0.48448081264108367,trend_exit
2023-05-12,2023-05-12,2023-06-06,688183_SS,10.16159617471695,11.41303825378418,0.1214693538754934,0.7107481755036289,0.48448081264108367,trend_exit
2023-05-18,2023-05-18,2023-06-06,600183_SS,13.847074455738067,14.005324363708496,0.009911257563000708,0.6948556394721641,0.48448081264108367,trend_exit
2023-05-25,2023-05-25,2023-06-06,601698_SS,16.947026677131653,17.48834991455078,0.03039416426023367,0.6503612660679519,0.48448081264108367,trend_exit
2023-05-10,2023-05-10,2023-06-07,601231_SS,12.491307928085329,13.722177505493164,0.09689027907385106,0.6849782015006913,0.48448081264108367,trend_exit
2023-05-26,2023-05-26,2023-06-07,603228_SS,21.2493345785141,24.275623321533203,0.14070442050735865,0.6290092009513953,0.48448081264108367,trend_exit
2023-05-26,2023-05-26,2023-06-08,301236_SZ,25.645731766700745,28.382659912109375,0.10506052937194421,0.6503445848618934,0.48448081264108367,trend_exit
2023-05-29,2023-05-29,2023-06-08,000725_SZ,3.7790692418813707,3.8525078296661377,0.01790383338056656,0.6588421958995039,0.48448081264108367,trend_exit
2023-05-31,2023-05-31,2023-06-12,601933_SS,3.2148150382041933,3.2100000381469727,-0.0029955067398901303,0.6585865479214238,0.48448081264108367,trend_exit
2023-06-01,2023-06-01,2023-06-12,601665_SS,3.4633445369005207,3.466695547103882,-0.0005338865647336322,0.7547036397330757,0.48448081264108367,trend_exit
2023-06-12,2023-06-12,2023-06-14,688506_SS,77.1155,72.48999786376953,-0.06139151186241565,0.7550002963467544,0.48448081264108367,trend_exit
2023-06-12,2023-06-12,2023-06-20,688180_SS,41.532206222534185,39.709999084472656,-0.04530874489559955,0.6873047354911492,0.48448081264108367,trend_exit
2023-06-06,2023-06-06,2023-06-21,600188_SS,9.938301261901856,10.037027359008787,0.008418999773046387,0.6872504797797743,0.48448081264108367,trend_exit
2023-06-06,2023-06-06,2023-06-21,600115_SS,4.677005076408387,4.739999771118164,0.0119488206961742,0.6532767061245399,0.48448081264108367,trend_exit
2023-06-08,2023-06-08,2023-06-21,600029_SS,5.908850095510483,6.139999866485596,0.037560568907309744,0.6867802998636198,0.48448081264108367,trend_exit
2023-06-09,2023-06-09,2023-06-21,600104_SS,13.061612482070924,13.316121101379396,0.017956009487981595,0.728724046651753,0.48448081264108367,trend_exit
2023-06-09,2023-06-09,2023-06-26,601111_SS,8.232330267429353,8.170000076293945,-0.009060033894040642,0.6871752507752532,0.48448081264108367,trend_exit
2023-06-12,2023-06-12,2023-06-26,002456_SZ,5.0675899426937105,5.559999942779541,0.09552272493349201,0.7094264069281115,0.48448081264108367,trend_exit
2023-06-14,2023-06-14,2023-06-26,002414_SZ,7.55972109246254,7.504263401031494,-0.00882494019509672,0.6913470937592716,0.6163934426229508,trend_exit
2023-06-02,2023-06-02,2023-06-27,601633_SS,22.597018054008487,24.017627716064453,0.06127282888267027,0.6476507604816608,0.48448081264108367,trend_exit
2023-06-08,2023-06-08,2023-07-05,300498_SZ,16.337255281448364,16.938711166381836,0.035259767216713866,0.6504951782341838,0.48448081264108367,trend_exit
2023-06-30,2023-06-30,2023-07-06,000564_SZ,1.1817699474692345,1.159999966621399,-0.019893872617182673,0.787145488826158,0.5928338762214984,trend_exit
2023-06-29,2023-06-29,2023-07-07,688336_SS,17.019314741134643,16.973947525024414,-0.004161632737572973,0.7367277701663869,0.5584905660377358,trend_exit
2023-06-30,2023-06-30,2023-07-12,600369_SS,3.51848846924305,3.5324695110321045,0.0024676327912975804,0.7785802068643325,0.6163934426229508,trend_exit
2023-06-30,2023-06-30,2023-07-12,601878_SS,9.468774593830108,9.54071807861328,0.006086575099464753,0.7424915495938886,0.4960629921259842,trend_exit
2023-07-10,2023-07-10,2023-07-19,601838_SS,10.525074688434602,10.916452407836914,0.03562948975579494,0.7347659887510909,0.5584905660377358,trend_exit
2023-06-30,2023-06-30,2023-07-20,601198_SS,7.7405668487548835,7.90244197845459,0.019381199034042007,0.8047581204249452,0.6163934426229508,trend_exit
2023-06-30,2023-06-30,2023-07-20,002673_SZ,6.164090399503708,6.329327583312988,0.0252662083682047,0.8504019780881202,0.5584905660377358,trend_exit
2023-07-11,2023-07-11,2023-07-20,601236_SS,7.323298263788224,7.234951019287109,-0.013545764142990135,0.7457481864559672,0.5928338762214984,trend_exit
2023-07-25,2023-07-25,2023-07-27,002624_SZ,14.191095573902128,13.430952072143556,-0.05498447429962794,0.7048003338276416,0.5928338762214984,trend_exit
2023-07-10,2023-07-10,2023-08-07,601933_SS,3.1747550764083865,3.559999942779541,0.11966430710830567,0.7768109558357931,0.5584905660377358,trend_exit
2023-07-12,2023-07-12,2023-08-07,601818_SS,2.518647008776665,2.7047741413116455,0.07228880056973397,0.7620536087293909,0.5019762845849802,trend_exit
2023-07-12,2023-07-12,2023-08-07,600015_SS,4.757123089790345,5.04081392288208,0.05804550502383177,0.7610110252209235,0.5019762845849802,trend_exit
2023-07-20,2023-07-20,2023-08-07,600153_SS,7.878367940664292,9.516837120056152,0.20615867854158987,0.7126016810890545,0.5019762845849802,trend_exit
2023-06-30,2023-06-30,2023-08-08,601665_SS,3.352175349235535,3.69084906578064,0.09937947996139473,0.9081761136017528,0.4960629921259842,trend_exit
2023-06-30,2023-06-30,2023-08-09,600909_SS,4.466229200124741,5.376276016235352,0.2019561383148598,0.7608217089200462,0.5928338762214984,trend_exit
2023-06-30,2023-06-30,2023-08-09,601099_SS,2.583869923591614,4.480000019073486,0.7312326670171374,0.8408455937371636,0.4960629921259842,trend_exit
2023-07-19,2023-07-19,2023-08-09,002797_SZ,5.624172505617142,6.4782633781433105,0.15013292650885735,0.7291849087726311,0.6163934426229508,trend_exit
2023-07-21,2023-07-21,2023-08-09,000564_SZ,1.1517249761223793,1.25,0.083700558619628,0.8280735769604755,0.6163934426229508,trend_exit
2023-07-27,2023-07-27,2023-08-09,301269_SZ,102.61886957168579,103.90076446533205,0.010973067152738825,0.7178227776936204,0.5584905660377358,trend_exit
2023-08-07,2023-08-07,2023-08-09,688008_SS,56.87135021591187,55.64632034301758,-0.023008058511730378,0.6677513527820605,0.6363636363636364,trend_exit
2023-08-09,2023-08-09,2023-08-11,688617_SS,152.09585933685304,142.77047729492188,-0.06272056188423869,0.6844198952673971,0.6363636363636364,trend_exit
2023-08-10,2023-08-10,2023-08-16,600518_SS,1.9929850095510484,1.950000047683716,-0.02303577885375052,0.7163116335149926,0.6221804511278195,trend_exit
2023-08-14,2023-08-14,2023-08-16,002558_SZ,13.925309957504274,12.920150756835938,-0.07357390463337377,0.6366844219995642,0.5604838709677419,stoploss
2023-08-09,2023-08-09,2023-08-18,300832_SZ,53.561671300888065,52.10147476196289,-0.02872107448675909,0.6716599930786233,0.6363636363636364,trend_exit
2023-08-14,2023-08-14,2023-08-18,601816_SS,5.15632252407074,5.110532283782959,-0.010367085934580689,0.6399343352240479,0.6363636363636364,trend_exit
2023-08-11,2023-08-11,2023-08-23,688578_SS,22.022566434860227,22.46015739440918,0.01834031127353053,0.6905166763678927,0.6363636363636364,trend_exit
2023-08-22,2023-08-22,2023-08-24,689009_SS,30.436088684082033,29.519716262817383,-0.03156292536896477,0.7574500397729615,0.6363636363636364,trend_exit
2023-08-29,2023-08-29,2023-08-31,300255_SZ,4.867290133714676,4.550000190734863,-0.06659043006720311,0.6844466966413914,0.6363636363636364,trend_exit
2023-08-14,2023-08-14,2023-09-01,688506_SS,84.52660152816773,91.0,0.07496928017058102,0.6971494346335726,0.6363636363636364,trend_exit
2023-08-28,2023-08-28,2023-09-05,605117_SS,41.99478259277344,42.214378356933594,0.0037212764771319407,0.664911660524559,0.6363636363636364,trend_exit
2023-08-25,2023-08-25,2023-09-06,688192_SS,30.34544923591614,31.899999618530273,0.04965160909211552,0.737463549448458,0.6363636363636364,trend_exit
2023-08-28,2023-08-28,2023-09-06,688266_SS,41.0615,42.2400016784668,0.027157840701121483,0.6765294095155221,0.6363636363636364,trend_exit
2023-08-29,2023-08-29,2023-09-07,002938_SZ,20.04008399677277,20.152997970581055,0.00412595460506715,0.76310621928662,0.6363636363636364,trend_exit
2023-08-29,2023-08-29,2023-09-07,002273_SZ,9.780403331756592,10.110767364501951,0.03222749318273732,0.6869932776716834,0.6363636363636364,trend_exit
2023-09-01,2023-09-01,2023-09-07,601018_SS,3.22254732811451,3.1989035606384277,-0.008825975205670966,0.6817066380682977,0.6363636363636364,trend_exit
2023-09-05,2023-09-05,2023-09-07,601991_SS,2.6842044020891196,2.6030569076538086,-0.03168614123819902,0.6448353095892833,0.6363636363636364,trend_exit
2023-08-23,2023-08-23,2023-09-08,688008_SS,47.91288717651368,51.02197265625,0.0632930449292246,0.8026875104929977,0.6363636363636364,trend_exit
2023-08-28,2023-08-28,2023-09-11,300373_SZ,32.06720906829834,35.24323272705078,0.09739415747126623,0.6658159493743222,0.6363636363636364,trend_exit
2023-08-29,2023-08-29,2023-09-13,002456_SZ,5.50825,6.03000020980835,0.09307950973424184,0.708841310681094,0.6363636363636364,trend_exit
2023-08-31,2023-08-31,2023-09-13,301236_SZ,20.53781204509735,25.037681579589844,0.21727304750499576,0.7943248322239462,0.6363636363636364,trend_exit
2023-09-06,2023-09-06,2023-09-13,000768_SZ,23.947219185829162,23.356428146362305,-0.026133542973404422,0.6396420103030831,0.6363636363636364,trend_exit
2023-09-11,2023-09-11,2023-09-14,002273_SZ,10.759404882431031,10.062849044799805,-0.0661421443820257,0.7032377360698528,0.506578947368421,trend_exit
2023-09-11,2023-09-11,2023-09-14,688608_SS,92.14915562438965,88.9547348022461,-0.03611376470894234,0.6894683827863098,0.506578947368421,trend_exit
2023-09-11,2023-09-11,2023-09-19,688278_SS,33.42536431312561,32.942108154296875,-0.015936081236697652,0.6784437750058272,0.45535714285714285,trend_exit
2023-09-15,2023-09-15,2023-09-20,600733_SS,5.087619923591614,5.0,-0.018696350163764475,0.8346176683997402,0.5,trend_exit
2023-09-11,2023-09-11,2023-09-26,688192_SS,34.051,35.470001220703125,0.040110311558311684,0.7760704972417858,0.45535714285714285,trend_exit
2023-09-22,2023-09-22,2023-09-26,688008_SS,50.722564893722534,48.64128112792969,-0.04247115050270944,0.7537251707330094,0.45535714285714285,trend_exit
2023-09-27,2023-09-27,2023-10-11,601868_SS,2.2014297137260437,2.178679943084717,-0.011818587890284005,0.7118435863222858,0.45535714285714285,trend_exit
2023-10-12,2023-10-12,2023-10-16,603392_SS,48.55390005111695,46.92850875854492,-0.0349258052169763,0.7431660331710382,0.45535714285714285,trend_exit
2023-09-28,2023-09-28,2023-10-17,002938_SZ,19.42933839416504,19.69562530517578,0.012184844807895168,0.8488304475430921,0.5,trend_exit
2023-09-22,2023-09-22,2023-10-18,002273_SZ,10.164324909210208,11.51956558227539,0.13163307318909112,0.7216870692256235,0.45535714285714285,trend_exit
2023-09-28,2023-09-28,2023-10-19,600518_SS,1.8627900143265725,1.8899999856948853,0.013085195433894636,0.7314030673815505,0.506578947368421,trend_exit
2023-09-28,2023-09-28,2023-10-24,600733_SS,5.267890229225159,6.400000095367432,0.2130852802838925,0.748713001907067,0.45535714285714285,trend_exit
2023-10-26,2023-10-26,2023-11-02,600352_SS,8.131092976093292,8.04601764678955,-0.011947269089105927,0.7526274356143949,0.45535714285714285,trend_exit
2023-11-02,2023-11-02,2023-11-07,601728_SS,4.932618826389313,4.860547065734863,-0.01608933997260542,0.7313763335869636,0.54251012145749,trend_exit
2023-11-03,2023-11-03,2023-11-08,601658_SS,4.1072095932960515,4.0303497314453125,-0.02018533132159317,0.7393168975534063,0.48671328671328673,trend_exit
2023-10-25,2023-10-25,2023-11-09,600663_SS,8.785973017692566,8.579581260681152,-0.024955816329153557,0.7313297735045877,0.45535714285714285,trend_exit
2023-10-27,2023-10-27,2023-11-09,688008_SS,49.25836627006531,56.18838119506836,0.13897603334381503,0.7596371068944424,0.506578947368421,trend_exit
2023-11-07,2023-11-07,2023-11-09,002423_SZ,7.006130395412446,6.8889079093933105,-0.018206319420881356,0.8425236358896144,0.48671328671328673,trend_exit
2023-10-27,2023-10-27,2023-11-10,603228_SS,19.165972058296205,21.625110626220703,0.12661507042815212,0.8187217992163003,0.506578947368421,trend_exit
2023-11-06,2023-11-06,2023-11-14,605117_SS,34.93120932769776,34.563438415527344,-0.01201264078369546,0.7836363932254229,0.54251012145749,trend_exit
2023-10-30,2023-10-30,2023-11-15,603392_SS,42.90207105255127,48.730003356933594,0.1341389158648718,0.8193818703883766,0.54251012145749,trend_exit
2023-11-15,2023-11-15,2023-11-17,600219_SS,2.6130598373413085,2.565804958343506,-0.019556990507846206,0.7231069000260025,0.54251012145749,trend_exit
2023-11-15,2023-11-15,2023-11-17,002202_SZ,8.920814717292787,8.810104370117188,-0.01389172487693835,0.7214864434467574,0.54251012145749,trend_exit
2023-11-15,2023-11-15,2023-11-17,601800_SS,7.452166737794877,7.321285247802734,-0.01903653297830321,0.7466521738462918,0.49521622894726836,trend_exit
2023-11-15,2023-11-15,2023-11-17,002423_SZ,6.9478274538517,6.859799861907959,-0.01415079640213257,0.8413428880583496,0.48671328671328673,trend_exit
2023-11-15,2023-11-15,2023-11-17,600585_SS,22.061129747390748,21.558618545532227,-0.024243959207940202,0.7429911160951153,0.48671328671328673,trend_exit
2023-11-15,2023-11-15,2023-11-17,600018_SS,4.608363125085831,4.53639030456543,-0.01709444413102379,0.7355893119343913,0.48671328671328673,trend_exit
2023-11-09,2023-11-09,2023-11-20,688009_SS,4.380283614635467,4.373723030090332,-0.0029955067398901303,0.7526963876318848,0.48671328671328673,trend_exit
2023-10-26,2023-10-26,2023-11-21,688608_SS,80.82137549972535,100.75485229492188,0.24476624400956126,0.7639013759818389,0.45535714285714285,trend_exit
2023-10-26,2023-10-26,2023-11-21,601198_SS,7.74437198638916,8.430466651916504,0.08695979050761848,0.7624443710338409,0.45535714285714285,trend_exit
2023-11-20,2023-11-20,2023-11-22,600967_SS,8.379605521678926,8.262347221374512,-0.01547230604126315,0.7114933731834674,0.54251012145749,trend_exit
2023-11-03,2023-11-03,2023-11-23,688047_SS,84.05589530563356,96.37000274658205,0.1447792851718397,0.7750771312763896,0.48671328671328673,trend_exit
2023-11-21,2023-11-21,2023-11-27,600000_SS,6.525052211999894,6.459113121032715,-0.011590368657839245,0.8489509808233126,0.54251012145749,trend_exit
2023-11-21,2023-11-21,2023-11-27,002423_SZ,6.908958507776261,6.704556465148926,-0.031040695509124583,0.8354966012106917,0.48671328671328673,trend_exit
2023-11-23,2023-11-23,2023-11-28,601728_SS,4.7938024580478675,4.684975624084473,-0.024167515956988295,0.7262706610000417,0.48671328671328673,trend_exit
2023-11-17,2023-11-17,2023-11-30,600663_SS,8.408602504253388,8.676197052001953,0.030276166823415274,0.8665674881403962,0.54251012145749,trend_exit
2023-12-04,2023-12-04,2023-12-06,601229_SS,5.129776818037033,5.018791198730469,-0.02310311155993161,0.7442628380634316,0.48671328671328673,trend_exit
2024-03-13,2024-03-13,2024-03-15,688126_SS,15.252528401851654,14.80081844329834,-0.0310709918862192,0.608342134657722,0.5956989247311827,trend_exit
2024-03-18,2024-03-18,2024-03-22,601018_SS,3.2790830869674683,3.2271289825439453,-0.01732032900388114,0.6009355594119371,0.5886413555067459,trend_exit
2024-04-01,2024-04-01,2024-04-08,688180_SS,27.461130076408388,26.200000762939453,-0.047355273107661744,0.6325681353965358,0.6102564102564103,trend_exit
2024-04-01,2024-04-01,2024-04-08,600521_SS,12.915088895320892,12.280266761779783,-0.05057979383482569,0.6151032981308513,0.5886413555067459,trend_exit
2024-04-01,2024-04-01,2024-04-08,603228_SS,19.702618718147278,18.496166229248047,-0.06264125372869012,0.6038071152599864,0.5886413555067459,trend_exit
2024-04-02,2024-04-02,2024-04-08,603893_SS,49.67126954841614,47.5789680480957,-0.043559787620962354,0.603060944559151,0.5956989247311827,trend_exit
2024-04-09,2024-04-09,2024-04-11,688126_SS,13.574450288772583,13.07538604736328,-0.03820982135161277,0.6357405719193034,0.5956989247311827,trend_exit
2024-04-08,2024-04-08,2024-04-16,688506_SS,126.30918275070192,119.08999633789062,-0.0585691494965912,0.627157213866507,0.5886413555067459,trend_exit
2024-04-17,2024-04-17,2024-04-22,603228_SS,18.533494000434878,18.180402755737305,-0.02052294342460481,0.6257459665694789,0.5956989247311827,trend_exit
2024-03-26,2024-03-26,2024-04-23,600236_SS,5.529533078432084,5.910205364227295,0.06724021223403143,0.6034715363000269,0.5886413555067459,trend_exit
2024-04-01,2024-04-01,2024-04-25,688608_SS,78.28595422363281,83.9623794555664,0.07090009590857971,0.634653625303378,0.6162162162162164,trend_exit
2024-04-26,2024-04-26,2024-05-08,600909_SS,4.638374906539918,4.5263848304748535,-0.02560803205952622,0.672820459081862,0.5781900138696255,trend_exit
2024-04-18,2024-04-18,2024-05-09,600115_SS,3.5553249522447588,3.819999933242798,0.07283299967691637,0.6143580712489594,0.6162162162162164,trend_exit
2024-04-26,2024-04-26,2024-05-09,002065_SZ,5.258547871351243,5.299835681915283,0.006339783882694183,0.6311904950735333,0.5781900138696255,trend_exit
2024-04-19,2024-04-19,2024-05-10,688047_SS,77.94674683380127,86.30000305175781,0.10550544503048709,0.6485524909515918,0.6162162162162164,trend_exit
2024-04-19,2024-04-19,2024-05-13,601933_SS,2.1732550764083864,2.4700000286102295,0.13483918907633163,0.6357952393702972,0.5886413555067459,trend_exit
2024-04-24,2024-04-24,2024-05-13,688180_SS,24.827185916900635,29.520000457763672,0.18723565996305647,0.6504748906055049,0.6102564102564103,trend_exit
2024-04-24,2024-04-24,2024-05-14,603228_SS,18.878481684684754,23.72064208984375,0.2546062507729945,0.6086032030018382,0.5886413555067459,trend_exit
2024-04-23,2024-04-23,2024-05-15,688120_SS,71.52813675689697,79.08650207519531,0.10401131502238092,0.6008989483919249,0.6162162162162164,trend_exit
2024-05-13,2024-05-13,2024-05-15,601989_SS,33.73427195739746,32.52020263671875,-0.03743521206648903,0.6319081691546893,0.5781900138696255,trend_exit
2024-05-13,2024-05-13,2024-05-15,601995_SS,33.73427577781678,32.52020263671875,-0.03743532107731029,0.6319081691546893,0.5781900138696255,trend_exit
2024-04-23,2024-04-23,2024-05-16,688506_SS,134.20100000000002,189.5099945068359,0.41001728388816505,0.6179377262177479,0.5956989247311827,trend_exit
2024-05-14,2024-05-14,2024-05-16,601696_SS,10.366698250770568,9.993890762329102,-0.037408084541877606,0.638196140996738,0.5781900138696255,trend_exit
2024-05-14,2024-05-14,2024-05-16,601236_SS,7.0520652070045475,6.886744499206543,-0.024907714178868723,0.6244846435503199,0.5781900138696255,trend_exit
2024-05-14,2024-05-14,2024-05-16,601162_SS,2.94441005730629,2.880000114440918,-0.023342517414137287,0.629193897878313,0.5065487327776833,trend_exit
2024-05-13,2024-05-13,2024-05-17,688608_SS,91.65201210021974,90.20282745361328,-0.017288097134782632,0.6914560919576974,0.5066760365425158,trend_exit
2024-04-26,2024-04-26,2024-05-20,300759_SZ,18.83544084072113,21.722545623779297,0.15155052588157059,0.672064305166402,0.5781900138696255,trend_exit
2024-05-16,2024-05-16,2024-05-20,002938_SZ,26.853712059020996,26.451406478881836,-0.01645890478329637,0.6170430796965336,0.5781900138696255,trend_exit
2024-05-14,2024-05-14,2024-05-23,600515_SS,3.540426749587059,3.5051653385162354,-0.011444710466986474,0.6169283113807902,0.5781900138696255,trend_exit
2024-05-16,2024-05-16,2024-05-23,603228_SS,25.10742322444916,24.6487979888916,-0.019739119706170816,0.6565343909500745,0.5781900138696255,trend_exit
2024-05-20,2024-05-20,2024-05-23,688521_SS,29.34394923591614,28.229999542236328,-0.03940487640899726,0.8361843795376448,0.5781900138696255,trend_exit
2024-05-20,2024-05-20,2024-05-23,601211_SS,13.239367996692659,12.945900917053224,-0.02363299600805535,0.6447321313293191,0.5781900138696255,trend_exit
2024-05-16,2024-05-16,2024-05-24,601398_SS,4.849754409074784,4.8693437576293945,0.002533186607383442,0.6169126256007804,0.5065487327776833,trend_exit
2024-05-17,2024-05-17,2024-05-24,300115_SZ,10.718416558742524,10.364498138427734,-0.034470125834125565,0.663154506175845,0.5781900138696255,trend_exit
2024-05-16,2024-05-16,2024-05-27,600016_SS,3.414041070580483,3.478854179382324,0.01745580275712255,0.6452425763628999,0.5066760365425158,trend_exit
2024-05-16,2024-05-16,2024-05-27,000938_SZ,22.025177691459657,22.775148391723633,0.0324995324761419,0.6273120883117764,0.5065487327776833,trend_exit
2024-05-17,2024-05-17,2024-05-28,600029_SS,5.728579789876938,5.920000076293945,0.031864841373971275,0.6595374327416594,0.5781900138696255,trend_exit
2024-05-15,2024-05-15,2024-05-29,688072_SS,118.33530289459229,123.71923065185548,0.04392897794765327,0.7522772867710193,0.5781900138696255,trend_exit
2024-05-28,2024-05-28,2024-05-31,002202_SZ,7.770370894908906,7.593239784240723,-0.02426151504145846,0.6150276533923644,0.5781900138696255,trend_exit
2024-05-29,2024-05-29,2024-06-03,002602_SZ,4.0660899426937105,3.9200000762939458,-0.0373749397224421,0.6119307374216716,0.5781900138696255,trend_exit
2024-05-31,2024-05-31,2024-06-04,002065_SZ,4.933582049608231,4.808199405670166,-0.026875998354400354,0.6818351123142395,0.5065487327776833,trend_exit
2024-05-28,2024-05-28,2024-06-05,600282_SS,4.687479711055756,4.699143409729004,0.000984534087212996,0.6378175457918367,0.5781900138696255,trend_exit
2024-05-28,2024-05-28,2024-06-05,688396_SS,37.804004192352295,37.6279296875,-0.006150575960167215,0.6809097279081294,0.5066760365425158,trend_exit
2024-05-30,2024-05-30,2024-06-06,300115_SZ,10.967219456195833,10.791796684265137,-0.01747119839467104,0.6485601709160644,0.5781900138696255,trend_exit
2024-06-04,2024-06-04,2024-06-06,601696_SS,9.740521974563599,9.487748146057127,-0.027411821606974973,0.6791502263138556,0.5066760365425158,trend_exit
2024-05-27,2024-05-27,2024-06-07,301269_SZ,78.57661936569214,79.28073120117188,0.007447390119375452,0.6655359143870118,0.5065487327776833,trend_exit
2024-05-30,2024-05-30,2024-06-07,688608_SS,91.94319681930543,90.8765106201172,-0.01308417595575484,0.6892967804850347,0.5066760365425158,trend_exit
2024-05-30,2024-05-30,2024-06-07,002600_SZ,4.77919174194336,4.732183933258057,-0.011321178874315163,0.6483411472658476,0.5066760365425158,trend_exit
2024-06-06,2024-06-06,2024-06-12,600989_SS,15.624855961799623,15.264124870300291,-0.02455237217819417,0.6200732384112703,0.5066760365425158,trend_exit
2024-06-03,2024-06-03,2024-06-14,688180_SS,28.132135152816772,28.690000534057617,0.018300437476328923,0.7085099384426234,0.5781900138696255,trend_exit
2024-06-05,2024-06-05,2024-06-14,600863_SS,4.2105930051803595,4.195186614990234,-0.0051534712773030344,0.6488496876285876,0.5781900138696255,trend_exit
2024-05-27,2024-05-27,2024-06-18,688120_SS,81.0314909210205,89.50532531738281,0.10291772141419231,0.6368136675350882,0.5066760365425158,trend_exit
2024-05-28,2024-05-28,2024-06-18,688126_SS,13.384667139053345,14.601346969604492,0.089264663639685,0.7262771522319704,0.5066760365425158,trend_exit
2024-06-14,2024-06-14,2024-06-18,601398_SS,4.93043450164795,4.878294944763184,-0.012059180439784267,0.6324724091544054,0.5055432372505542,trend_exit
2024-06-12,2024-06-12,2024-06-19,688002_SS,30.63963680458069,29.899106979370117,-0.02563276094585465,0.6587326008707255,0.5781900138696255,trend_exit
2024-06-14,2024-06-14,2024-06-19,688036_SS,84.78194307327271,79.8573989868164,-0.05949769493460377,0.6625765708871284,0.47742474916387967,trend_exit
2024-06-12,2024-06-12,2024-06-21,002065_SZ,4.766175095796585,4.709872722625732,-0.013295185548402588,0.6608666647867849,0.5781900138696255,trend_exit
2024-06-12,2024-06-12,2024-06-24,002130_SZ,13.568852419376373,13.43918800354004,-0.011041700006088395,0.6141605006000361,0.5065487327776833,trend_exit
2024-06-20,2024-06-20,2024-06-24,000708_SZ,13.46850051021576,13.165205001831056,-0.023985098834307772,0.6486571843748452,0.5055432372505542,trend_exit
2024-06-21,2024-06-21,2024-06-25,601898_SS,11.731001505374909,11.4308500289917,-0.027047797349724734,0.628585204895421,0.47742474916387967,trend_exit
2024-06-19,2024-06-19,2024-06-26,688271_SS,115.61298670578005,113.53890228271484,-0.0194129815381463,0.79056547494207,0.4790874524714828,trend_exit
2024-06-28,2024-06-28,2024-07-04,002602_SZ,3.4351450668573382,3.359999895095825,-0.023342586715708658,0.6277488399364162,0.47742474916387967,trend_exit
2024-06-20,2024-06-20,2024-07-08,600015_SS,5.825048720359803,5.9697794914245605,0.023309007073718302,0.6726533839679877,0.5028086698057308,trend_exit
2024-06-20,2024-06-20,2024-07-08,601169_SS,5.076616160869599,5.213069915771484,0.02533856134716994,0.6489777629622595,0.46316851664984865,trend_exit
2024-06-20,2024-06-20,2024-07-08,601229_SS,6.448862067222596,6.650174617767334,0.029669930388275922,0.6341301061698965,0.46316851664984865,trend_exit
2024-06-27,2024-06-27,2024-07-08,601006_SS,6.376650411605835,6.456777095794678,0.011046790085425418,0.665762750233975,0.4790874524714828,trend_exit
2024-06-19,2024-06-19,2024-07-09,601939_SS,6.393152712821961,6.8097405433654785,0.06356382179225228,0.6300171611416576,0.47742474916387967,trend_exit
2024-06-18,2024-06-18,2024-07-10,600377_SS,11.363359689712524,12.186119079589844,0.07079598228209272,0.6350322102637127,0.5055432372505542,trend_exit
2024-06-20,2024-06-20,2024-07-12,600025_SS,10.433662560462952,11.231485366821287,0.074851527331113,0.6331257503792281,0.5055432372505542,trend_exit
2024-06-24,2024-06-24,2024-07-12,003816_SZ,4.223555210351944,4.677419662475586,0.10579909587418279,0.6696802228366936,0.47742474916387967,trend_exit
2024-06-28,2024-06-28,2024-07-22,600919_SS,6.86342866063118,7.166751861572266,0.04262783043509066,0.6236043343515724,0.46316851664984865,trend_exit
2024-07-10,2024-07-10,2024-07-22,600016_SS,3.405286818504334,3.4797770977020264,0.020342079020986725,0.6115212783428584,0.5055432372505542,trend_exit
2024-07-12,2024-07-12,2024-07-22,601939_SS,6.912775584220887,6.958615303039551,0.005121212953146381,0.6057132397227604,1.0,trend_exit
2024-07-11,2024-07-11,2024-07-23,002797_SZ,4.8758163545131685,4.819435119628906,-0.013046099963306856,0.6242558336650357,0.46316851664984865,trend_exit
2024-07-12,2024-07-12,2024-07-23,600887_SS,24.100246081352235,23.98865509033203,-0.006123338872041084,0.6582643937525265,0.46316851664984865,trend_exit
2024-07-11,2024-07-11,2024-07-24,301269_SZ,73.2473483695984,72.3585205078125,-0.013616406119099422,0.6895121614952444,0.47742474916387967,trend_exit
2024-07-15,2024-07-15,2024-07-25,601728_SS,5.912475673437119,5.90362024307251,-0.0029955067398902413,0.6138442656888684,0.5055432372505542,trend_exit
2024-07-15,2024-07-15,2024-07-26,601988_SS,4.338472468137741,4.346004486083984,0.00023349490507484916,0.6204034082743713,0.5055432372505542,trend_exit
2024-07-09,2024-07-09,2024-08-01,688271_SS,104.67864100265506,111.87947082519533,0.06718668248782578,0.7037058224614243,0.4790874524714828,trend_exit
2024-07-11,2024-07-11,2024-08-05,601727_SS,3.6654900859594353,3.75,0.021520973237038943,0.6390773112490682,0.47742474916387967,trend_exit
2024-07-25,2024-07-25,2024-08-05,600926_SS,12.217703823566437,12.302234649658203,0.0054083381846123935,0.6021121678842086,0.47219069239500566,trend_exit
2024-08-01,2024-08-01,2024-08-05,601169_SS,5.12492631816864,5.021956920623779,-0.021561740806701812,0.6025137615469176,0.47219069239500566,trend_exit
2024-08-09,2024-08-09,2024-08-21,600028_SS,6.16957699918747,6.263635158538818,0.01372261123002283,0.6037672688542597,0.47219069239500566,trend_exit
2024-08-14,2024-08-14,2024-08-21,600905_SS,4.6041310555934905,4.587390899658203,-0.005130445245705495,0.6124294032632105,0.47219069239500566,trend_exit
2024-08-26,2024-08-26,2024-08-28,600282_SS,3.9951170580387116,3.9330804347991943,-0.017004819359427548,0.6081142952023737,0.47219069239500566,trend_exit
2024-08-13,2024-08-13,2024-08-29,600377_SS,12.959692290782927,13.46253490447998,0.037242304871975884,0.605160647441246,0.47219069239500566,trend_exit
2024-08-27,2024-08-27,2024-08-29,600905_SS,4.633707309246064,4.548014163970947,-0.01996569061159048,0.6058788230000727,0.47219069239500566,trend_exit
2024-12-11,2024-12-11,2024-12-16,000877_SZ,6.70003505730629,6.340000152587891,-0.05515566736390398,0.6511063426107574,0.46465566306203754,trend_exit
2024-12-12,2024-12-12,2024-12-16,600517_SS,5.729393061637879,5.563538551330566,-0.03040458496392784,0.6411264906063578,0.536723163841808,trend_exit
2024-12-12,2024-12-12,2024-12-16,000027_SZ,6.575720045566559,6.4486236572265625,-0.020799140303737085,0.6515782325016737,0.46465566306203754,trend_exit
2024-12-16,2024-12-16,2024-12-18,601006_SS,6.732131832599641,6.6254682540893555,-0.017320186798301718,0.6225294845946792,0.46465566306203754,trend_exit
2024-12-18,2024-12-18,2024-12-20,601169_SS,5.688000728607178,5.584187984466553,-0.019723806565825952,0.6198556456288277,0.46465566306203754,trend_exit
2024-12-25,2024-12-25,2024-12-27,601006_SS,6.693441491127015,6.567519664764404,-0.020284498794788997,0.6286925706585823,0.46465566306203754,trend_exit
2024-12-27,2024-12-27,2024-12-31,000987_SZ,7.142438180923462,6.76551628112793,-0.054193003063161105,0.6051586828417035,0.536723163841808,trend_exit
2025-01-16,2025-01-16,2025-01-23,600926_SS,14.065239500522612,13.967376708984377,-0.008447339741160964,0.6034691609002871,0.46465566306203754,trend_exit
2025-01-17,2025-01-17,2025-02-06,600018_SS,5.542779427289963,5.524818420410156,-0.004735572622859174,0.6035654118564403,0.536723163841808,trend_exit
2025-03-14,2025-03-14,2025-03-18,601006_SS,6.306537598848343,6.229485034942627,-0.013699560195107208,0.7554000426303292,0.49480844969566773,trend_exit
2025-03-12,2025-03-12,2025-03-20,600352_SS,8.926895869731904,8.932653427124023,-0.0008559999870140222,0.6901166076507321,0.49480844969566773,trend_exit
2025-03-12,2025-03-12,2025-03-20,601618_SS,3.067682333350182,3.0827231407165527,0.0033956327687683086,0.6550655239070401,0.49480844969566773,trend_exit
2025-03-14,2025-03-14,2025-03-21,001289_SZ,15.721808652877808,15.531675338745115,-0.013575462712538622,0.6818593509992248,0.49480844969566773,trend_exit
2025-03-12,2025-03-12,2025-03-24,000800_SZ,7.994214515447617,7.952456951141357,-0.006715637869015301,0.6624588335375367,0.49480844969566773,trend_exit
2025-03-13,2025-03-13,2025-03-24,600015_SS,6.856964511156082,7.207046985626221,0.0494784395397867,0.6530109157724681,0.49480844969566773,trend_exit
2025-03-18,2025-03-18,2025-03-24,600663_SS,8.683038505077363,8.522584915161133,-0.019951249460390064,0.7286139031313695,0.49480844969566773,trend_exit
2025-03-13,2025-03-13,2025-03-26,001872_SZ,18.074610065460206,20.285398483276367,0.12063111249397407,0.7245850090660052,0.49480844969566773,trend_exit
2025-03-12,2025-03-12,2025-03-28,601916_SS,2.742868850827217,2.8249456882476807,0.02837883366702587,0.6838627184677903,0.49480844969566773,trend_exit
2025-03-24,2025-03-24,2025-03-28,601618_SS,3.1168442053794863,3.0532703399658203,-0.021866274485579096,0.6606272026234923,0.49480844969566773,trend_exit
2025-03-25,2025-03-25,2025-03-28,000983_SZ,6.904373049497605,6.759232997894287,-0.02248993500017471,0.7329215039164535,0.49480844969566773,trend_exit
2025-03-25,2025-03-25,2025-03-31,600332_SS,26.103276644706728,25.666473388671875,-0.018208555676256122,0.6630373606380298,0.49480844969566773,trend_exit
2025-03-14,2025-03-14,2025-04-01,601598_SS,4.835332326173782,4.9136271476745605,0.014667943379062187,0.735778441498532,0.49480844969566773,trend_exit
2025-03-14,2025-03-14,2025-04-01,601009_SS,9.769485528469087,9.898448944091797,0.01168083435653089,0.7074311942427572,0.49480844969566773,trend_exit
2025-03-25,2025-03-25,2025-04-07,000538_SZ,53.629216314315805,52.92343521118164,-0.014640643848851886,0.7019592112157743,0.49480844969566773,trend_exit
2025-03-25,2025-03-25,2025-04-07,000895_SZ,24.920257061958313,25.27128219604492,0.012564806615519508,0.6693225393617235,0.49480844969566773,trend_exit
2025-03-31,2025-03-31,2025-04-07,600795_SS,4.265437512159348,4.1727166175842285,-0.023205115353193362,0.607632363347371,0.49480844969566773,trend_exit
2025-04-01,2025-04-01,2025-04-07,600236_SS,6.453398337602616,5.955571174621582,-0.07852614905083066,0.629351085683915,0.6032596041909197,stoploss
2025-04-01,2025-04-01,2025-04-07,600011_SS,6.794692631483079,6.543588638305664,-0.03840046787781215,0.6091397124080068,0.6032596041909197,trend_exit
2025-04-01,2025-04-01,2025-04-07,600483_SS,9.020433105945587,8.747385025024414,-0.0317245474909722,0.6477015766207256,0.49480844969566773,trend_exit
2025-03-28,2025-03-28,2025-04-08,002624_SZ,11.33393099975586,10.441121101379396,-0.08015503006398228,0.6408662180816231,0.6032596041909197,stoploss_deferred
2025-04-01,2025-04-01,2025-04-08,688396_SS,45.28922567558289,41.72746658325195,-0.0800267665905322,0.6395238856458549,0.49480844969566773,stoploss_deferred
2025-03-25,2025-03-25,2025-04-09,601229_SS,8.963356041431428,9.57633113861084,0.06678420423159914,0.6522779902752245,0.49480844969566773,trend_exit
2025-04-08,2025-04-08,2025-04-14,601006_SS,6.509662130355835,6.374356746673584,-0.022254137910893812,0.6199015498878868,0.6032596041909197,trend_exit
2025-03-26,2025-03-26,2025-04-15,601816_SS,5.402667936801911,5.676454544067383,0.049100172091346206,0.6452978178386259,0.49480844969566773,trend_exit
2025-04-08,2025-04-08,2025-04-15,600905_SS,4.249208370923996,4.213312149047852,-0.00993507176268138,0.6046585584713278,0.6032596041909197,trend_exit
2025-04-08,2025-04-08,2025-04-16,001979_SZ,9.296030514240265,9.50706958770752,0.021168010236654933,0.605790020523704,0.6032596041909197,trend_exit
2025-04-11,2025-04-11,2025-04-17,600221_SS,1.382069995224476,1.3700000047683716,-0.010220170115886607,0.7169440952959375,0.6032596041909197,trend_exit
2025-04-08,2025-04-08,2025-04-18,603392_SS,65.59825000000001,67.30999755859375,0.024555267286182847,0.6203911557765092,0.6032596041909197,trend_exit
2025-04-10,2025-04-10,2025-04-21,000877_SZ,5.658475095510483,5.559999942779541,-0.01887702090088894,0.7373724850595347,0.6032596041909197,trend_exit
2025-04-11,2025-04-11,2025-04-21,600518_SS,2.003,1.9800000190734863,-0.012965542164315447,0.633258259879461,0.6032596041909197,trend_exit
2025-04-17,2025-04-17,2025-04-21,600025_SS,9.167489641189578,9.04595184326172,-0.01473759240323691,0.6542887672864941,0.49480844969566773,trend_exit
2025-04-09,2025-04-09,2025-04-22,600115_SS,3.765639990448952,3.7799999713897705,0.002307703605701761,0.6768028578941356,0.6032596041909197,trend_exit
2025-04-18,2025-04-18,2025-04-22,600018_SS,5.339640569210053,5.331643104553223,-0.0029955067398902413,0.6814181598447053,0.49480844969566773,trend_exit
2025-04-15,2025-04-15,2025-04-23,600901_SS,4.810629972457886,4.812788009643555,-0.0010520752703435665,0.6511274344415443,0.49480844969566773,trend_exit
2025-04-16,2025-04-16,2025-04-23,600011_SS,6.862253881692887,6.82306432723999,-0.007202320374011473,0.6770351225188369,0.49480844969566773,trend_exit
2025-04-10,2025-04-10,2025-04-24,600372_SS,10.930085935592652,10.80457878112793,-0.012965499399683389,0.7689523123317126,0.6032596041909197,trend_exit
2025-04-14,2025-04-14,2025-04-24,300760_SZ,210.62692959594727,210.31146240234375,-0.0029955067398901303,0.6606766660333967,0.6032596041909197,trend_exit
2025-04-23,2025-04-23,2025-04-25,002459_SZ,9.854760152816773,9.640000343322754,-0.02325980606879463,0.6222177611544146,0.49480844969566773,trend_exit
2025-04-15,2025-04-15,2025-04-28,601577_SS,8.569085903167725,8.809561729431152,0.026521088274452875,0.6397294913698539,0.49480844969566773,trend_exit
2025-04-22,2025-04-22,2025-05-07,601117_SS,6.976004956483841,7.255385875701904,0.038488768583077926,0.6432492780735456,0.49480844969566773,trend_exit
2025-04-23,2025-04-23,2025-05-12,600350_SS,9.946206664562228,10.362689971923828,0.040310772330142575,0.6649390409191415,0.49480844969566773,trend_exit
2025-05-07,2025-05-07,2025-05-15,300782_SZ,75.90368591690064,73.4000015258789,-0.03443553974667479,0.6382246384354426,0.7034482758620689,trend_exit
2025-05-06,2025-05-06,2025-05-16,600221_SS,1.382069995224476,1.350000023841858,-0.02466949686787967,0.6163857808969483,0.45582329317269077,trend_exit
2025-05-07,2025-05-07,2025-05-16,000877_SZ,4.967440038204193,4.800000190734863,-0.035156911087459664,0.6909752183992763,0.6333333333333333,trend_exit
2025-05-12,2025-05-12,2025-05-16,002304_SZ,66.70906747817993,65.95262145996094,-0.012822469009759696,0.6633166290681087,0.5794871794871795,trend_exit
2025-05-09,2025-05-09,2025-05-19,601169_SS,6.028270195007325,6.028965473175049,-0.0013848367395595806,0.6517938592788511,0.6666666666666665,trend_exit
2025-05-21,2025-05-21,2025-06-06,601838_SS,17.81410140323639,18.38860511779785,0.03070156582724981,0.629272750634957,0.5794871794871795,trend_exit
2025-05-29,2025-05-29,2025-06-11,300782_SZ,71.7174156112671,70.88999938964844,-0.013019867109606675,0.6336569183414065,0.5370051635111877,trend_exit
2025-06-04,2025-06-04,2025-06-12,600398_SS,7.310466907978058,7.250723838806152,-0.00966000610071116,0.6580486456806378,0.776536312849162,trend_exit
2025-06-25,2025-06-25,2025-07-04,603288_SS,38.94748243522644,38.297828674316406,-0.018155230061339345,0.6004625443796614,0.5221832109798914,trend_exit
2025-06-24,2025-06-24,2025-07-07,605117_SS,51.973687271118166,51.01826095581055,-0.01985531065668289,0.6022214066518552,0.5221832109798914,trend_exit
2025-07-02,2025-07-02,2025-07-07,603392_SS,62.40346637535096,59.810001373291016,-0.04299729101554717,0.6113610885249333,0.5221832109798914,trend_exit
2025-06-24,2025-06-24,2025-07-14,600515_SS,3.370406151413918,3.605027437210083,0.06800775169016138,0.6017493248336481,0.4938173567782189,trend_exit
2025-06-24,2025-06-24,2025-07-15,688223_SS,5.017515229225159,5.329999923706055,0.0606853553371991,0.6384816974181949,0.5221832109798914,trend_exit
2025-07-11,2025-07-11,2025-07-15,600436_SS,195.13969850921634,193.8633575439453,-0.008030841564064972,0.6075372490391284,0.4938173567782189,trend_exit
2025-07-11,2025-07-11,2025-07-15,603885_SS,12.929364847183228,12.529999732971191,-0.032341891404092604,0.6023249173818144,0.4938173567782189,trend_exit
2025-06-24,2025-06-24,2025-07-16,000877_SZ,4.626929885387421,5.03000020980835,0.0854833191562614,0.630175293215124,0.4938173567782189,trend_exit
2025-07-09,2025-07-09,2025-07-16,603833_SS,53.893253133773804,53.5877685546875,-0.007159824458184749,0.6025802124264888,0.4938173567782189,trend_exit
2025-07-21,2025-07-21,2025-07-28,603833_SS,54.72800329208374,54.86271286010742,0.0009577454973788146,0.6105645875500454,0.4938173567782189,trend_exit
2025-07-18,2025-07-18,2025-07-29,600221_SS,1.412114966571331,1.5299999713897705,0.08185594487537506,0.6202705811627991,0.48484848484848486,trend_exit
2025-07-24,2025-07-24,2025-07-29,600518_SS,2.1632400859594347,2.0999999046325684,-0.030690158533360434,0.6193803705928238,0.7214357937310415,trend_exit
2025-07-22,2025-07-22,2025-07-30,000002_SZ,6.710049808979035,6.699999809265137,-0.0029955067398901303,0.658957629421473,0.4938173567782189,trend_exit
2025-07-23,2025-07-23,2025-07-30,688036_SS,74.24654847717285,74.01636505126953,-0.004595607209742947,0.6217831562717482,0.7214357937310415,trend_exit
2025-07-28,2025-07-28,2025-07-30,601799_SS,121.49646300888062,119.97663879394533,-0.013990441622995786,0.6333983159507265,0.7067669172932332,trend_exit
2025-07-24,2025-07-24,2025-08-01,688777_SS,47.641354694366456,47.880001068115234,0.0035017134423831475,0.6096818753119532,0.7214357937310415,trend_exit
2025-08-06,2025-08-06,2025-08-12,600968_SS,4.0761051719188695,4.019999980926514,-0.015243765394427955,0.6190036674540744,0.6479099678456591,trend_exit
2025-08-07,2025-08-07,2025-08-12,688126_SS,18.808170687675478,18.5,-0.01786035937538555,0.6589480151315932,0.7067669172932332,trend_exit
2025-08-07,2025-08-07,2025-08-12,600795_SS,4.521269981145859,4.465427875518799,-0.013832451435357052,0.6166148577656765,0.6479099678456591,trend_exit
2025-08-05,2025-08-05,2025-08-14,300972_SZ,145.87571240234377,150.5231170654297,0.03031087159521384,0.6213037825070881,0.7067669172932332,trend_exit
2025-08-07,2025-08-07,2025-08-15,000877_SZ,5.277904980897904,5.630000114440918,0.06511108756506823,0.7033836903612115,0.7214357937310415,trend_exit
2025-08-06,2025-08-06,2025-08-21,605117_SS,51.67742903518677,55.7808837890625,0.07778605676097206,0.6387615246523344,0.7214357937310415,trend_exit
2025-08-07,2025-08-07,2025-08-22,002939_SZ,8.905513937950134,12.147346496582031,0.3619792817514844,0.601380208654765,0.7067669172932332,trend_exit
2025-08-14,2025-08-14,2025-08-22,002032_SZ,51.977851528167726,51.9900016784668,-0.001266594333606763,0.6314869688164192,0.7067669172932332,trend_exit
2025-08-07,2025-08-07,2025-08-27,600115_SS,3.8357449235916135,4.110000133514404,0.06989260627672089,0.6811450986993399,0.7214357937310415,trend_exit
2025-08-19,2025-08-19,2025-08-27,600642_SS,8.192270305633546,8.149999618530273,-0.006652085990569989,0.6801833374425836,0.7067669172932332,trend_exit
2025-08-18,2025-08-18,2025-08-28,603195_SS,47.90174683380127,47.72999954223633,-0.005080029580603607,0.6356769113915266,0.7067669172932332,trend_exit
2025-08-22,2025-08-22,2025-08-28,000999_SZ,30.299520154953004,29.73234748840332,-0.020190787994452175,0.6944953671977389,0.7214357937310415,trend_exit
2025-08-22,2025-08-22,2025-08-28,601816_SS,5.318657871246338,5.231279373168945,-0.017904031325638115,0.606962414161557,0.7214357937310415,trend_exit
2025-08-07,2025-08-07,2025-08-29,601618_SS,3.044559961795807,3.4100000858306885,0.11835047705665835,0.6053046637054715,0.7067669172932332,trend_exit
2025-08-18,2025-08-18,2025-08-29,002252_SZ,6.93361024093628,6.863370418548584,-0.011615143513553305,0.6097238943477019,0.7067669172932332,trend_exit
2025-08-18,2025-08-18,2025-09-04,688578_SS,91.32946173858645,111.5019989013672,0.2190452432719916,0.601009679880242,0.7067669172932332,trend_exit
2025-08-21,2025-08-21,2025-09-04,601880_SS,1.6224300047755242,1.6399999856948853,0.00931317893304695,0.6061695462627901,0.7214357937310415,trend_exit
2025-09-02,2025-09-02,2025-09-04,600518_SS,2.0931349140405655,2.0299999713897705,-0.03161761918161632,0.6221042706683632,0.75,trend_exit
2025-08-07,2025-08-07,2025-09-11,300919_SZ,33.794332769393925,42.64458084106445,0.25999274080553225,0.669931095434089,0.7067669172932332,trend_exit
2025-09-04,2025-09-04,2025-09-11,688223_SS,5.7085498089790345,5.820000171661377,0.017994125629469115,0.7230276035225102,0.6252014179825977,trend_exit
2025-09-08,2025-09-08,2025-09-12,601816_SS,5.268950873136521,5.241206169128418,-0.006757799440365475,0.6483248039123033,0.6252014179825977,trend_exit
2025-09-03,2025-09-03,2025-09-15,600027_SS,5.299418239593506,5.301316261291504,-0.0011423806199534203,0.621573072724465,0.6252014179825977,trend_exit
2025-09-05,2025-09-05,2025-09-15,603833_SS,55.02327968025208,55.92753601074219,0.014909417091115706,0.627208879034945,0.6252014179825977,trend_exit
2025-09-11,2025-09-11,2025-09-15,600060_SS,21.832699235916138,21.200000762939453,-0.030435928555638814,0.6572005189792501,0.608950452850293,trend_exit
2025-09-08,2025-09-08,2025-09-18,600663_SS,8.475869582176209,8.502861022949219,0.0016797272658048978,0.753254214176943,0.6252014179825977,trend_exit
2025-09-08,2025-09-08,2025-09-18,001979_SZ,9.323965420246125,9.229999542236328,-0.011562771038280628,0.708183705533224,0.6252014179825977,trend_exit
2025-09-08,2025-09-08,2025-09-18,002252_SZ,6.893647222280503,6.793539524078369,-0.015999949508841205,0.6673507464277668,0.6252014179825977,trend_exit
2025-09-12,2025-09-12,2025-09-18,601933_SS,5.227829789876938,5.050000190734863,-0.03546492653360489,0.6385203251751541,0.6252014179825977,trend_exit
2025-09-08,2025-09-08,2025-09-19,601238_SS,7.791670210123063,7.75,-0.006840023856992894,0.7734366765477313,0.6252014179825977,trend_exit
2025-09-17,2025-09-17,2025-09-19,688520_SS,60.05995622253418,57.79999923706055,-0.039071906340297446,0.6157502845276268,0.6252014179825977,trend_exit
2025-09-17,2025-09-17,2025-09-23,600115_SS,4.206299808979034,4.03000020980835,-0.04335035726558356,0.6367086126657213,0.6252014179825977,trend_exit
2025-09-19,2025-09-19,2025-09-23,600132_SS,53.455291725158695,52.11600875854492,-0.02651668214700731,0.6270567732336177,0.6055862492326582,trend_exit
2025-09-05,2025-09-05,2025-09-24,603885_SS,12.749094541549683,13.399999618530272,0.049478421820230656,0.6344204935524598,0.6252014179825977,trend_exit
2025-09-11,2025-09-11,2025-09-25,600157_SS,1.4521750477552415,1.6100000143051147,0.10701875560294671,0.6555748665296716,0.608950452850293,trend_exit
2025-09-22,2025-09-22,2025-09-30,601665_SS,5.534359223127366,5.624050140380859,0.014681887959742346,0.6244308122315316,0.6252014179825977,trend_exit
2025-09-26,2025-09-26,2025-09-30,600028_SS,5.358024904489517,5.289999961853027,-0.014176855078747663,0.6111845640401021,0.608950452850293,trend_exit
2025-09-30,2025-09-30,2025-10-10,000002_SZ,6.900334866285324,6.75,-0.02325392454057884,0.7124348319495386,0.6252014179825977,trend_exit
2025-09-26,2025-09-26,2025-10-13,601318_SS,54.40857421302795,54.20901870727539,-0.005162220070567769,0.6246799444250054,0.6055862492326582,trend_exit
2025-09-26,2025-09-26,2025-10-14,600115_SS,4.096135152816773,4.150000095367432,0.011630461552238458,0.7192473445348156,0.6252014179825977,trend_exit
2025-09-24,2025-09-24,2025-10-17,601928_SS,10.406903388500217,10.480470657348633,0.005558479857352694,0.6333940774292576,0.6055862492326582,trend_exit
2025-09-25,2025-09-25,2025-10-17,688223_SS,5.418114847183228,5.5,0.013590548538308322,0.7678641262784953,0.6375000000000001,trend_exit
2025-09-30,2025-09-30,2025-10-17,000800_SZ,7.020515229225159,6.96999979019165,-0.00868461027831502,0.7395553832216877,0.6252014179825977,trend_exit
2025-10-10,2025-10-10,2025-10-17,600132_SS,52.7611941242218,52.10625076293945,-0.013894733612372923,0.6659502179540953,0.608950452850293,trend_exit
2025-09-25,2025-09-25,2025-10-20,600642_SS,7.691519828081131,8.100000381469727,0.05152824951050894,0.622497727958634,0.608950452850293,trend_exit
2025-09-29,2025-09-29,2025-10-20,600027_SS,5.063012602806092,5.153783798217773,0.01640140490038111,0.6416951348565975,0.6252014179825977,trend_exit
2025-09-25,2025-09-25,2025-10-22,603568_SS,19.258844541549685,22.049999237060547,0.14321106807341932,0.6212849789261102,0.6252014179825977,trend_exit
2025-10-15,2025-10-15,2025-10-22,601006_SS,5.829000944137573,5.790675640106201,-0.008065072890202973,0.6557036932440475,0.6252014179825977,trend_exit
2025-10-21,2025-10-21,2025-10-28,600663_SS,8.674600153923036,8.552469253540039,-0.015558020181745347,0.6716750132782923,0.6252014179825977,trend_exit
2025-10-22,2025-10-22,2025-10-28,000002_SZ,6.38957011461258,6.269999980926514,-0.020185259938301114,0.7607250439137468,0.6252014179825977,trend_exit
2025-10-22,2025-10-22,2025-10-28,600332_SS,25.738550764083865,25.56999969482422,-0.008038761416614082,0.6570012445991514,0.6252014179825977,trend_exit
2025-09-24,2025-09-24,2025-10-29,600025_SS,9.27389022922516,10.09000015258789,0.08636881646600769,0.6768416974814082,0.6252014179825977,trend_exit
2025-10-22,2025-10-22,2025-10-29,601800_SS,8.838021455287933,8.75576400756836,-0.010793263425928012,0.6274737367251415,0.6252014179825977,trend_exit
2025-10-23,2025-10-23,2025-10-29,601186_SS,8.102135152816773,8.0600004196167,-0.006692647407967045,0.6233561599880978,0.5229324225420834,trend_exit
2025-10-23,2025-10-23,2025-10-29,601607_SS,18.283890725135805,18.17704200744629,-0.007335106226395882,0.6185322492844962,0.5229324225420834,trend_exit
2025-10-16,2025-10-16,2025-10-30,002444_SZ,28.860247857093814,29.09000015258789,0.006448915344968054,0.6500884469442543,0.6252014179825977,trend_exit
2025-10-28,2025-10-28,2025-10-30,300015_SZ,12.174684947013853,12.027338027954102,-0.013584575438417956,0.6313278789255218,0.5229324225420834,trend_exit
2025-10-23,2025-10-23,2025-10-31,600642_SS,8.202284579753876,8.229999542236328,0.0018738636802526631,0.6161491582955638,0.5229324225420834,trend_exit
2025-10-23,2025-10-23,2025-11-03,000725_SZ,4.056075191020966,4.059999942779541,-0.0005338284064327903,0.6097728525662272,0.5229324225420834,trend_exit
2025-10-30,2025-10-30,2025-11-04,600887_SS,26.946723987579347,26.621171951293945,-0.01356319953330154,0.673819511024621,0.5229324225420834,trend_exit
2025-10-28,2025-10-28,2025-11-05,603392_SS,56.31434454154969,55.130001068115234,-0.02249939132474099,0.6561065678224957,0.5229324225420834,trend_exit
2025-10-31,2025-10-31,2025-11-06,002180_SZ,21.722535534858704,21.219999313354492,-0.02459962464403531,0.6787684123132328,0.5229324225420834,trend_exit
2025-11-07,2025-11-07,2025-11-11,601006_SS,5.748609770774841,5.730000019073486,-0.00473240536664532,0.6132825269196998,0.5229324225420834,trend_exit
2025-10-30,2025-10-30,2025-11-12,000800_SZ,7.100635152816773,7.309999942779541,0.02794113283934818,0.6828079191946332,0.5229324225420834,trend_exit
2025-10-30,2025-10-30,2025-11-13,000338_SZ,14.461659579753876,18.0,0.24280342106530806,0.6331344178651727,0.5229324225420834,trend_exit
2025-11-06,2025-11-06,2025-11-14,601800_SS,8.71952350950241,8.647303581237793,-0.009770130620513129,0.6300823965980221,0.5229324225420834,trend_exit
2025-11-07,2025-11-07,2025-11-14,601186_SS,8.032030458450318,7.96999979019165,-0.009211328110206085,0.6321588323833651,0.5229324225420834,trend_exit
2025-11-07,2025-11-07,2025-11-14,002648_SZ,18.027,17.809999465942383,-0.013519472638627072,0.6245358206183375,0.5229324225420834,trend_exit
2025-10-29,2025-10-29,2025-11-17,000786_SZ,23.965895305633545,24.209999084472656,0.008670186427942816,0.6202665772887798,0.5229324225420834,trend_exit
2025-10-31,2025-10-31,2025-11-17,300122_SZ,20.620885152816772,21.239999771118164,0.02847863291477082,0.6464515338875811,0.5229324225420834,trend_exit
2025-11-07,2025-11-07,2025-11-17,603529_SS,32.228270305633544,31.88999938964844,-0.011980348663082951,0.6154342423534004,0.5229324225420834,trend_exit
2025-11-07,2025-11-07,2025-11-18,600663_SS,8.475869582176209,8.453253746032715,-0.004164259067502063,0.6137892943005308,0.5229324225420834,trend_exit
2025-11-11,2025-11-11,2025-11-18,000002_SZ,6.289420210123063,6.130000114440918,-0.02680932267531011,0.6952190352850556,0.5229324225420834,trend_exit
2025-11-18,2025-11-18,2025-11-20,600845_SS,23.0345,22.549999237060547,-0.02250214946254725,0.6393556439141648,0.5229324225420834,trend_exit
2025-11-18,2025-11-18,2025-11-20,600839_SS,10.135179885387421,9.9399995803833,-0.020728818506477342,0.6260357687304756,0.5229324225420834,trend_exit
2025-11-17,2025-11-17,2025-11-21,300474_SZ,72.32833122253419,69.76000213623047,-0.03695604536048358,0.6312401258948979,0.5229324225420834,trend_exit
2025-11-17,2025-11-17,2025-11-21,600372_SS,12.466494304656981,12.018587112426758,-0.03737498782835924,0.6243140593849767,0.5229324225420834,trend_exit
2025-11-24,2025-11-24,2025-11-28,688777_SS,50.976351528167726,49.84000015258789,-0.02375829849532274,0.6167000337093826,0.5229324225420834,trend_exit
2025-11-26,2025-11-26,2025-11-28,601668_SS,5.277904980897904,5.199999809265137,-0.016238483196808984,0.6173523978306024,0.5229324225420834,trend_exit
2025-11-25,2025-11-25,2025-12-03,688047_SS,130.71578427886965,130.6999969482422,-0.0016205948441382345,0.6301011619522641,0.5229324225420834,trend_exit
2025-11-25,2025-11-25,2025-12-03,688213_SS,93.61457678222656,89.97000122070312,-0.040373312503956704,0.6194328369272986,0.5229324225420834,trend_exit
2025-11-27,2025-11-27,2025-12-03,601236_SS,8.552809961795807,8.40999984741211,-0.018172403554981176,0.6263119206310697,0.5229324225420834,trend_exit
2025-11-25,2025-11-25,2025-12-04,002920_SZ,109.57411866760255,108.63999938964844,-0.01001221173739586,0.6638010494112361,0.5229324225420834,trend_exit
2025-11-26,2025-11-26,2025-12-04,300782_SZ,70.105,69.18000030517578,-0.014674697885771026,0.6938002642449901,0.5229324225420834,trend_exit
2025-11-28,2025-11-28,2025-12-09,603596_SS,45.04746954154969,44.56999969482422,-0.01208336121445508,0.6601762270388771,0.5229324225420834,trend_exit
2025-12-03,2025-12-03,2025-12-09,688169_SS,160.700696723938,154.8000030517578,-0.03816345418398093,0.6268647917742144,0.5229324225420834,trend_exit
2025-11-28,2025-11-28,2025-12-10,601816_SS,5.097635152816773,5.150000095367432,0.008756990461143754,0.6601486022188671,0.5229324225420834,trend_exit
2025-12-08,2025-12-08,2025-12-10,002648_SZ,16.765109770774842,16.600000381469727,-0.011333620386342114,0.6312314449164473,0.5348837209302325,trend_exit
2025-11-27,2025-11-27,2025-12-11,000725_SZ,3.845759914040565,4.110000133514404,0.06710643020937312,0.6348447257499126,0.5229324225420834,trend_exit
2025-11-28,2025-11-28,2025-12-11,300661_SZ,65.19764847183228,64.97000122070312,-0.004986410715421163,0.6498650812832474,0.5229324225420834,trend_exit
2025-11-27,2025-11-27,2025-12-15,600703_SS,13.009484770774842,13.170000076293944,0.010819821682782838,0.6187471728159901,0.5229324225420834,trend_exit
2025-12-19,2025-12-19,2025-12-29,300122_SZ,19.358994923591617,19.030000686645508,-0.018468894660453983,0.6376311360213363,0.5238095238095238,trend_exit
2025-12-30,2025-12-30,2026-01-16,688111_SS,305.39741244506837,353.2900085449219,0.15508533850317163,0.6037673233363234,0.4886363636363637,trend_exit
