date,nav,cash,n_positions,topix_nav
2016-02-28,10000000.0,10000000.0,0,10000000.0
2016-02-29,10000000.0,10000000.0,0,10007495.389334524
2016-03-01,9999009.87783203,9008887.70986328,1,10389801.861452498
2016-03-02,10001857.732031249,8028272.038671874,2,10524737.990365095
2016-03-03,10029918.101904295,8028272.038671874,2,10569711.451130545
2016-03-06,10022234.453222655,8028272.038671874,2,10487253.17038435
2016-03-07,9993783.403417967,8028272.038671874,2,10359818.054597793
2016-03-08,9983011.572259521,8995735.107415771,1,10254870.231573112
2016-03-09,10009327.490228271,8995735.107415771,1,10412290.278972678
2016-03-10,10008903.173822021,8995735.107415771,1,10449772.849436816
2016-03-13,10030550.048822021,8995735.107415771,1,10622187.04978034
2016-03-14,10030974.560540771,8995735.107415771,1,10539726.51951754
2016-03-15,10031823.388665771,8995735.107415771,1,10487253.17038435
2016-03-16,10043283.740228271,8995735.107415771,1,10442278.584860597
2016-03-17,10030974.560540771,8995735.107415771,1,10359818.054597793
2016-03-21,10042010.498040771,8995735.107415771,1,10524737.990365095
2016-03-22,10026123.316693114,10026123.316693114,0,10494750.80923548
2016-03-23,10026123.316693114,10026123.316693114,0,10412290.278972678
2016-03-24,10025144.98418579,9046812.476861572,1,10509741.587904528
2016-03-27,10044493.946588134,9046812.476861572,1,10622187.04978034
2016-03-28,10051847.846734619,9046812.476861572,1,10697149.941192012
2016-03-29,10042042.512261963,9046812.476861572,1,10547225.283126973
2016-03-30,10024883.613336181,9046812.476861572,1,10472260.142198693
2016-03-31,9995743.613909911,9995743.613909911,0,10089952.545322416
2016-04-03,9995743.613909911,9995743.613909911,0,10119937.476935426
2016-04-04,9995743.613909911,9995743.613909911,0,9850073.092418354
2016-04-05,9995743.613909911,9995743.613909911,0,9850073.092418354
2016-04-06,9995743.613909911,9995743.613909911,0,9887554.538124189
2016-04-07,9995743.613909911,9995743.613909911,0,9992500.111632261
2016-04-10,9995743.613909911,9995743.613909911,0,9962515.180019254
2016-04-11,9989135.971392822,3381493.454302978,7,10104946.698266378
2016-04-12,10147416.56786499,466972.5065856925,10,10344827.275928743
2016-04-13,10508067.48949585,466972.5065856925,10,10637180.077965995
2016-04-14,10405572.616448974,466972.5065856925,10,10547225.283126973
2016-04-17,10120393.539300537,466972.5065856925,10,10254870.231573112
2016-04-18,10451100.179925537,466972.5065856925,10,10592200.993409028
2016-04-19,10503323.562493896,466972.5065856925,10,10607194.021594683
2016-04-20,10704372.616448974,466972.5065856925,10,10794602.374882167
2016-04-21,10849601.705804443,466972.5065856925,10,10922036.365910422
2016-04-24,10810868.917425536,1494813.5585388173,9,10884557.169721192
2016-04-25,10730037.347760009,489302.37461547763,10,10802095.514700085
2016-04-26,10783828.71843872,1598186.854425048,9,10764615.193752553
2016-04-27,10598575.886047363,7669697.516906738,3,10412290.278972678
2016-05-01,10512037.779833984,9564025.182177734,1,10097449.059415244
2016-05-05,10500895.430761717,10500895.430761717,0,10082457.155987892
2016-05-08,10500895.430761717,10500895.430761717,0,10149922.408548433
2016-05-09,10498023.913964842,7626507.117089842,3,10367315.693448924
2016-05-10,10596711.529458618,1004443.1975494382,10,10352320.41574666
2016-05-11,10483981.148062134,964252.8994659422,10,10389801.861452498
2016-05-12,10558391.186819458,964252.8994659422,10,10247374.842238588
2016-05-15,10572385.477078248,2760458.948147583,8,10254870.231573112
2016-05-16,10693735.63833313,1695701.116848755,9,10389801.861452498
2016-05-17,10693726.462722778,688415.3451690675,10,10404794.889638154
2016-05-18,10696336.476553345,434599.8539337161,10,10374811.082783448
2016-05-19,10855342.863882447,434599.8539337161,10,10442278.584860597
2016-05-22,10941916.611135865,434599.8539337161,10,10404794.889638154
2016-05-23,10897936.189932251,3446441.9852203373,7,10314840.09479913
2016-05-24,11006924.821121216,1270442.0727081303,9,10449772.849436816
2016-05-25,11053794.23435364,163855.00095520075,10,10442278.584860597
2016-05-26,11077589.78183899,163855.00095520075,10,10502247.323328309
2016-05-29,11298733.830911256,163855.00095520075,10,10622187.04978034
2016-05-30,11454918.398171999,163855.00095520075,10,10712142.969377667
2016-05-31,11454237.102395631,163855.00095520075,10,10592200.993409028
2016-06-01,11263971.933221437,3483175.287103272,7,10352320.41574666
2016-06-02,11229343.576556398,7885908.990985109,3,10397300.625061931
2016-06-05,11188507.720843507,8995208.737078859,2,10367315.693448924
2016-06-06,11163598.53991089,8957191.221795656,2,10427285.556674939
2016-06-07,11191052.760491945,8957191.221795656,2,10502247.323328309
2016-06-08,11194456.376824953,8957191.221795656,2,10382305.347359668
2016-06-09,11186731.128790285,8986887.93115845,2,10337329.637077613
2016-06-12,11108996.393682864,8986887.93115845,2,9977511.58247982
2016-06-13,11061217.649911502,11061217.649911502,0,9895051.052217016
2016-06-14,11061217.649911502,11061217.649911502,0,9925034.85907172
2016-06-15,11061217.649911502,11061217.649911502,0,9662668.11340578
2016-06-16,11061217.649911502,11061217.649911502,0,9730133.365966322
2016-06-19,11058000.847055057,7841197.990609745,3,9940029.012015682
2016-06-20,11089312.205136113,701850.858700566,10,10067466.377318844
2016-06-21,10982323.026669316,701850.858700566,10,9992500.111632261
2016-06-22,11162822.72759705,701850.858700566,10,10089952.545322416
2016-06-23,10385094.458694462,7485493.634719853,3,9340327.005480608
2016-06-26,10468312.119827276,9380968.089065557,1,9527736.483526397
2016-06-27,10488731.93794251,9380968.089065557,1,9535230.748102617
2016-06-28,10514256.529006964,9380968.089065557,1,9722636.851873493
2016-06-29,10501090.661135871,6421897.521487433,4,9707644.94844614
2016-06-30,10508547.538604744,413373.05435181456,10,9760118.29757933
2016-07-03,10661729.893341072,413373.05435181456,10,9820090.410321953
2016-07-04,10598367.873992927,413373.05435181456,10,9767613.686913854
2016-07-05,10309141.87018586,3217246.856758126,7,9385304.965279274
2016-07-06,10304701.209660348,6326142.420597848,4,9340327.005480608
2016-07-07,10266371.567326363,8235818.967228707,2,9197900.548645854
2016-07-10,10264341.014726266,10264341.014726266,0,9775211.429253995
2016-07-11,10264341.014726266,10264341.014726266,0,10028217.93631821
2016-07-12,10264341.014726266,10264341.014726266,0,10120218.666511301
2016-07-13,10264341.014726266,10264341.014726266,0,10204555.293624341
2016-07-14,10264341.014726266,10264341.014726266,0,10242888.181365928
2016-07-18,10264341.014726266,10264341.014726266,0,10357892.468382202
2016-07-19,10264341.014726266,10264341.014726266,0,10365558.820978858
2016-07-20,10264341.014726266,10264341.014726266,0,10411560.310833706
2016-07-21,10264341.014726266,10264341.014726266,0,10319557.331124008
2016-07-24,10264341.014726266,10264341.014726266,0,10311890.978527352
2016-07-25,10264341.014726266,10264341.014726266,0,10181553.986317767
2016-07-26,10264341.014726266,10264341.014726266,0,10319557.331124008
2016-07-27,10264341.014726266,10264341.014726266,0,10189220.338914422
2016-07-28,10264341.014726266,10264341.014726266,0,10288888.54646247
2016-07-31,10264341.014726266,10264341.014726266,0,10288888.54646247
2016-08-01,10264341.014726266,10264341.014726266,0,10104884.836559685
2016-08-02,10264341.014726266,10264341.014726266,0,9890213.466753663
2016-08-03,10264341.014726266,10264341.014726266,0,9997550.276414977
2016-08-04,10264341.014726266,10264341.014726266,0,9966883.741270047
2016-08-07,10264341.014726266,10264341.014726266,0,10158553.803769492
2016-08-08,10261287.980126962,7208253.380822763,3,10242888.181365928
2016-08-09,10260394.250622567,6213595.825329599,4,10227556.600930918
2016-08-11,10319656.672802743,6213595.825329599,4,10304223.501172392
2016-08-14,10334408.373211678,5183410.755108652,5,10258223.136075845
2016-08-15,10259830.710552987,5183410.755108652,5,10097218.483963026
2016-08-16,10264135.242413338,5183410.755108652,5,10212222.7709793
2016-08-17,10213252.552203378,8207251.343707284,2,10058884.471463138
2016-08-18,10265522.828082284,8207251.343707284,2,10097218.483963026
2016-08-21,10317333.030108651,8207251.343707284,2,10143221.09857618
2016-08-22,10235560.669879159,8207251.343707284,2,10089553.256124675
2016-08-23,10210043.128491221,1257731.9865234473,9,10158553.803769492
2016-08-24,10227156.690136729,362889.3073242287,10,10143221.09857618
2016-08-25,10188779.166333018,362889.3073242287,10,10020550.458963249
2016-08-28,10300796.903219614,375959.25673523964,10,10235222.953527573
2016-08-29,10248539.742349254,279576.8303619488,10,10235222.953527573
2016-08-30,10334588.120309459,228119.87384949764,10,10350223.866268937
2016-08-31,10425878.611032115,228119.87384949764,10,10411560.310833706
2016-09-01,10440140.168038951,228119.87384949764,10,10442226.845978634
2016-09-04,10500580.393093882,272399.00576478103,10,10480560.858478522
2016-09-05,10600769.379299937,272399.00576478103,10,10541893.928768381
2016-09-06,10624525.104397593,272399.00576478103,10,10511228.518381756
2016-09-07,10649914.388345348,1283726.2535797225,9,10488228.335833482
2016-09-08,10718148.265176402,2342024.3180328477,8,10472892.25636526
2016-09-11,10636552.25077821,5385562.809860241,5,10288888.54646247
2016-09-12,10674839.286618054,5403864.033322155,5,10319557.331124008
2016-09-13,10598931.557028208,8510720.595114145,2,10227556.600930918
2016-09-14,10604369.972555552,8510720.595114145,2,10143221.09857618
2016-09-15,10632270.250021372,6529342.6438202,4,10235222.953527573
2016-09-19,10648877.332206735,1411414.552970896,9,10258223.136075845
2016-09-20,10848951.495664988,335476.6589340309,10,10541893.928768381
2016-09-22,10969278.161924753,335476.6589340309,10,10518895.995736716
2016-09-25,10878092.235105906,335476.6589340309,10,10403891.708720444
2016-09-26,11075987.506407175,335476.6589340309,10,10511228.518381756
2016-09-27,10987827.84440156,1371905.763407908,9,10449892.073816989
2016-09-28,11106971.664738474,234340.94727021293,10,10572562.713429919
2016-09-29,11019807.618206797,3274488.5752380476,7,10373224.048817208
2016-10-02,11047967.573040782,3274488.5752380476,7,10442226.845978634
2016-10-03,11091647.102337658,1178425.3677185168,9,10518895.995736716
2016-10-04,11198977.488134777,218958.51840821467,10,10587896.543381535
2016-10-05,11251672.965429699,218958.51840821467,10,10633898.033236383
2016-10-06,11224974.900115978,203725.95602418156,10,10603230.37333315
2016-10-10,11327737.364959728,176613.97018433805,10,10649229.613671392
2016-10-11,11347120.49484254,176613.97018433805,10,10549561.406123342
2016-10-12,11321325.142156994,94853.69440308819,10,10534228.70093003
2016-10-13,11336103.114898695,2271894.62490846,8,10572562.713429919
2016-10-16,11385590.601547254,4531.336410535267,10,10626229.43112312
2016-10-17,11470236.88145448,4531.336410535267,10,10649229.613671392
2016-10-18,11574307.605941785,4531.336410535267,10,10672230.920977967
2016-10-19,11829142.765243543,4531.336410535267,10,10764235.02544597
2016-10-20,11859323.172958387,4531.336410535267,10,10718233.53559112
2016-10-23,11909813.254745496,4531.336410535267,10,10748898.945977747
2016-10-24,11938131.913513197,11503.346008313587,10,10810233.141025906
2016-10-25,12046581.002624525,99692.43756104796,10,10848567.153525796
2016-10-26,12031760.479553236,99692.43756104796,10,10863902.108235717
2016-10-27,11954927.700579848,1292782.4887878553,9,10925237.428042183
2016-10-30,11991115.712451186,3710324.8982422007,7,10955905.087945415
2016-10-31,12248699.997741712,2546655.07891847,8,10955905.087945415
2016-11-01,12105897.858776867,3626985.0932739386,7,10733566.240784433
2016-11-03,12037777.452441419,7150142.2107422,4,10580230.190784879
2016-11-06,12028201.377929699,6036162.840332043,5,10702898.5808812
2016-11-07,11953227.464941418,7232730.602148449,4,10710563.808719553
2016-11-08,11780436.941766368,10729122.781610118,1,10235222.953527573
2016-11-09,11816713.019516002,7330394.089462291,4,10817901.743139172
2016-11-10,11712985.901812755,5079888.60261842,6,10833234.448332485
2016-11-13,11812339.54572984,515581.6592247125,10,10986572.747848647
2016-11-14,11703197.390792094,2614625.1678917045,8,11017238.158235272
2016-11-15,11796534.52873155,1435335.3618614313,9,11147575.15044486
2016-11-16,11828075.237563336,355859.5034629938,10,11170575.332993131
2016-11-17,11888328.959181989,355859.5034629938,10,11231910.652799597
2016-11-20,11988102.643874371,355859.5034629938,10,11323912.50775099
2016-11-21,12021908.310323345,1474966.2296348687,9,11369912.872847537
2016-11-23,12067699.275910199,278853.5674446223,10,11461915.852557234
2016-11-24,12186466.382898724,2614639.930262005,8,11507916.21765378
2016-11-27,12145553.386362469,1418507.215555584,9,11538583.877557011
2016-11-28,12135911.771067059,1418507.215555584,9,11538583.877557011
2016-11-29,12158144.11920625,4912730.325260937,6,11530917.524960356
2016-11-30,12137103.203849804,2616697.286491406,8,11622920.504670054
2016-12-01,12059414.445478832,3957465.696699536,7,11615253.027315093
2016-12-04,11997515.418435682,1571612.3315826536,9,11530917.524960356
2016-12-05,12120772.452188123,3774283.1882721065,7,11607584.42520183
2016-12-06,12169096.418264782,4957386.3032135125,6,11714921.234863143
2016-12-07,12190539.218814097,3703244.46173402,7,11860590.932266042
2016-12-08,12251109.645938123,1304771.6027252313,9,11983259.322362365
2016-12-11,12436324.153213512,73700.89271546574,10,12029259.68745891
2016-12-12,12582963.844375622,73700.89271546574,10,12090596.13202368
2016-12-13,12666213.478164684,73700.89271546574,10,12090596.13202368
2016-12-14,12713400.282363903,73700.89271546574,10,12121262.667168608
2016-12-15,12795561.268692028,73700.89271546574,10,12182597.986975074
2016-12-18,12818298.384170543,73700.89271546574,10,12174930.509620115
2016-12-19,12829070.290341198,203348.10406190157,10,12182597.986975074
2016-12-20,12718261.5167328,3884346.4532562373,7,12128930.144523568
2016-12-21,12681948.723300181,7672650.767977917,4,12121262.667168608
2016-12-25,12712077.289265454,5341502.660054028,6,12098262.484620336
2016-12-26,12806831.461018384,4097280.249470532,7,12067595.949475408
2016-12-27,12933490.175288403,1653133.1974441654,9,12098262.484620336
2016-12-28,12826576.49231721,2909551.1077957274,8,11944926.434620779
2016-12-29,12828223.75274812,1656583.4100357178,9,11929591.479910862
2017-01-03,13012261.38051759,357210.5901123169,10,12213265.646878306
2017-01-04,13265247.990930188,357210.5901123169,10,12228599.476829922
2017-01-05,13480352.805078138,357210.5901123169,10,12220931.999474961
2017-01-09,13449015.691125501,357210.5901123169,10,12128930.144523568
2017-01-10,13439264.03249513,357210.5901123169,10,12190263.214813426
2017-01-11,13396003.011804212,2843034.1107422,8,12067595.949475408
2017-01-12,13478225.751501478,1520030.7395996223,9,12151930.32707184
2017-01-15,13338370.726733413,5634835.814624037,6,12029259.68745891
2017-01-16,13269008.64631349,9418501.096264662,3,11852924.579669386
2017-01-17,13334852.826910414,10719557.447271742,2,11914258.774717547
2017-01-18,13327219.974279799,7301955.179357924,5,12029259.68745891
2017-01-19,13397039.500091566,1131234.4036560196,10,12059928.472120447
2017-01-22,13198191.166351331,1131234.4036560196,10,11906592.422120892
2017-01-23,13196139.01306764,725938.5858215471,10,11852924.579669386
2017-01-24,13349639.013421645,450085.97997437953,10,11952591.662459133
2017-01-25,13505433.392468276,1880227.5086792135,9,12167264.157023458
2017-01-26,13563605.970336929,545948.7498779441,10,12174930.509620115
2017-01-29,13730382.526733413,545948.7498779441,10,12136596.497120224
2017-01-30,13673317.841993727,489387.9851211691,10,11967927.741927356
2017-01-31,13724455.81673738,311356.51406404027,10,11998594.277072286
2017-02-01,13794956.730561843,6724297.682099929,5,11868257.2848627
2017-02-02,14111515.122859206,5371073.519770827,6,11914258.774717547
2017-02-05,14152313.798530594,4014929.1305618426,7,11960260.264572397
2017-02-06,13969786.285707107,53844.92218171572,10,11929591.479910862
2017-02-07,14125479.384156814,53844.92218171572,10,11983259.322362365
2017-02-08,14186000.86663057,89293.66448213067,10,11914258.774717547
2017-02-09,14385927.339103714,89293.66448213067,10,12167264.157023458
2017-02-12,14565923.530509964,89293.66448213067,10,12228599.476829922
2017-02-13,15009369.052055374,89293.66448213067,10,12090596.13202368
2017-02-14,15359101.43097383,70012.77435761923,10,12213265.646878306
2017-02-15,15872040.315080276,1720324.4825607443,9,12190263.214813426
2017-02-16,15623989.414811721,1720324.4825607443,9,12144262.849716883
2017-02-19,15568816.30621797,4559737.549504103,7,12159597.8044268
2017-02-20,15555799.791178908,4675165.99906465,7,12228599.476829922
2017-02-21,15450143.852973953,8092041.93036653,5,12243932.182023237
2017-02-22,15489372.37165071,8092041.93036653,5,12243932.182023237
2017-02-23,15442454.32179109,8056590.125013746,5,12190263.214813426
2017-02-26,15439989.960780347,6758997.8099014405,6,12067595.949475408
2017-02-27,15507647.07137605,6758997.8099014405,6,12082928.65466872
2017-02-28,15577951.195222486,3903113.9149490483,8,12220931.999474961
2017-03-01,15638330.44413606,965206.6648391851,10,12312934.97918466
2017-03-02,15546742.34599153,965206.6648391851,10,12251599.659378197
2017-03-05,15530859.318739332,763284.4102920659,10,12220931.999474961
2017-03-06,15587866.482679762,4924820.242445386,7,12220931.999474961
2017-03-07,15729949.6613907,4924820.242445386,7,12182597.986975074
2017-03-08,15720142.08363191,4767107.598768629,7,12228599.476829922
2017-03-09,15771793.083393874,159683.73891145177,10,12397270.481539397
2017-03-12,15920915.013325514,159683.73891145177,10,12397270.481539397
2017-03-13,15919166.746723952,159683.73891145177,10,12381934.402071176
2017-03-14,15892678.243482985,3211181.0266861096,8,12358931.970006295
2017-03-15,15876691.338819899,3243552.300733961,8,12366601.696877861
2017-03-16,15796260.093141187,9642214.933229078,4,12312934.97918466
2017-03-20,15796569.27229768,11187360.66634065,3,12282266.194523124
2017-03-21,15737600.784626782,12627807.327595532,2,12029259.68745891
2017-03-22,15750756.279255688,14165597.587849438,1,12044595.766927136
2017-03-23,15756823.82393495,9589960.36110536,4,12136596.497120224
2017-03-26,15727306.365499891,5050985.979757704,7,11990927.924475629
2017-03-27,15812345.98950807,497926.7115539685,10,12151930.32707184
2017-03-28,15914450.381414808,482596.9741272109,10,12243932.182023237
2017-03-29,15646921.93190309,3564675.1896545542,8,12105927.712458689
2017-03-30,15566638.601188673,9431860.628776563,4,11998594.277072286
2017-04-02,15649943.944047559,8005409.837602247,5,12029259.68745891
2017-04-03,15624992.035148634,6593227.862785352,6,11952591.662459133
2017-04-04,15699647.772453321,6593227.862785352,6,11937257.832507517
2017-04-05,15606648.692686476,8098192.515928663,5,11768587.952556344
2017-04-06,15679219.24258882,6538131.181065382,6,11829923.27236281
2017-04-09,15717383.44322969,6501598.04894258,6,11914258.774717547
2017-04-10,15754870.946574416,1826361.9805099631,9,11875923.637459356
2017-04-11,15697133.644938674,1826361.9805099631,9,11745587.770008072
2017-04-12,15720069.808586136,3366827.1022873065,8,11638250.960346758
2017-04-13,15583207.08914949,9445245.483314529,4,11592251.720008517
2017-04-16,15661068.469154373,9445245.483314529,4,11645918.437701719
2017-04-17,15663995.678627029,9445245.483314529,4,11676586.09760495
2017-04-18,15718498.485755935,6616277.60868074,6,11691921.05231487
2017-04-19,15708900.274769608,5117539.840809646,7,11707252.63274988
2017-04-20,15769735.893653885,5120584.978126541,7,11822256.919766154
2017-04-23,15863516.42343904,5120584.978126541,7,11944926.434620779
2017-04-24,16029937.507130448,3560104.8655288843,8,12059928.472120447
2017-04-25,16189286.064649979,2019666.20991365,9,12220931.999474961
2017-04-26,16243519.028517166,3529203.7453140407,8,12190263.214813426
2017-04-27,16304127.36591951,3529203.7453140407,8,12159597.8044268
2017-04-30,16427850.2044449,5231364.236427322,7,12228599.476829922
2017-05-01,16806326.254249588,5231364.236427322,7,12312934.97918466
2017-05-07,16985726.28397371,3535705.855506912,8,12596606.896635499
2017-05-08,17092474.268251054,370130.38092195103,10,12558271.759377306
2017-05-09,17232273.21539461,370130.38092195103,10,12588940.544038843
2017-05-10,17345343.584657304,1920182.1710830838,9,12604273.249232156
2017-05-11,17388733.288026445,1920182.1710830838,9,12550607.656297257
2017-05-14,17951102.14321443,5231529.776881424,7,12542937.92942569
2017-05-15,17875860.01369783,5231529.776881424,7,12573605.589328922
2017-05-16,17853438.250318922,7086348.589674393,6,12527604.099474074
2017-05-17,17792362.455775466,10787463.581874099,4,12351268.99168455
2017-05-18,17808742.433192458,10787463.581874099,4,12389601.879426135
2017-05-21,17857149.44034578,9065892.363319412,5,12443269.721877638
2017-05-22,17859707.332337964,6012235.707582106,7,12427934.767167721
2017-05-23,17859623.317543045,814428.4444961685,10,12512271.394280761
2017-05-24,17904472.709455885,716228.0195144792,10,12527604.099474074
2017-05-25,17843251.272169508,4098165.4811538835,8,12473936.257022569
2017-05-28,17850897.4374283,4122653.3334243917,8,12473936.257022569
2017-05-29,17836077.976380937,5828133.023988357,7,12489271.211732488
2017-05-30,17780220.962818924,5868660.525807205,7,12435603.369280983
2017-05-31,17967880.0910782,616520.5879043727,10,12596606.896635499
2017-06-01,18207660.425550856,616520.5879043727,10,12788278.083893247
2017-06-04,18168182.117445387,616520.5879043727,10,12788278.083893247
2017-06-05,18015696.08355867,2287466.3289199974,9,12680941.274231933
2017-06-06,18109698.15765535,5777809.040223708,7,12673276.04639358
2017-06-07,17919538.66063997,7457054.224604813,6,12634940.909135388
2017-06-08,17864941.759663407,10995396.227436844,4,12642607.261732044
2017-06-11,17903430.105513014,12757459.402388016,3,12627273.431780428
2017-06-12,17921987.43008577,12690199.295320146,3,12650274.739087004
2017-06-13,17887389.78108675,7535276.4998367485,6,12627273.431780428
2017-06-14,17855543.50829622,9134313.37523958,5,12604273.249232156
2017-06-15,17906025.575300615,2196461.177107257,9,12688609.876345197
2017-06-18,18038338.556300372,2135065.8451187317,9,12757610.423990015
2017-06-19,18074561.0969742,390623.3406265443,10,12834276.199473185
2017-06-20,18009808.93632967,390623.3406265443,10,12795944.436489902
2017-06-21,18061991.6785721,361575.16245882004,10,12780610.606538288
2017-06-22,18067437.823750325,1969933.1850784488,9,12803611.913844863
2017-06-25,18065885.80907747,7346180.486811847,6,12803611.913844863
2017-06-26,18087959.525386065,5596701.310054035,7,12849612.27894141
2017-06-27,18032426.423652668,9100648.61603548,5,12834276.199473185
2017-06-28,18082259.767744467,9126838.832685871,5,12903280.121392915
2017-06-29,18218086.1077347,9143564.525703449,5,12803611.913844863
2017-07-02,18281076.869740315,7373683.90709383,6,12818944.619038178
2017-07-03,18250061.57433016,7373683.90709383,6,12803611.913844863
2017-07-04,18285085.010621663,5844705.6771255685,7,12857279.756296368
2017-07-05,18280411.83953707,3987222.065977497,8,12634940.909135388
2017-07-06,18217214.44327242,7694265.120762654,6,12565938.111973962
2017-07-09,18312312.35460665,4060778.6235275473,8,12838603.144666752
2017-07-10,18438310.40821993,570039.1985031336,10,12947668.707840545
2017-07-11,18233337.1248337,570039.1985031336,10,12885346.97500191
2017-07-12,18221844.324455284,4009215.6943893647,8,12869765.698223524
2017-07-13,18228855.453259297,4336130.624157735,8,12932087.431062158
2017-07-16,18227041.64428713,6148125.787353536,7,12932087.431062158
2017-07-17,18175267.79048159,6115237.251541158,7,12877556.898991868
2017-07-18,18189554.453848287,11074794.970510885,4,12900927.127021993
2017-07-19,18193111.340338156,4031302.1148742903,8,12978832.38615562
2017-07-20,18190691.381756615,2182258.5448425524,9,12947668.707840545
2017-07-23,18208206.089642357,371109.2390564198,10,12900927.127021993
2017-07-24,18097942.795941185,5447723.344036888,7,12846395.4701934
2017-07-25,18240922.308355737,8032774.456793237,6,12893137.051011952
2017-07-26,18285111.041131616,4668378.869500755,8,12932087.431062158
2017-07-27,18398678.24443972,2897619.3394104233,9,12893137.051011952
2017-07-30,18409962.540908836,1175792.820449852,10,12861974.497455178
2017-07-31,18664257.24916079,1175792.820449852,10,12932087.431062158
2017-08-01,18718016.367813133,1175792.820449852,10,12994412.538175704
2017-08-02,18849194.260940574,2985455.894241356,9,12986622.462165663
2017-08-03,18825027.138931297,606318.8015289542,10,12978832.38615562
2017-08-06,19004224.548281886,766817.5353424307,10,13033366.29250082
2017-08-07,19269861.270816065,983706.3788482903,10,13002202.614185745
2017-08-08,19012401.652017236,4566615.952554345,8,12861974.497455178
2017-08-09,19118102.587521385,2653533.391964746,9,12854184.421445137
2017-08-10,19116196.561489895,4557653.397427393,8,12854184.421445137
2017-08-13,18976298.64283755,9891273.130142238,5,12721747.505482916
2017-08-14,19150621.527490262,9782854.361352567,5,12861974.497455178
2017-08-15,19301375.84218753,2637749.9937988576,9,12861974.497455178
2017-08-16,19292353.088879425,473420.6914184869,10,12838603.144666752
2017-08-17,19101127.95765384,473420.6914184869,10,12698377.277452791
2017-08-20,19105241.25647586,4158889.3765930473,8,12690586.076684447
2017-08-21,19033267.62487796,11478310.071777375,4,12682796.000674406
2017-08-22,19106543.904150423,8011999.910009799,6,12721747.505482916
2017-08-23,19238125.54509891,4247207.097222934,8,12667214.72389602
2017-08-24,19209190.070611604,3314497.629815707,9,12690586.076684447
2017-08-27,19207276.88502811,1425508.3181335784,10,12737328.7822613
2017-08-28,19126121.12828983,1493409.0494324064,10,12713957.429472875
2017-08-29,19351102.62745975,574333.9934265476,10,12791862.6886065
2017-08-30,19546142.257586703,574333.9934265476,10,12861974.497455178
2017-08-31,19673746.12416385,574333.9934265476,10,12877556.898991868
2017-09-03,19418846.790399205,2408523.0172058446,9,12752910.059039688
2017-09-04,19288639.12863773,11516189.699316442,4,12636054.419855854
2017-09-05,19265584.03464054,15434791.35885929,2,12667214.72389602
2017-09-06,19307030.65646671,13582382.450900305,3,12713957.429472875
2017-09-07,19287585.490499914,11705137.86781925,4,12682796.000674406
2017-09-10,19358005.848068275,8605702.930587804,6,12823021.867888365
2017-09-11,19541106.925155677,921420.917465246,10,12947668.707840545
2017-09-12,19665513.223983802,921420.917465246,10,13009993.814954089
2017-09-13,19594779.779769935,921420.917465246,10,12978832.38615562
2017-09-14,19656629.318954505,921420.917465246,10,13025573.96697417
2017-09-17,19653468.333798252,4079245.088558996,8,13025573.96697417
2017-09-18,19867521.046810947,4079245.088558996,8,13274867.646878531
2017-09-19,19882905.12221378,2838180.671530188,9,13267076.446110187
2017-09-20,20032573.647360265,2811533.4373993287,9,13259285.245341841
2017-09-21,19927479.60839542,6867784.063961828,7,13228123.816543374
2017-09-24,19965653.186172523,918756.158584631,10,13313819.15168704
2017-09-25,19960745.416610755,978274.2679291137,10,13306029.075677
2017-09-26,20015157.92271427,978274.2679291137,10,13352771.781253856
2017-09-27,20115656.988943517,2441021.8326935177,9,13422885.83961914
2017-09-28,20352278.556143224,518813.88634342025,10,13415095.763609096
2017-10-01,20511300.446402013,518813.88634342025,10,13407303.43808245
2017-10-02,20778166.040884435,518813.88634342025,10,13500787.724477855
2017-10-03,20726437.723330725,552062.0580475219,10,13500787.724477855
2017-10-04,20774329.26493229,403202.97098697536,10,13469627.420437692
2017-10-05,20845223.041543618,2402450.745401038,9,13508580.050004505
2017-10-08,20841317.554214515,6304032.587173499,7,13508580.050004505
2017-10-09,20826027.18861393,10395359.528091468,5,13578692.983611485
2017-10-10,20891824.764920082,2432159.0239532855,9,13602065.461158214
2017-10-11,21051809.66882023,518561.7257049952,10,13617644.488419995
2017-10-12,21102454.593746986,518561.7257049952,10,13703339.823563665
2017-10-15,21084520.531735267,665104.2780731597,10,13789035.158707332
2017-10-16,21034907.838620037,755538.3806122225,10,13804616.435485719
2017-10-17,21059499.333126873,817042.9183319495,10,13827986.663515843
2017-10-18,21086253.558029216,4613587.475265543,8,13866939.293082658
2017-10-19,21108432.626309246,4566537.991299478,8,13859148.092314312
2017-10-22,21338150.44335026,371732.4105133461,10,13983794.932266494
2017-10-23,21491909.961782876,371732.4105133461,10,14077279.2186619
2017-10-24,21369308.481192056,2554993.61913151,9,14046118.914621735
2017-10-25,21353456.179855388,480935.8856659343,10,14046118.914621735
2017-10-26,21658418.01628117,620218.0712128098,10,14201927.183372382
2017-10-29,21700511.45088963,518990.0718002743,10,14178556.95534226
2017-10-30,21867386.43102879,630979.975035138,10,14147393.277027182
2017-10-31,22174966.87859959,2633879.062742658,9,14326572.89856626
2017-11-01,22173571.37660374,251725.91609348822,10,14381107.929669764
2017-11-02,22173571.37660374,251725.91609348822,10,14381107.929669764
2017-11-05,22368345.81813206,251725.91609348822,10,14373315.604143115
2017-11-06,22776286.65522923,251725.91609348822,10,14529124.997652067
2017-11-07,23097060.019055218,277515.53052982874,10,14568077.62721888
2017-11-08,23195942.810229536,4571831.381396528,8,14536915.07366211
2017-11-09,23024550.4365601,8837269.937292524,6,14420057.184961665
2017-11-12,22961334.844744917,13196069.390643355,4,14295411.469767788
2017-11-13,22943700.75662236,15480672.137237594,3,14256458.840200976
2017-11-14,22815877.49719853,18191251.22766728,2,13983794.932266494
2017-11-15,22844216.9524384,15927578.356857343,3,14131813.1250071
2017-11-16,22868680.221139573,9423182.961618086,6,14139604.325775446
2017-11-19,22736771.72320256,3817990.460995529,9,14092861.620198589
2017-11-20,22901694.666159105,1534199.3933319552,10,14201927.183372382
2017-11-21,22954249.411642503,1534199.3933319552,10,14248669.88894924
2017-11-22,22952169.437814377,3612093.2476288304,9,14248669.88894924
2017-11-23,23038522.082885787,3554035.2786865695,9,14287621.393757747
2017-11-26,23149512.167309616,3600880.4351318823,9,14248669.88894924
2017-11-27,23037548.21643071,3724766.2340088356,9,14209718.384140728
2017-11-28,23291749.10266118,1634294.0611572734,10,14318782.822556218
2017-11-29,23596062.961669967,1770257.126709031,10,14381107.929669764
2017-11-30,23732229.843994185,1770257.126709031,10,14420057.184961665
2017-12-03,23664529.172607467,1770257.126709031,10,14303201.545777833
2017-12-04,23715818.41947026,3893451.476110887,9,14357735.452123033
2017-12-05,23388329.49652104,5201292.326110886,8,14155184.477795528
2017-12-06,23623984.371311996,7294646.0519150235,7,14310992.746546175
2017-12-07,23740365.439195298,279290.61009373516,10,14459009.81452848
2017-12-10,23900086.507542465,107561.86612400878,10,14529124.997652067
2017-12-11,24004330.2911118,107561.86612400878,10,14544705.14967215
2017-12-12,24283619.27241063,57183.50123143103,10,14521334.921642026
2017-12-13,24165828.072154284,57183.50123143103,10,14482382.292075211
2017-12-14,24005974.909800768,9697275.092906237,6,14381107.929669764
2017-12-17,24108371.93141942,12034872.724876452,5,14575866.57847062
2017-12-18,24172658.131443836,6089.674412586261,10,14552496.350440493
2017-12-19,24460156.46518407,6089.674412586261,10,14599240.180775654
2017-12-20,24638463.185154773,6089.674412586261,10,14607029.132027391
2017-12-21,24725279.73788915,6089.674412586261,10,14653770.712845944
2017-12-24,24723751.339109853,72499.8864731337,10,14684932.141644413
2017-12-25,24600150.151194815,151417.41804051725,10,14653770.712845944
2017-12-26,24870481.443089344,88714.64011082985,10,14677142.065634372
2017-12-27,24694768.304942373,3513700.0859482326,9,14583657.779238963
2017-12-28,24695338.170311026,8475928.068992667,7,14568077.62721888
2017-12-31,24690315.69879003,13493377.118467765,5,14568077.62721888
2018-01-01,24687904.04302831,15902621.224424796,4,14568077.62721888
2018-01-02,24683998.02310033,19804735.13247533,2,14568077.62721888
2018-01-03,24712660.692771964,489319.622215325,10,14957597.1743372
2018-01-04,24990844.24990087,489319.622215325,10,15074452.813521035
2018-01-07,24990844.24990087,489319.622215325,10,15074452.813521035
2018-01-08,25055934.044822745,489319.622215325,10,15152356.94789636
2018-01-09,25016654.670115717,2776622.0224106377,9,15183519.501453131
2018-01-10,25072054.83289648,2736048.1190292905,9,15152356.94789636
2018-01-11,24840547.067265376,12330535.342411859,5,15058871.536742648
2018-01-14,25197138.508818112,9766038.765165767,6,15113406.567846153
2018-01-15,25174655.535636958,4752544.402824459,8,15199099.653473213
2018-01-16,25124468.471086178,228061.94032445922,10,15167939.349433048
2018-01-17,24838239.79676977,2601967.396867428,9,15058871.536742648
2018-01-18,25234941.918742426,7611685.558879146,7,15144566.871886319
2018-01-21,25216729.729679927,5212821.544865476,8,15191308.452704871
2018-01-22,25440336.55216528,145929.85660864087,10,15331537.69419374
2018-01-23,25432844.675944578,145929.85660864087,10,15238051.158281725
2018-01-24,25238014.738664307,697161.6502854,10,15128985.595107932
2018-01-25,25228800.13000952,3154950.8013962405,9,15082242.889531076
2018-01-28,25217342.84539038,8144149.186943115,7,15090032.965541119
2018-01-29,25159779.952818356,15188296.224791013,4,14903063.267992
2018-01-30,24981700.83004614,19898549.975553952,2,14739466.047989612
2018-01-31,24984672.466296446,14994901.734179746,4,14996548.679145709
2018-02-01,24959050.78720709,5328623.396154845,8,14942017.022317117
2018-02-04,24491581.079003967,5774457.681176817,8,14630398.235299211
2018-02-05,23482955.74195715,19217223.82057043,2,13968213.655488107
2018-02-06,23606975.524708614,21593085.290333614,1,14030538.762601651
2018-02-07,23617182.452784788,19004070.294581663,2,14139604.325775446
2018-02-08,23600836.666651975,16720455.95376135,3,13905889.673132865
2018-02-11,23600836.666651975,16720455.95376135,3,13905889.673132865
2018-02-12,23559547.3349259,16643636.507289182,3,13773453.881928947
2018-02-13,23519273.522731073,11943615.441676388,5,13656598.242745113
2018-02-14,23177068.767018184,7356806.285328733,7,13789035.158707332
2018-02-15,23304874.43070227,484687.9682999244,10,13952634.628226329
2018-02-18,23772459.916542113,484687.9682999244,10,14248669.88894924
2018-02-19,23738003.343055785,484687.9682999244,10,14147393.277027182
2018-02-20,23610790.202186644,484687.9682999244,10,14139604.325775446
2018-02-21,23410450.156678833,4962889.951600706,8,13999376.209044877
2018-02-22,23488046.22041174,14063490.751661742,4,14116230.72347041
2018-02-25,23674412.840272583,7032339.414979614,7,14256458.840200976
2018-02-26,23682821.674426332,387911.0222656862,10,14373315.604143115
2018-02-27,23456673.603442445,525381.9042236945,10,14194137.107362341
2018-02-28,23306442.051202454,7348916.645318666,7,13976004.856256451
2018-03-01,23161965.827926695,18364058.821090758,2,13726711.176352091
2018-03-04,23100180.256637633,18364058.821090758,2,13609853.28765165
2018-03-05,23175657.760220397,16046718.08126532,3,13765663.805918906
2018-03-06,23160684.781143248,10575334.854385436,6,13679968.470775237
2018-03-07,23189866.32800604,1824246.540408385,10,13718919.975583747
2018-03-08,23371480.37524725,1824246.540408385,10,13773453.881928947
2018-03-11,23711069.830682434,1862411.3132263785,10,13991586.133034837
2018-03-12,23919450.241449036,1862411.3132263785,10,14046118.914621735
2018-03-13,23867517.486932434,1862411.3132263785,10,13999376.209044877
2018-03-14,24317825.679071106,1808277.958734191,10,14007166.28505492
2018-03-15,24203397.84093634,1808277.958734191,10,13929263.275437899
2018-03-18,23898717.154821835,11221039.692053283,6,13804616.435485719
2018-03-19,23756598.425036684,15675438.183337463,4,13757872.60515056
2018-03-20,23752266.752038635,20002779.50838629,2,13757872.60515056
2018-03-21,23747232.0170838,17724715.48876349,3,13874729.3690927
2018-03-22,23511297.919134583,19050674.62811896,2,13344981.705243815
2018-03-25,23529095.782904115,19050674.62811896,2,13407303.43808245
2018-03-26,23583138.317865055,12357370.446771305,5,13757872.60515056
2018-03-27,23587873.423471138,783538.2946869568,10,13765663.805918906
2018-03-28,23851549.81812446,783538.2946869568,10,13789035.158707332
2018-03-29,24148386.10352485,783538.2946869568,10,13905889.673132865
2018-04-01,24192652.43958442,783538.2946869568,10,13843567.94029423
2018-04-02,24192682.667245552,783538.2946869568,10,13804616.435485719
2018-04-03,24292383.817758247,783538.2946869568,10,13820197.712264106
2018-04-04,24698874.754647896,734412.0410248474,10,13976004.856256451
2018-04-05,24714960.959738225,782419.0743622496,10,13929263.275437899
2018-04-08,25002887.204855412,782419.0743622496,10,13976004.856256451
2018-04-09,24993901.06288764,782419.0743622496,10,14030538.762601651
2018-04-10,24723077.760031193,5280489.13698432,8,13976004.856256451
2018-04-11,24649113.85179755,5168385.339224311,8,13921470.94991125
2018-04-12,24794069.749884102,8012004.918341133,7,14014956.361064961
2018-04-15,25029316.84303596,3028160.2237732643,9,14061699.066641817
2018-04-16,24757890.37715156,713325.1366730449,10,14014956.361064961
2018-04-17,25249999.201709054,562964.9213135475,10,14178556.95534226
2018-04-18,25190678.193408273,562964.9213135475,10,14170765.754573913
2018-04-19,25151156.164453197,357722.4852539776,10,14178556.95534226
2018-04-22,25196751.284075998,327989.42799689807,10,14162973.429047266
2018-04-23,25184512.47567146,442341.40938727884,10,14342154.175344646
2018-04-24,25170260.49750068,5398980.172183299,8,14326572.89856626
2018-04-25,25253039.522610545,2868532.961331249,9,14357735.452123033
2018-04-26,25127590.05664375,366012.41382148396,10,14404477.032941584
2018-04-29,25120130.501892164,7818107.610656811,7,14404477.032941584
2018-04-30,24754802.768512033,7670830.203814769,7,14365524.40337477
2018-05-01,24622881.053845286,5341713.201062083,8,14342154.175344646
2018-05-02,24617979.009167552,10238855.834118724,6,14342154.175344646
2018-05-03,24617979.009167552,10238855.834118724,6,14342154.175344646
2018-05-06,24546542.147387765,3004570.803393626,9,14357735.452123033
2018-05-07,24770915.086096264,510669.40128181083,10,14420057.184961665
2018-05-08,24853499.643151928,2804632.736413647,9,14349943.126596384
2018-05-09,24710540.40206306,2777833.801110912,9,14404477.032941584
2018-05-10,25473943.533340525,291246.353164745,10,14552496.350440493
2018-05-13,25700155.5938874,291246.353164745,10,14638189.436067557
2018-05-14,25821371.780410837,291246.353164745,10,14622608.15928917
2018-05-15,26115111.020230174,5104817.538784862,8,14575866.57847062
2018-05-16,26368098.86482246,138970.77644355362,10,14645981.761594204
2018-05-17,26621066.17296455,23957.176382518373,10,14700512.293664496
2018-05-20,26780861.564810254,23957.176382518373,10,14700512.293664496
2018-05-21,26795922.77037666,2067.5976471677423,10,14661561.913614288
2018-05-22,26813285.27034004,2709727.848465039,9,14560286.426450538
2018-05-23,26815030.83910072,5371364.846363904,8,14381107.929669764
2018-05-24,26897821.62817543,5104503.378663709,8,14349943.126596384
2018-05-27,26883924.304683,2861851.384455947,9,14342154.175344646
2018-05-28,26743993.205586318,2945797.056904678,9,14272040.116979362
2018-05-29,26685231.198286515,5611472.6899857335,8,14077279.2186619
2018-05-30,26877569.56188515,2837855.084346086,9,14155184.477795528
2018-05-31,27055965.910249405,73496.0127884685,10,14178556.95534226
2018-06-03,27241318.93148964,73496.0127884685,10,14388896.8809215
2018-06-04,27178367.784114152,8872.587580949534,10,14381107.929669764
2018-06-05,26980175.112580948,3008439.5412918865,9,14404477.032941584
2018-06-06,26867386.253059465,521044.08387001185,10,14490172.368085252
2018-06-07,26940201.610041887,8531091.887141496,7,14427849.510488315
2018-06-10,27100298.881770402,8531091.887141496,7,14474592.21606517
2018-06-11,27324115.5932206,5878087.553669816,8,14529124.997652067
2018-06-12,27412023.40558632,413454.66168983607,10,14575866.57847062
2018-06-13,27262550.914131243,413454.66168983607,10,14443428.537750093
2018-06-14,27509203.50702675,210158.97577675013,10,14482382.292075211
2018-06-17,27258310.506269917,10832138.936445696,6,14357735.452123033
2018-06-18,26965965.925752338,13350916.554414447,5,14124023.04899706
2018-06-19,27137461.32023476,15988873.90568398,4,14194137.107362341
2018-06-20,27137383.47599648,15988873.90568398,4,14186345.906593997
2018-06-21,27205207.4767289,13387876.336592183,5,14147393.277027182
2018-06-24,27147941.066938862,10690671.450239643,6,14014956.361064961
2018-06-25,27193338.732945334,122237.58853615308,10,14038327.713853389
2018-06-26,27167567.577873312,20617.306266866624,10,14038327.713853389
2018-06-27,27034242.80868386,444726.4909348362,10,13999376.209044877
2018-06-28,27119802.99239968,444726.4909348362,10,14038327.713853389
2018-07-01,26683754.57356423,13309076.692704856,5,13734502.377120437
2018-07-02,26460466.074479762,10722782.532609645,6,13711131.02433201
2018-07-03,26271957.78453836,13218113.21971902,5,13726711.176352091
2018-07-04,26019435.06791238,20913409.43925027,2,13594273.135631567
2018-07-05,26190996.275688257,15855993.590141382,4,13492999.89798442
2018-07-08,26289758.377073757,3056150.2044663355,9,13656598.242745113
2018-07-09,26364646.91897134,452619.7369645047,10,13938054.386338057
2018-07-10,26110141.83669595,414725.20766763017,10,13803272.349313036
2018-07-11,26171429.24209146,414725.20766763017,10,13890484.983408129
2018-07-12,26520597.017811675,340559.26451577526,10,14033194.316956215
2018-07-15,26520597.017811675,340559.26451577526,10,14033194.316956215
2018-07-16,26673490.798558135,5441964.974583524,8,14167977.478739537
2018-07-17,26803212.618626494,5441964.974583524,8,14199690.039106721
2018-07-18,26681380.107444853,7878427.635521024,7,14191760.493067047
2018-07-19,26432569.008397,13013225.856541533,5,14160049.057458166
2018-07-22,26308455.653807156,23667941.43261575,1,14112477.40501163
2018-07-23,26332270.656248562,23667941.43261575,1,14160049.057458166
2018-07-24,26302841.431700222,26302841.431700222,0,14215545.75691116
2018-07-25,26302841.431700222,26302841.431700222,0,14342400.497413112
2018-07-26,26302841.431700222,26302841.431700222,0,14397898.321624411
2018-07-29,26302841.431700222,26302841.431700222,0,14350328.918694483
2018-07-30,26302841.431700222,26302841.431700222,0,14223475.302950837
2018-07-31,26302841.431700222,26302841.431700222,0,14358257.339975854
2018-08-01,26302841.431700222,26302841.431700222,0,14215545.75691116
2018-08-02,26302841.431700222,26302841.431700222,0,14144191.090137117
2018-08-05,26302841.431700222,26302841.431700222,0,14049051.159518959
2018-08-06,26302841.431700222,26302841.431700222,0,14160049.057458166
2018-08-07,26302841.431700222,26302841.431700222,0,14160049.057458166
2018-08-08,26302841.431700222,26302841.431700222,0,14128335.37233268
2018-08-09,26302841.431700222,26302841.431700222,0,13953910.104142494
2018-08-12,26302841.431700222,26302841.431700222,0,13660560.766248342
2018-08-13,26302841.431700222,26302841.431700222,0,13882555.437368453
2018-08-14,26302841.431700222,26302841.431700222,0,13771559.788945854
2018-08-15,26302841.431700222,26302841.431700222,0,13692275.576132134
2018-08-16,26302841.431700222,26302841.431700222,0,13779487.085468922
2018-08-19,26302841.431700222,26302841.431700222,0,13723989.26125762
2018-08-20,26302841.431700222,26302841.431700222,0,13668486.938013107
2018-08-21,26302841.431700222,26302841.431700222,0,13795343.928031664
2018-08-22,26302841.431700222,26302841.431700222,0,13787413.257233687
2018-08-23,26302841.431700222,26302841.431700222,0,13874627.01608708
2018-08-26,26292558.0224595,16009148.781736843,4,14041121.613479285
2018-08-27,26219063.347386256,8402926.10983743,7,14056980.705558635
2018-08-28,26436637.096165553,8402926.10983743,7,14112477.40501163
2018-08-29,26470399.85347146,3388787.07881326,9,14112477.40501163
2018-08-30,26426923.56506814,5901049.474491971,8,14072836.423363075
2018-09-02,26370529.211998075,10986296.094322294,6,13953910.104142494
2018-09-03,26335969.666896142,15905403.117213527,4,13930124.84029838
2018-09-04,26245773.788295068,15905403.117213527,4,13834984.909680221
2018-09-05,26105533.721766748,15905403.117213527,4,13739844.979062062
2018-09-06,26079561.284880154,20934645.562223904,2,13676418.733569391
2018-09-09,26055984.075059596,23686499.45591897,1,13700203.997413505
2018-09-10,26066192.15242776,16120661.122154322,4,13787413.257233687
2018-09-11,26120433.565394677,11067597.36239175,6,13731916.55778069
2018-09-12,26233967.221180815,832886.5723771029,10,13882555.437368453
2018-09-13,26342470.260731596,832886.5723771029,10,14033194.316956215
2018-09-16,26340073.39100503,3227359.4292130405,9,14033194.316956215
2018-09-17,26787095.091932766,910044.9179825718,10,14271044.705880765
2018-09-18,27196265.13587808,910044.9179825718,10,14493039.377000874
2018-09-19,27091921.40902261,846920.6857560091,10,14500966.673523942
2018-09-20,27371060.001551908,846920.6857560091,10,14627820.28926759
2018-09-23,27371060.001551908,846920.6857560091,10,14627820.28926759
2018-09-24,27441335.76511697,872594.871562284,10,14794316.011418097
2018-09-25,27464571.828129668,890089.4672898231,10,14897385.48807593
2018-09-26,27054648.868107695,6165008.060002226,8,14715034.048120985
2018-09-27,27301628.429045197,8767366.795744415,7,14873601.34899012
2018-09-30,27226338.250187777,14168039.23285379,5,14873601.34899012
2018-10-01,27265854.263859652,960366.4830979342,10,14913242.330638675
2018-10-02,27213703.421574496,960366.4830979342,10,14762602.326292608
2018-10-03,27034293.95679178,6137055.400883579,8,14738818.187206797
2018-10-04,26823020.23862772,18680029.55869608,3,14667463.520432753
2018-10-07,26820309.408293247,21388149.062834263,2,14667463.520432753
2018-10-08,26667074.69724588,24007699.886454865,1,14413754.039428852
2018-10-09,26660009.61283426,21451267.651164338,2,14429613.131508203
2018-10-10,26795878.029704377,18821161.657023713,3,13914269.122493941
2018-10-11,26680639.828328036,21411402.76778116,2,13945982.807619428
2018-10-14,26638524.800544832,19025803.29175577,3,13700203.997413505
2018-10-15,26644571.216908358,16555657.868519684,4,13803272.349313036
2018-10-16,26938694.39264078,987487.5261857016,10,14009409.053112099
2018-10-17,26625543.745668124,987487.5261857016,10,13945982.807619428
2018-10-18,26452796.950013828,987487.5261857016,10,13850841.752242964
2018-10-21,26615139.33267984,897561.7020646082,10,13874627.01608708
2018-10-22,25759325.01303873,15824460.254737947,4,13494065.044097835
2018-10-23,25777501.1675065,20871634.907740876,2,13517851.432700256
2018-10-24,25663378.040919587,25663378.040919587,0,13097647.354304152
2018-10-25,25663378.040919587,25663378.040919587,0,13050077.951374223
2018-10-28,25660900.23346109,23183092.774964996,1,13002507.423685992
2018-10-29,25607209.080726713,15704292.93082437,4,13161074.724555125
2018-10-30,25694136.50249185,494584.1465348201,10,13462352.483730653
2018-10-31,26112599.97905435,494584.1465348201,10,13351355.710549748
2018-11-01,26527432.394825835,494584.1465348201,10,13557492.41434881
2018-11-04,26535689.871632475,494584.1465348201,10,13414784.205559026
2018-11-05,26615756.876027007,494584.1465348201,10,13589207.224232603
2018-11-06,26511173.718885895,5483038.367323395,8,13525778.729223324
2018-11-07,26754500.189393707,176558.43524331786,10,13755700.696866501
2018-11-08,26797177.75246744,2834750.036402986,9,13676418.733569391
2018-11-11,26796617.109706208,260312.8433487867,10,13684347.154850762
2018-11-12,26351480.8652482,2887238.2932267166,9,13398926.23823798
2018-11-13,26655486.350392245,8009128.0862320885,7,13422710.377323791
2018-11-14,26993942.890333652,10542008.295607088,6,13414784.205559026
2018-11-15,26991591.480421543,10542008.295607088,6,13319643.150182566
2018-11-18,27128200.837110996,10542008.295607088,6,13406854.659519352
2018-11-19,27212757.80493326,13167416.099610996,5,13311712.479384586
2018-11-20,27210355.05835123,13167416.099610996,5,13224500.970047798
2018-11-21,27436444.334474277,13167416.099610996,5,13319643.150182566
2018-11-22,27436444.334474277,13167416.099610996,5,13319643.150182566
2018-11-25,27629548.068483066,15927600.052125644,4,13351355.710549748
2018-11-26,27669547.842652988,15927600.052125644,4,13454424.06244928
2018-11-27,27682777.926881503,15927600.052125644,4,13533708.275262998
2018-11-28,27791377.66443033,15927600.052125644,4,13581277.678192927
2018-11-29,27876935.360963535,15927600.052125644,4,13636776.627162531
2018-12-02,27954099.41736002,15927600.052125644,4,13827056.48839885
2018-12-03,27717434.54361124,21535163.846589755,2,13486137.747574769
2018-12-04,27691744.18234415,24647421.947236728,1,13414784.205559026
2018-12-05,27680168.98703165,24647421.947236728,1,13176932.691876175
2018-12-06,27707178.050752353,24647421.947236728,1,13256214.655173287
2018-12-09,27711036.99850626,24647421.947236728,1,13010435.844967365
2018-12-10,27745762.309785556,24647421.947236728,1,12875653.807942346
2018-12-11,27830648.723359775,24647421.947236728,1,13145219.006750686
2018-12-12,27838365.24557657,24647421.947236728,1,13232430.516087474
2018-12-13,27838365.24557657,24647421.947236728,1,13018364.266248737
2018-12-16,27838365.24557657,24647421.947236728,1,13042149.530092852
2018-12-17,27780488.719697665,24647421.947236728,1,12788441.173847256
2018-12-18,27742663.969423007,27742663.969423007,0,12725016.053112887
2018-12-19,27742663.969423007,27742663.969423007,0,12399954.154851548
2018-12-20,27742663.969423007,27742663.969423007,0,12162102.641168695
2018-12-23,27742663.969423007,27742663.969423007,0,12162102.641168695
2018-12-24,27742663.969423007,27742663.969423007,0,11599186.979707899
2018-12-25,27742663.969423007,27742663.969423007,0,11733970.141491221
2018-12-26,27742663.969423007,27742663.969423007,0,12304811.974716783
2018-12-27,27742663.969423007,27742663.969423007,0,12265169.868309924
2018-12-30,27742663.969423007,27742663.969423007,0,12265169.868309924
2019-01-03,27742663.969423007,27742663.969423007,0,12043176.321948117
2019-01-06,27742663.969423007,27742663.969423007,0,12384095.062772198
2019-01-07,27742663.969423007,27742663.969423007,0,12439594.011741802
2019-01-08,27742663.969423007,27742663.969423007,0,12558519.206204077
2019-01-09,27742663.969423007,27742663.969423007,0,12479236.118148662
2019-01-10,27742663.969423007,27742663.969423007,0,12534733.942359962
2019-01-14,27742663.969423007,27742663.969423007,0,12629874.997736424
2019-01-15,27742663.969423007,27742663.969423007,0,12582305.594806496
2019-01-16,27740032.108339023,25108171.024354648,1,12637803.419017797
2019-01-17,27803464.620411776,22352383.187306307,2,12756728.61348007
2019-01-20,27905179.23192911,19589121.288203523,3,12859796.965379601
2019-01-21,27854787.468623444,19589121.288203523,3,12740871.770917328
2019-01-22,27774091.17345743,19589121.288203523,3,12677444.40066635
2019-01-23,27878504.686641023,19589121.288203523,3,12709158.08579184
2019-01-24,27873286.444719024,22286797.843034454,2,12843941.247575162
2019-01-27,27784383.371598907,22286797.843034454,2,12748801.316957
2019-01-28,27774996.856626984,27774996.856626984,0,12756728.61348007
2019-01-29,27774996.856626984,27774996.856626984,0,12709158.08579184
2019-01-30,27769550.863658234,22323557.894908234,2,12851869.668856533
2019-01-31,27676669.554634184,8670320.699043365,7,12812227.562449673
2019-02-03,28028354.509370513,412446.3428666084,10,12954938.020756064
2019-02-04,28082235.024189852,294303.2889603586,10,12962865.317279134
2019-02-05,28134916.496968172,294303.2889603586,10,12962865.317279134
2019-02-06,27852148.290791415,2857645.5838822336,9,12851869.668856533
2019-02-07,27157116.56936197,18919200.02578287,3,12606088.609134005
2019-02-11,27413059.006190583,21735208.40804605,2,12867725.386660973
2019-02-12,27485591.143519685,8078959.478480624,7,13026293.812288413
2019-02-13,27439413.767610263,373545.8873612401,10,13026293.812288413
2019-02-14,27398398.191438388,373545.8873612401,10,12915295.914349206
2019-02-17,27896221.35610819,243796.301176548,10,13129362.164187944
2019-02-18,28038665.069487095,243796.301176548,10,13176932.691876175
2019-02-19,28305572.466948032,243796.301176548,10,13216574.798283033
2019-02-20,28107093.31045389,243796.301176548,10,13216574.798283033
2019-02-21,28132426.552970983,2947001.925285435,9,13184858.86364094
2019-02-24,28379548.48473368,2896661.4852219583,9,13287929.465057079
2019-02-25,28324400.952855013,29494.812718295958,10,13248287.358650217
2019-02-26,28412327.178587437,6280843.261351109,8,13287929.465057079
2019-02-27,28433627.418235876,9034439.05764017,7,13176932.691876175
2019-02-28,28535670.394700717,3907590.426438999,9,13248287.358650217
2019-03-03,28558963.67062235,1270219.9755539899,10,13343426.164510075
2019-03-04,28519478.17814188,1117753.6236985214,10,13280001.043775707
2019-03-05,28547259.574626256,1117753.6236985214,10,13240360.06212715
2019-03-06,28393397.256950475,6422935.855583287,8,13113505.3216252
2019-03-07,27980751.27461405,20412434.221391395,3,12883583.353982022
2019-03-10,27963346.304594517,25350144.69326639,1,12954938.020756064
2019-03-11,27963963.037803747,11776523.407676794,6,13176932.691876175
2019-03-12,27877526.252244666,3490814.05436869,9,13026293.812288413
2019-03-13,27981434.698008828,704441.3172715222,10,13050077.951374223
2019-03-14,28276289.583873086,704441.3172715222,10,13129362.164187944
2019-03-17,28458694.903086953,704441.3172715222,10,13208645.252243359
2019-03-18,28331790.93400126,390910.1204026262,10,13224500.970047798
2019-03-19,28290704.982084755,3020381.666655068,9,13232430.516087474
2019-03-21,28497325.116081335,11299437.133903602,6,13240360.06212715
2019-03-24,28148519.63082438,16812828.163539223,4,12891510.650505088
2019-03-25,28493263.109913737,13998710.790577797,5,13240360.06212715
2019-03-26,28526433.895607095,5703348.080177408,8,13295859.011096753
2019-03-27,27969426.861784466,483360.2266526283,10,13097647.354304152
2019-03-28,27961883.57143412,9078368.977928262,7,13169004.270594802
2019-03-31,28117292.30312663,1043158.4591324888,10,13390997.81695661
2019-04-01,27980774.48984538,936418.0750504578,10,13375139.849635562
2019-04-02,28101183.620948896,3506489.2300797547,9,13438567.219886538
2019-04-03,28196274.48808757,708632.9628190128,10,13422710.377323791
2019-04-04,28217444.0888383,6164512.6435258,8,13454424.06244928
2019-04-07,28203581.13107463,6164512.6435258,8,13422710.377323791
2019-04-08,28192558.98517619,8782893.131294355,7,13383068.270916933
2019-04-09,28106122.067802534,14401131.223075971,5,13311712.479384586
2019-04-10,28127669.08394023,17116813.81050273,4,13327570.446705634
2019-04-11,28094629.794828903,11513607.999174606,6,13303785.182861518
2019-04-14,28176499.674504198,3950683.39032451,9,13478208.201535093
2019-04-15,28170176.544621386,1263547.0341233388,10,13470280.905012025
2019-04-16,28097811.371525683,1164793.3783616205,10,13517851.432700256
2019-04-17,27792173.17157451,8377200.704533495,7,13375139.849635562
2019-04-18,27785682.022459522,13797451.730711475,5,13383068.270916933
2019-04-21,27919550.596458547,13705423.14894878,5,13406854.659519352
2019-04-22,28045009.521824755,5440845.611912646,8,13446494.516409606
2019-04-23,28185341.280552782,2629463.7353867674,9,13343426.164510075
2019-04-24,28356741.159874074,132616.5260850098,10,13406854.659519352
2019-04-25,28457087.419822805,3079926.5677720224,9,13390997.81695661
2019-05-06,28365056.153465383,5783242.762352101,8,13240360.06212715
2019-05-07,28108863.598436087,11164143.194383351,6,13026293.812288413
2019-05-08,28141176.11974346,21831495.614372365,2,12836012.82629379
2019-05-09,28072638.784147754,24762979.311491504,1,12828083.280254114
2019-05-12,28013360.73238994,24762979.311491504,1,12772584.331284512
2019-05-13,27934324.09908916,24762979.311491504,1,12725016.053112887
2019-05-14,27829688.846971244,25062530.405809134,1,12780511.62780758
2019-05-15,27815585.94496929,22363114.546043508,2,12748801.316957
2019-05-16,27881828.67642681,16840819.948399466,4,12875653.807942346
2019-05-19,27908327.38215801,5851991.432450982,8,12891510.650505088
2019-05-20,27831962.413694877,3131103.505613824,9,12843941.247575162
2019-05-21,27723299.451878473,5780122.147801325,8,12804299.141168302
2019-05-22,27458813.428086966,13690146.332139703,5,12764658.159519747
2019-05-23,27486827.53619244,19186204.39166119,3,12780511.62780758
2019-05-26,27529236.11365826,21964207.714000057,2,12836012.82629379
2019-05-27,27528210.48499615,21964207.714000057,2,12851869.668856533
2019-05-28,27460003.48563092,24750784.656285215,1,12732943.349635955
2019-05-29,27462987.06107037,24750784.656285215,1,12685372.821947725
2019-05-30,27427486.73844464,27427486.73844464,0,12534733.942359962
2019-06-02,27427486.73844464,27427486.73844464,0,12431665.59046043
2019-06-03,27427486.73844464,27427486.73844464,0,12415808.747897685
2019-06-04,27427486.73844464,27427486.73844464,0,12685372.821947725
2019-06-05,27427486.73844464,27427486.73844464,0,12637803.419017797
2019-06-06,27427486.73844464,27427486.73844464,0,12701229.664510468
2019-06-09,27427486.73844464,27427486.73844464,0,12883583.353982022
2019-06-10,27427486.73844464,27427486.73844464,0,12947009.599474693
2019-06-11,27427486.73844464,27427486.73844464,0,12875653.807942346
2019-06-12,27427486.73844464,27427486.73844464,0,12772584.331284512
2019-06-13,27427486.73844464,27427486.73844464,0,12820155.983731044
2019-06-16,27427486.73844464,27427486.73844464,0,12748801.316957
2019-06-17,27427486.73844464,27427486.73844464,0,12661587.558103608
2019-06-18,27427486.73844464,27427486.73844464,0,12891510.650505088
2019-06-19,27427486.73844464,27427486.73844464,0,12931153.881670251
2019-06-20,27427486.73844464,27427486.73844464,0,12812227.562449673
2019-06-23,27427486.73844464,27427486.73844464,0,12836012.82629379
2019-06-24,27427486.73844464,27427486.73844464,0,12780511.62780758
2019-06-25,27427486.73844464,27427486.73844464,0,12717086.507073212
2019-06-26,27427486.73844464,27427486.73844464,0,12891510.650505088
2019-06-27,27427486.73844464,27427486.73844464,0,12883583.353982022
2019-06-30,27427486.73844464,27427486.73844464,0,13169004.270594802
2019-07-01,27427486.73844464,27427486.73844464,0,13200716.830961987
2019-07-02,27424820.650932435,24758733.138725404,1,13081790.51174141
2019-07-03,27489531.991264466,24758733.138725404,1,13192788.409680616
2019-07-04,27511101.998588685,24758733.138725404,1,13208645.252243359
2019-07-07,27496002.82866681,24758733.138725404,1,12851869.668856533
2019-07-08,27489531.991264466,24758733.138725404,1,12804299.141168302
2019-07-09,27473867.82686017,22034015.92866681,2,13041490.421727002
2019-07-10,27617096.94899152,16593805.579362612,4,13114348.890352825
2019-07-11,27514029.877458315,16593805.579362612,4,13090061.984305348
2019-07-15,27406201.31310285,11237026.026237613,6,13017204.640437827
2019-07-16,27387004.337938048,11264024.723680237,6,13009108.630169235
2019-07-17,27090040.177781798,11264024.723680237,6,12725775.264967749
2019-07-18,27352716.378236514,6614694.542909365,8,12976727.963369772
2019-07-21,27250279.566291936,1146527.2622147854,10,12903871.744260555
2019-07-22,27791394.522956975,1146527.2622147854,10,13025301.775464723
2019-07-23,27887672.467903264,1146527.2622147854,10,13073871.088526465
2019-07-24,28105110.440132268,993440.1062699617,10,13098156.869815638
2019-07-25,27787524.609993108,910453.055427677,10,13041490.421727002
2019-07-28,27863803.299568303,910453.055427677,10,13033395.536216712
2019-07-29,28280434.40003217,910453.055427677,10,13090061.984305348
2019-07-30,28479652.992366154,902892.2867997475,10,12992918.859148655
2019-07-31,28349121.552757394,3703682.621482978,9,13009108.630169235
2019-08-01,27787427.579634223,11628144.98075727,6,12717680.379457459
2019-08-04,27539494.458015572,16968606.9488603,4,12491011.212828003
2019-08-05,27551282.343708932,21883022.379719675,2,12442440.775007961
2019-08-06,27820555.027424753,21883022.379719675,2,12450534.535759948
2019-08-07,27938460.12422651,16523063.038655221,4,12434345.889497671
2019-08-08,27978450.47237104,7137867.150227489,8,12491011.212828003
2019-08-12,27585673.194053784,1797190.827110425,10,12353392.535361558
2019-08-13,27732827.77779402,1797190.827110425,10,12434345.889497671
2019-08-14,27592978.926616043,472606.416850416,10,12304819.848024908
2019-08-15,27748503.969993725,8908893.69777693,7,12337200.514824372
2019-08-18,27968246.844688553,6035892.407432694,8,12410058.983450195
2019-08-19,28218009.144078203,5781966.340123124,8,12515296.994117178
2019-08-20,28011222.334916826,239528.7252976857,10,12426249.879229076
2019-08-21,27962142.75752425,2780984.7252976857,9,12442440.775007961
2019-08-22,28062308.415556476,5510696.055937334,8,12474820.31704912
2019-08-25,27733254.497020096,13662180.046336504,5,12272440.305983746
2019-08-26,27847207.792918533,13662180.046336504,5,12353392.535361558
2019-08-27,27923261.18301558,13593047.52639937,5,12369582.306382136
2019-08-28,27899196.818391558,13593047.52639937,5,12377677.191892426
2019-08-29,28173127.743177935,8005945.724134965,7,12563868.556695523
2019-09-01,28083993.98728499,2499107.317363115,9,12499108.347854901
2019-09-02,28190993.166362137,2499107.317363115,9,12555774.795943538
2019-09-03,28062408.529252764,8166148.495073076,7,12531487.88989606
2019-09-04,28607797.823686358,8166148.495073076,7,12733870.150478039
2019-09-05,28698274.570817705,8166148.495073076,7,12766249.692519197
2019-09-08,28783075.255937334,8166148.495073076,7,12871489.952702789
2019-09-09,29113579.496269368,11154664.03148665,6,12944347.296570309
2019-09-10,29633380.27446761,11154664.03148665,6,13154825.56742088
2019-09-11,29825424.442790363,8205763.413737628,7,13260062.45332956
2019-09-12,30067041.178630207,8205763.413737628,7,13381490.23501712
2019-09-16,30144464.816499468,11208797.84872603,6,13397682.25555431
2019-09-17,29941124.377656695,11208797.84872603,6,13341015.807465672
2019-09-18,29951767.282879777,17759330.051434465,4,13421969.161601786
2019-09-19,30164386.713104386,20734394.928436417,3,13413872.02657489
2019-09-23,30240465.729608294,23763003.522577044,2,13486731.619959015
2019-09-24,30114496.381463762,23763003.522577044,2,13462444.713911539
2019-09-25,30271063.373651262,23763003.522577044,2,13454349.828401249
2019-09-26,30261259.45519423,23763003.522577044,2,13438158.932622366
2019-09-29,30445534.72448134,26786124.104364153,1,13300539.130397618
2019-09-30,30160304.527801655,23849917.979950093,2,13446253.818132656
2019-10-01,30105115.73154921,9837360.384869523,7,13389588.494802322
2019-10-02,29744196.8594789,9837360.384869523,7,13146728.432393983
2019-10-03,29813159.07164931,9731085.179437395,7,13187206.234220343
2019-10-06,29802808.74491591,18391741.43229384,4,13162920.452931171
2019-10-07,29944545.542468403,7063431.7088502385,8,13308635.14066621
2019-10-08,29843903.655767962,1425962.6096253856,10,13260062.45332956
2019-10-09,29728562.163598776,1429326.4061524863,10,13268158.463598154
2019-10-10,30184860.228784323,1429326.4061524863,10,13381490.23501712
2019-10-14,30789275.574133445,1376389.2215943816,10,13591969.630626
2019-10-15,30905479.336218406,4295425.393347312,9,13664826.974493518
2019-10-16,30924238.247351218,4295425.393347312,9,13600065.640894592
2019-10-17,30857877.621283103,1209893.755926658,10,13600065.640894592
2019-10-20,30856927.446875144,1227937.8075929177,10,13656733.213741532
2019-10-22,30788302.505465843,6412775.747653342,8,13737684.318361038
2019-10-23,30764848.81020217,486405.88417678047,10,13786255.880939385
2019-10-24,30791333.54823928,555014.920309593,10,13818636.547738846
2019-10-27,30641770.685995627,470327.4731050036,10,13826733.682765745
2019-10-28,30969993.372763205,470327.4731050036,10,13948160.339695003
2019-10-29,31059485.423190456,500454.77133498574,10,13980543.256011073
2019-10-30,31102408.10984817,427697.03807082586,10,13956257.474721901
2019-10-31,30949476.136166528,3390378.168637232,9,13956257.474721901
2019-11-04,31561167.788308863,53949.413675073534,10,14199115.287613632
2019-11-05,31236030.59534011,6162340.751590112,8,14199115.287613632
2019-11-06,31409159.159420922,81112.63842483005,10,14239591.96468169
2019-11-07,31592133.235690456,214521.91977248667,10,14280068.641749745
2019-11-10,32008950.9480928,214521.91977248667,10,14288164.65201834
2019-11-11,32207710.70314651,105827.23757033888,10,14320544.194059499
2019-11-12,31920321.57635208,9282847.818417508,7,14239591.96468169
2019-11-13,32255249.652353056,9201998.639169462,7,14110067.047967229
2019-11-14,32176468.963388212,6566798.937753446,8,14231497.0791714
2019-11-17,32570682.115805205,311056.60616165027,10,14263876.621212559
2019-11-18,32180163.341729887,814095.1471498096,10,14231497.0791714
2019-11-19,32290692.656915434,814095.1471498096,10,14174828.381566156
2019-11-20,32416943.35814682,872307.5289842216,10,14150541.47551868
2019-11-21,32530480.593571626,3839915.977177581,9,14182924.39183475
2019-11-24,32779675.96222397,825687.7191209407,10,14263876.621212559
2019-11-25,32774123.74687973,258471.61980453553,10,14280068.641749745
2019-11-26,32977680.648430023,258471.61980453553,10,14352923.736100659
2019-11-27,32857494.577470552,3431789.66871811,9,14320544.194059499
2019-11-28,32794831.2862352,9855619.672770845,7,14223401.068902805
2019-12-01,32971527.43142563,6766964.594206393,8,14385306.65241673
2019-12-02,32897298.23588425,10403031.977644501,7,14312447.059032602
2019-12-03,32771830.629487764,6785949.6083696,8,14255782.860460574
2019-12-04,32768638.37234665,3612377.228852999,9,14344828.85059037
2019-12-05,32723116.179791413,620880.7549867271,10,14344828.85059037
2019-12-08,32750156.317291416,781806.6407777439,10,14433878.214995075
2019-12-09,32819776.72613541,782662.2791139255,10,14409593.558464207
2019-12-10,32818084.239563145,782662.2791139255,10,14369116.881396148
2019-12-11,33154021.934289705,3872349.625940097,9,14369116.881396148
2019-12-12,33624528.2900026,534489.4655397069,10,14587688.912998708
2019-12-15,33705848.065393224,534489.4655397069,10,14555307.121440941
2019-12-16,34111054.77926041,534489.4655397069,10,14636260.475577055
2019-12-17,34260481.921057284,706087.7316041603,10,14563403.131709537
2019-12-18,34430033.2210817,7148003.649548496,8,14555307.121440941
2019-12-19,34450458.23266617,902304.3386232038,10,14514829.319614582
2019-12-22,34461510.370166175,4033780.5056642196,9,14482449.777573422
2019-12-23,34623496.834777996,3985040.0903932266,9,14482449.777573422
2019-12-24,34734973.762329265,7440981.263549965,8,14425783.329484785
2019-12-25,34787855.53500993,642005.4617677387,10,14506735.558862595
2019-12-26,34890140.32504899,642005.4617677387,10,14571498.017219825
2019-12-29,34656390.1222902,8004296.5676027,8,14433878.214995075
2020-01-05,34353580.3190065,27314533.46842057,2,14239591.96468169
2020-01-06,34453626.437170565,27314533.46842057,2,14482449.777573422
2020-01-07,34360795.08741471,31019689.008313145,1,14288164.65201834
2020-01-08,34419293.12014176,21022627.238794103,4,14522927.579399783
2020-01-09,34514075.84284074,1015135.3826356572,10,14571498.017219825
2020-01-13,34667856.610663004,1015135.3826356572,10,14611973.569529576
2020-01-14,34667612.32738663,683360.1911561652,10,14539116.225662058
2020-01-15,34898039.40165421,3949519.1807069466,9,14506735.558862595
2020-01-16,35287287.73881242,422152.32011124445,10,14571498.017219825
2020-01-19,35508496.81474015,422152.32011124445,10,14628163.340550158
2020-01-20,35277453.98544328,14147787.652435463,6,14571498.017219825
2020-01-21,35291898.059955,686557.746234294,10,14660546.256866228
2020-01-22,34908510.87102678,10940868.573663494,7,14506735.558862595
2020-01-23,34875562.82625139,14347075.997638103,6,14522927.579399783
2020-01-26,34502091.360821694,30684597.220196698,1,14271973.756239455
2020-01-27,34419472.1547548,31333460.436004803,1,14191019.27734504
2020-01-28,34499184.4594423,31333460.436004803,1,14247686.850191979
2020-01-29,34412260.341864176,27914130.068426676,2,14053400.599878594
2020-01-30,34463529.482489176,27914130.068426676,2,14142448.839524997
2020-02-02,33994047.63561417,30873873.612176675,1,14029113.693831116
2020-02-03,33985671.36755693,11090146.279055951,7,14142448.839524997
2020-02-04,34291778.36795976,1907058.4613435501,10,14288164.65201834
2020-02-05,35061915.08976152,1907058.4613435501,10,14579592.902730115
2020-02-06,34638449.205362104,1907058.4613435501,10,14522927.579399783
2020-02-09,34619638.34254472,5027904.608413862,9,14433878.214995075
2020-02-11,34624438.45150468,17661356.215786908,5,14417687.319216192
2020-02-12,34669606.864029095,21044619.907241985,4,14361020.871127557
2020-02-13,34576047.86108415,28034172.07983415,2,14296259.537528628
2020-02-16,34329540.95438249,24625618.04178483,3,14174828.381566156
2020-02-17,34158611.677966475,27315257.545886394,2,13972447.245742481
2020-02-18,34206890.88529069,30845736.423620768,1,14021019.933079131
2020-02-19,34233287.60159928,30845736.423620768,1,14053400.599878594
2020-02-20,34250885.312780924,30845736.423620768,1,14045304.58961
2020-02-24,34089259.74020402,34089259.74020402,0,13575778.734847115
2020-02-25,34089259.74020402,34089259.74020402,0,13486731.619959015
2020-02-26,34089259.74020402,34089259.74020402,0,13146728.432393983
2020-02-27,34089259.74020402,34089259.74020402,0,12677202.5776311
2020-03-01,34089259.74020402,34089259.74020402,0,12798632.60883527
2020-03-02,34089259.74020402,34089259.74020402,0,12636727.025321346
2020-03-03,34089259.74020402,34089259.74020402,0,12604344.109005276
2020-03-04,34089259.74020402,34089259.74020402,0,12758155.931767212
2020-03-05,34089259.74020402,34089259.74020402,0,12345297.649851268
2020-03-08,34089259.74020402,34089259.74020402,0,11649103.753217231
2020-03-09,34089259.74020402,34089259.74020402,0,11811009.336731153
2020-03-10,34089259.74020402,34089259.74020402,0,11616723.086417768
2020-03-11,34089259.74020402,34089259.74020402,0,11147196.10689658
2020-03-12,34089259.74020402,34089259.74020402,0,10572431.116708407
2020-03-15,34089259.74020402,34089259.74020402,0,10321477.293548083
2020-03-16,34089259.74020402,34089259.74020402,0,10653384.470844522
2020-03-17,34089259.74020402,34089259.74020402,0,10750527.596001213
2020-03-18,34089259.74020402,34089259.74020402,0,10847671.845916212
2020-03-22,34089259.74020402,34089259.74020402,0,10961005.866851788
2020-03-23,34089259.74020402,34089259.74020402,0,11187672.783964636
2020-03-24,34089259.74020402,34089259.74020402,0,11940533.12868731
2020-03-25,34089259.74020402,34089259.74020402,0,11786723.55544198
2020-03-26,34089259.74020402,34089259.74020402,0,12207675.59810991
2020-03-29,34089259.74020402,34089259.74020402,0,12223867.618647097
2020-03-30,34089259.74020402,34089259.74020402,0,11924342.232908428
2020-03-31,34089259.74020402,34089259.74020402,0,11454817.502903845
2020-04-01,34089259.74020402,34089259.74020402,0,11309100.5656522
2020-04-02,34089259.74020402,34089259.74020402,0,11301005.680141909
2020-04-05,34089259.74020402,34089259.74020402,0,11721959.972326446
2020-04-06,34089259.74020402,34089259.74020402,0,11940533.12868731
2020-04-07,34089259.74020402,34089259.74020402,0,12134820.503758999
2020-04-08,34089259.74020402,34089259.74020402,0,12029580.243575409
2020-04-09,34089259.74020402,34089259.74020402,0,12167200.045800157
2020-04-12,34089259.74020402,34089259.74020402,0,11924342.232908428
2020-04-13,34089259.74020402,34089259.74020402,0,12167200.045800157
2020-04-14,34089259.74020402,34089259.74020402,0,12207675.59810991
2020-04-15,34089259.74020402,34089259.74020402,0,12094344.951449245
2020-04-16,34089259.74020402,34089259.74020402,0,12248153.39993627
2020-04-19,34089259.74020402,34089259.74020402,0,12183392.066337343
2020-04-20,34089259.74020402,34089259.74020402,0,12037676.253844002
2020-04-21,34089259.74020402,34089259.74020402,0,11932438.243177019
2020-04-22,34089259.74020402,34089259.74020402,0,12102438.71220123
2020-04-23,34089259.74020402,34089259.74020402,0,12078152.930912059
2020-04-26,34089259.74020402,34089259.74020402,0,12280534.066735733
2020-04-27,34089259.74020402,34089259.74020402,0,12321010.743803792
2020-04-29,34089259.74020402,34089259.74020402,0,12410058.983450195
2020-04-30,34089259.74020402,34089259.74020402,0,12159105.160289869
2020-05-06,34089259.74020402,34089259.74020402,0,12142914.264510984
2020-05-07,34089259.74020402,34089259.74020402,0,12377677.191892426
2020-05-10,34089259.74020402,34089259.74020402,0,12571964.566964116
2020-05-11,34089259.74020402,34089259.74020402,0,12547678.785674943
2020-05-12,34089259.74020402,34089259.74020402,0,12523393.00438577
2020-05-13,34089259.74020402,34089259.74020402,0,12296724.962514618
2020-05-14,34089259.74020402,34089259.74020402,0,12377677.191892426
2020-05-17,34089259.74020402,34089259.74020402,0,12410058.983450195
2020-05-18,34069008.6181917,13817886.605862595,6,12620537.254300766
2020-05-19,34310386.24146135,266612.6422181884,10,12693393.473409982
2020-05-20,34707388.27698381,266612.6422181884,10,12685298.587899694
2020-05-21,33891237.172247484,266612.6422181884,10,12547678.785674943
2020-05-24,34792085.11536272,266612.6422181884,10,12766249.692519197
2020-05-25,36237055.446173266,266612.6422181884,10,13049585.30723729
2020-05-26,37278725.459601,266612.6422181884,10,13162920.452931171
2020-05-27,38537301.059735276,29944.709027271252,10,13438158.932622366
2020-05-28,38260283.05436418,29944.709027271252,10,13276253.349108445
2020-05-31,38707348.27348039,29944.709027271252,10,13324824.91168679
2020-06-01,39125841.75187395,29944.709027271252,10,13478635.609690424
2020-06-02,39394817.893356495,187975.06498735584,10,13600065.640894592
2020-06-03,39252189.939669974,11497.904757865239,10,13640541.193204345
2020-06-04,39848735.612277396,11497.904757865239,10,13681017.870272404
2020-06-07,40688200.48621538,463666.2027681195,10,13851017.21453831
2020-06-08,40476658.838876516,463666.2027681195,10,13851017.21453831
2020-06-09,40261600.976523004,4351108.901938042,9,13826733.682765745
2020-06-10,39083706.4068178,27542946.9524721,3,13527207.172268769
2020-06-11,38867422.174554616,31549612.17089251,2,13316730.0261765
2020-06-14,38605415.3917055,34914233.085797295,1,13033395.536216712
2020-06-15,38709135.04502581,34914233.085797295,1,13543396.943289349
2020-06-16,38653412.644592464,23296259.12286395,4,13478635.609690424
2020-06-17,38624187.60244769,656577.2081605815,10,13470540.724180134
2020-06-18,38639924.13809222,656577.2081605815,10,13462444.713911539
2020-06-21,38866520.112823665,656577.2081605815,10,13438158.932622366
2020-06-22,38984495.8574892,526770.1861024764,10,13478635.609690424
2020-06-23,38941765.25023822,4258413.541253843,9,13413872.02657489
2020-06-24,39044103.570285216,11574976.63852252,7,13276253.349108445
2020-06-25,39126122.255490296,15493323.75390338,6,13438158.932622366
2020-06-28,38613537.40461443,26575168.849926937,3,13179110.223951751
2020-06-29,38588492.80969562,26853935.68384112,3,13211492.015509516
2020-06-30,38418916.55847491,26853935.68384112,3,13106251.755325928
2020-07-01,38272830.68109454,30886880.81842364,2,13154825.56742088
2020-07-02,38183772.35780962,34551484.46718462,1,13219585.776261505
2020-07-05,38348172.402456835,276272.5184236327,10,13430065.17187038
2020-07-06,37802777.92308672,276272.5184236327,10,13381490.23501712
2020-07-07,37283421.88976152,276272.5184236327,10,13260062.45332956
2020-07-08,36663971.91093462,29147442.827682666,2,12984825.098396668
2020-07-09,36484285.03788164,32745582.303506643,1,13083175.089213017
2020-07-12,36572890.87822893,29121630.44426897,2,13397236.851266123
2020-07-13,36502676.74994524,25623705.22589739,3,13322854.335139059
2020-07-14,36912320.37050493,10962175.973532278,7,13521209.960994506
2020-07-15,37341418.51354693,7240894.05370806,8,13446825.195350833
2020-07-16,36843936.39379595,7240894.05370806,8,13397236.851266123
2020-07-19,36877553.110501274,10830368.216702444,7,13413767.424052665
2020-07-20,37067163.80691241,10830368.216702444,7,13479885.21616561
2020-07-21,36761480.39201982,29080804.931204397,2,13380706.278479584
2020-07-26,36700620.31511553,29080804.931204397,2,13430297.996839205
2020-07-27,36856242.750494555,32731844.984381277,1,13364176.830451347
2020-07-28,36679584.74573381,32731844.984381277,1,13182351.777382437
2020-07-29,36714915.98352678,32731844.984381277,1,13099703.41248295
2020-07-30,36452092.20459612,36452092.20459612,0,12744318.030359251
2020-08-02,36452092.20459612,36452092.20459612,0,12942673.656214701
2020-08-03,36452092.20459612,36452092.20459612,0,13231941.246225452
2020-08-04,36427024.31464556,11359134.364084037,7,13223675.39745303
2020-08-05,36062059.78200396,4208463.444113335,9,13190616.501396557
2020-08-06,36739327.494406305,4208463.444113335,9,13182351.777382437
2020-08-10,38746862.056799494,356728.60953386687,10,13512942.987463782
2020-08-11,39832037.67325457,356728.60953386687,10,13661711.393992824
2020-08-12,39620209.55130633,356728.60953386687,10,13835270.598289311
2020-08-13,39660809.71915301,356728.60953386687,10,13810476.426246956
2020-08-16,39411435.115881525,356728.60953386687,10,13694769.165290995
2020-08-17,38892863.19290789,744806.7414918756,10,13703035.014063416
2020-08-18,39227291.64297503,18552474.84610003,6,13736093.91011989
2020-08-19,39036392.656158626,18552474.84610003,6,13595591.35236327
2020-08-20,39334913.98361224,18030777.179413017,6,13661711.393992824
2020-08-23,39571575.02388323,10243422.030108817,8,13686504.441276874
2020-08-24,39401479.91546038,2439510.4116762,10,13810476.426246956
2020-08-25,39495732.86580218,2036513.3070863564,10,13827006.999033496
2020-08-26,39242592.76321428,901665.7124330355,10,13736093.91011989
2020-08-27,38891064.856134206,12538773.645196708,7,13636916.097192165
2020-08-30,39163222.56560686,8829920.636895927,8,13719563.33733335
2020-08-31,38929321.4549013,1032274.9583192673,10,13744357.509375704
2020-09-01,39570713.77057513,1032274.9583192673,10,13818741.150261074
2020-09-02,39836614.460272394,1032274.9583192673,10,13868330.619104087
2020-09-03,39686524.75164202,936690.3766420214,10,13752624.482906431
2020-09-06,39656781.946386896,3564.5452638482675,10,13703035.014063416
2020-09-07,40070433.707580745,75752.45758074289,10,13802212.82699114
2020-09-08,39785217.64671648,29987.940905939322,10,13645179.69644798
2020-09-09,40291424.68407,29987.940905939322,10,13827006.999033496
2020-09-10,40664054.65843523,29987.940905939322,10,13934449.535975337
2020-09-13,41551955.78148211,29987.940905939322,10,14041890.948158877
2020-09-14,41224509.31729754,41555.624670587946,10,13950978.984003576
2020-09-15,41371342.094745055,341826.70167864626,10,13992301.479315862
2020-09-16,41443600.63899554,8630709.916339293,8,13942714.259989457
2020-09-17,41931116.94631976,8458485.037140075,8,14000567.328088285
2020-09-22,42150894.797393985,4495915.097686951,9,13984037.880060049
2020-09-23,42005364.483716,573693.6402101461,10,13851801.17107585
2020-09-24,42595584.61329364,4549781.772107119,9,13909654.23917468
2020-09-27,42506024.52417011,8234200.976806826,8,14157597.084356535
2020-09-28,43078483.792431824,23196.73493670905,10,14240246.574014327
2020-09-29,42285030.90614032,3815600.8829469634,9,13934449.535975337
2020-10-01,41872178.34367694,17339911.67497577,6,13810476.426246956
2020-10-04,41994875.1809328,24977557.401391782,4,14041890.948158877
2020-10-05,42202190.43275165,4489138.143933289,9,14116273.464285942
2020-10-06,42731202.57620868,243561.2615114143,10,14132804.037072483
2020-10-07,43736598.77982196,243561.2615114143,10,14207187.677957853
2020-10-08,43665658.20365009,243561.2615114143,10,14116273.464285942
2020-10-11,43779425.33724384,98129.55477313325,10,14091480.417001892
2020-10-12,44066395.357104674,8295782.741137879,8,14132804.037072483
2020-10-13,43944542.9498537,8068599.9994142465,8,14083214.56822947
2020-10-14,43772771.767511174,12978495.461358827,7,13992301.479315862
2020-10-15,43511734.3746767,30245503.417645447,3,13868330.619104087
2020-10-18,43819027.63499164,17205912.949933045,6,14050155.672172997
2020-10-19,43753136.61934222,13085567.448199647,7,13950978.984003576
2020-10-20,44122099.72404193,171134.3859071685,10,14041890.948158877
2020-10-21,43813770.42396259,4389451.368786808,9,13884861.191890627
2020-10-22,44255801.741504095,297801.60112323426,10,13942714.259989457
2020-10-25,44447434.24577656,297801.60112323426,10,13884861.191890627
2020-10-26,44006313.20507831,6148939.23962421,9,13876595.343118206
2020-10-27,43265302.917407416,6115353.835986516,9,13827006.999033496
2020-10-28,43427137.29179096,2112520.793988228,10,13843536.447061732
2020-10-29,42703365.11703815,13171268.20541706,7,13562532.456306795
2020-11-01,42643540.759921454,13015309.23526325,7,13802212.82699114
2020-11-03,42913914.99447346,176082.64584064484,10,13967507.307273507
2020-11-04,43860030.50655842,176082.64584064484,10,14149333.485100722
2020-11-05,44665569.614834785,176082.64584064484,10,14231981.850000208
2020-11-08,45265175.68172932,176082.64584064484,10,14422070.502324931
2020-11-09,45968809.223599434,176082.64584064484,10,14587367.232123908
2020-11-10,46531254.51948567,109049.68550129049,10,14827047.602808252
2020-11-11,46413093.32436543,18260.3684328096,10,14810518.154780015
2020-11-12,46116012.931909375,18260.3684328096,10,14612161.404166263
2020-11-15,46751147.160888866,907021.9259035131,10,14860106.498864725
2020-11-16,46443816.61073628,5110825.3112978,9,14884900.67090708
2020-11-17,46204090.69179097,1253849.8745302227,10,14769193.40995112
2020-11-18,46116277.59573994,10621361.070471384,8,14793987.581993476
2020-11-19,46502989.82340107,1533117.9514528299,10,14810518.154780015
2020-11-23,47669711.97916279,1533117.9514528299,10,15099784.620032463
2020-11-24,47907668.36649189,1533117.9514528299,10,15124579.916833121
2020-11-25,48712633.97928486,1533117.9514528299,10,15273346.073845558
2020-11-26,49108779.93341084,5903239.1588747045,9,15314670.818674453
2020-11-29,49214594.17976093,730041.1707277335,10,15025400.979147095
2020-11-30,49930401.25373554,730041.1707277335,10,15165904.661662018
2020-12-01,50261965.09345722,730041.1707277335,10,15207228.28173261
2020-12-02,49824490.21625996,5677166.086010937,9,15248549.652286593
2020-12-03,50382562.0102541,19603099.08911152,6,15240287.177789083
2020-12-06,49734625.276306346,14707690.443542674,7,15116314.068060698
2020-12-07,50325122.34920369,14107671.40926228,7,15108050.468804885
2020-12-08,51300956.077108964,135326.67037068214,10,15281610.797859674
2020-12-09,50653445.705295,1475392.3483614055,10,15265081.349831438
2020-12-10,51190497.829562575,2171504.4335664837,10,15289875.521873793
2020-12-13,51455342.09030476,1834668.9335664846,10,15380788.6107874
2020-12-14,51266191.54535848,2029752.8612764468,10,15298140.245887913
2020-12-15,51214926.39169637,10886189.953708088,8,15347728.589972623
2020-12-16,52114893.49555379,1361979.79926473,10,15389052.210043214
2020-12-17,51994572.34186727,1279071.5728243012,10,15397318.058815636
2020-12-20,51756927.63166219,5896259.577462973,9,15355994.438745044
2020-12-21,50504926.09333211,27807547.101632893,5,15108050.468804885
2020-12-22,51018048.746212974,13507622.391232502,8,15157637.688131291
2020-12-23,51140666.61852743,4471057.011593831,10,15232021.329016661
2020-12-24,51247372.51452352,4471057.011593831,10,15248549.652286593
2020-12-27,51362818.09897176,4044925.9969209814,10,15339463.865958504
2020-12-28,52675487.43534872,4198737.4048311375,10,15603939.533443507
2020-12-29,52748877.26078817,4198737.4048311375,10,15496494.746985057
2021-01-03,52868135.186618246,3758310.1194795743,10,15405583.90758806
2021-01-04,53468461.27446005,3460430.8545381688,10,15389052.210043214
2021-01-05,53391794.43725301,997497.6354951998,10,15438641.67888623
2021-01-06,54347296.33744833,851510.8271944188,10,15703115.096854625
2021-01-07,55095036.69999716,851510.8271944188,10,15951059.066794783
2021-01-11,54625147.57140829,1079175.2874727398,10,15951059.066794783
2021-01-12,55684753.13781454,1079175.2874727398,10,16008913.259651916
2021-01-13,55663126.49545614,5852287.13998739,9,16108089.947821338
2021-01-14,55771756.228695884,11264583.267270107,8,15926263.769994125
2021-01-17,55214755.532309175,22050552.224203702,6,15860147.102639481
2021-01-18,56075765.31110556,1309569.2539766533,10,15967588.514823021
2021-01-19,56684581.92487509,1309569.2539766533,10,15884941.274681836
2021-01-20,56613892.935617276,1309569.2539766533,10,15975853.23883714
2021-01-21,56629674.88014853,1380119.509054779,10,15942795.467538968
2021-01-24,56788179.94506552,103735.46264364664,10,15992383.811623681
2021-01-25,55665818.71386435,319002.7470674757,10,15901470.722710073
2021-01-26,56540462.00556357,104845.52607138176,10,15992383.811623681
2021-01-27,56097962.66336386,11278607.637118746,8,15785763.461754112
2021-01-28,55279303.21907675,26976409.453817964,5,15521288.919027412
2021-01-31,55596845.47700827,26947920.071124483,5,15694850.372840505
2021-02-01,56516353.32955954,58545.730682590045,10,15868411.8266536
2021-02-02,57440328.12501853,72179.0710634496,10,16099825.223807218
2021-02-03,56744858.79984152,5205347.874548557,9,16041972.155708391
2021-02-04,57818315.81900656,15671208.085852267,7,16256857.229592077
2021-02-07,57667509.55161154,4788693.13925803,9,16537860.09558871
2021-02-08,57604912.21098655,470388.1326174056,10,16537860.09558871
2021-02-09,57663268.11308616,470388.1326174056,10,16603979.01245996
2021-02-11,57707224.84804709,2709376.373925999,10,16612242.611715775
2021-02-14,58324893.0548342,2709376.373925999,10,16802333.513557106
2021-02-15,59159761.79012473,8384600.071374729,9,16884981.878456593
2021-02-16,59379356.11756614,11871414.992077857,8,16835392.40961358
2021-02-17,58313849.83372825,16095388.353015356,7,16678362.65334533
2021-02-18,57928691.55374777,15474110.053503636,7,16579183.7156593
2021-02-21,58632153.21806663,23383045.27128929,6,16645301.507772248
2021-02-23,57131795.31441063,34940215.12031883,4,16364299.766533919
2021-02-24,57403290.28706688,34718239.548541486,4,16579183.7156593
2021-02-25,56915373.22820457,39860744.63018211,3,16025441.58292185
2021-02-28,56876978.468072735,39860744.63018211,3,16356036.167278104
2021-03-01,57097619.97470115,34249847.26046775,4,16281652.526392736
2021-03-02,58027772.928607404,28797677.93043846,5,16380828.089803852
2021-03-03,57851426.319110334,28797677.93043846,5,16182474.713465009
2021-03-04,57812962.24220604,17486562.074359357,7,16322973.896946719
2021-03-07,57343959.74464744,22685872.330096662,6,16281652.526392736
2021-03-08,58033768.19555076,28513220.325677715,5,16496536.475518117
2021-03-09,58153311.12084373,22800768.463373028,6,16513065.923546353
2021-03-10,58432054.82133201,17307205.974896464,7,16570918.991645183
2021-03-11,59862711.03720115,802252.592987285,10,16761008.76872821
2021-03-14,60464443.23934959,802252.592987285,10,16909776.050498948
2021-03-15,61139020.335907206,802252.592987285,10,17008953.863426674
2021-03-16,61409150.624603495,802252.592987285,10,17058542.207511384
2021-03-17,62534577.84017967,802252.592987285,10,17273426.156636767
2021-03-18,62713993.68490623,802252.592987285,10,17314750.90146566
2021-03-21,61972399.34227928,17038509.2147158,7,17132925.848396752
2021-03-22,61352330.54675315,42706796.91638206,3,16959365.51934196
2021-03-23,61195243.651269756,38594096.11709007,4,16603979.01245996
2021-03-24,61058472.166894756,38594096.11709007,4,16802333.513557106
2021-03-25,61348171.33378318,26421361.220257793,6,17075071.65553962
2021-03-28,62030789.90993675,3018981.468774639,10,17091602.22832616
2021-03-29,62446521.861841045,3018981.468774639,10,17132925.848396752
2021-03-30,61743690.19329246,3068948.0057924623,10,16959365.51934196
2021-03-31,63466036.306787334,14869463.345361553,8,16959365.51934196
2021-04-01,64960659.46611351,8418068.590869367,9,17099865.827581976
2021-04-04,65256836.80375999,8418068.590869367,9,17174248.34370904
2021-04-05,64470990.03515647,2191135.1828615554,10,16942834.946555424
2021-04-06,66018397.418176495,574621.3927858723,10,17042012.759483147
2021-04-07,65841546.1937075,84962.0933657065,10,16934570.222541302
2021-04-08,65972703.62056297,90047.79170555156,10,16992423.290640134
2021-04-11,65125980.67364525,14318333.401916735,8,16951099.67056954
2021-04-12,64906725.057367176,20229379.561761707,7,16992423.290640134
2021-04-13,64892954.52554955,813841.2504030662,10,16918040.77451307
2021-04-14,64710797.91680932,1165962.1471559973,10,17000688.01465425
2021-04-15,65104878.94097924,1165962.1471559973,10,17008953.863426674
2021-04-18,64610897.718976066,1048380.1011782158,10,16967630.24335608
2021-04-19,63247034.950085685,25385500.691052485,6,16686626.252601145
2021-04-20,62330972.36158471,38001774.98609643,4,16364299.766533919
2021-04-21,62439579.09395776,44329958.3664187,3,16661832.08055879
2021-04-22,62440873.89191918,38517960.59846215,4,16587449.564431721
2021-04-25,62066620.57438378,20251216.344647452,7,16628772.059744012
2021-04-26,61746364.46222557,19655826.80353417,7,16513065.923546353
2021-04-27,61996377.136749506,7049212.921661613,9,16529595.37157459
2021-04-29,62369082.857257314,625825.8870424721,10,16471741.178717459
2021-05-05,63429707.30794091,625825.8870424721,10,16727949.872671736
2021-05-06,63514575.86262841,625825.8870424721,10,16769275.742258936
2021-05-09,63817174.81727929,542120.7279238207,10,16934570.222541302
2021-05-10,63193773.00148339,542120.7279238207,10,16537860.09558871
2021-05-11,62091284.21849389,37447833.74241967,4,16273386.677620312
2021-05-12,62182740.0711306,49146746.92232689,2,16058501.603736628
2021-05-13,62343702.09200463,49146746.92232689,2,16347769.193747379
2021-05-16,62141124.99849877,49146746.92232689,2,16281652.526392736
2021-05-17,62366750.91132225,36796760.084906235,4,16546124.819602828
2021-05-18,62352861.15607323,36796760.084906235,4,16446948.131433407
2021-05-19,62528067.41828026,36796760.084906235,4,16438682.282660985
2021-05-20,62444223.55231346,36796760.084906235,4,16521329.522802169
2021-05-23,62474634.47649254,43372448.21550621,3,16603979.01245996
2021-05-24,62230079.366177596,55966386.31197838,1,16661832.08055879
2021-05-25,62103775.036801375,62103775.036801375,0,16678362.65334533
2021-05-26,62103775.036801375,62103775.036801375,0,16570918.991645183
2021-05-27,62097595.94295982,55918502.10140709,1,16884981.878456593
2021-05-30,62185425.60604576,55918502.10140709,1,16678362.65334533
2021-05-31,62188008.30868248,55918502.10140709,1,16703155.700629381
2021-06-01,62213840.33382896,55918502.10140709,1,16835392.40961358
2021-06-02,62275837.97176842,55918502.10140709,1,16967630.24335608
2021-06-03,62293920.7781649,55918502.10140709,1,16992423.290640134
2021-06-06,62288754.26205162,55918502.10140709,1,16992423.290640134
2021-06-07,62312003.584561385,55918502.10140709,1,17033748.03546903
2021-06-08,62225610.82891563,62225610.82891563,0,16959365.51934196
2021-06-09,62225610.82891563,62225610.82891563,0,16984158.566626012
2021-06-10,62225610.82891563,62225610.82891563,0,16959365.51934196
2021-06-13,62225610.82891563,62225610.82891563,0,16992423.290640134
2021-06-14,62225610.82891563,62225610.82891563,0,17149455.29642499
2021-06-15,62225610.82891563,62225610.82891563,0,17149455.29642499
2021-06-16,62225610.82891563,62225610.82891563,0,17050277.483497266
2021-06-17,62225610.82891563,62225610.82891563,0,16868451.305670053
2021-06-20,62225610.82891563,62225610.82891563,0,16488270.626745695
2021-06-21,62225610.82891563,62225610.82891563,0,16992423.290640134
2021-06-22,62225610.82891563,62225610.82891563,0,16926304.37376888
2021-06-23,62163881.01501183,434067.1112032365,10,16868451.305670053
2021-06-24,62616306.52160363,434067.1112032365,10,17008953.863426674
2021-06-27,63178233.37402062,434067.1112032365,10,17033748.03546903
2021-06-28,62067416.03062463,345492.39476036653,10,16926304.37376888
2021-06-29,61543082.17842736,36706542.72530236,4,16860187.706414238
2021-06-30,61333847.431228876,42810320.41706872,3,16843657.133627698
2021-07-01,61522153.5081698,36775422.978384644,4,17000688.01465425
2021-07-04,61331340.801083624,18610875.032651003,7,16942834.946555424
2021-07-05,61385581.20198389,653720.304156743,10,16992423.290640134
2021-07-06,60339186.68579127,12434877.994385015,8,16843657.133627698
2021-07-07,59312609.9724856,30269065.798291266,5,16380828.089803852
2021-07-08,59288305.29286219,53374676.871841684,1,16389093.938576274
2021-07-11,59338533.085087836,17862750.70441157,7,16975140.25454855
2021-07-12,59928930.3759936,183267.23970210087,10,17084603.982161783
2021-07-13,59838595.17091548,183267.23970210087,10,17042502.02934517
2021-07-14,59163940.56401851,251350.15874507092,10,16857257.71103362
2021-07-15,58890419.368278764,5956244.168388626,9,16806735.817557003
2021-07-18,58384596.87088954,35029678.99826991,4,16562549.665108839
2021-07-19,58221430.98039882,52164777.40679042,1,16419406.1748556
2021-07-20,58133709.05521419,52417505.42972591,1,16554129.72444884
2021-07-25,58074909.70772884,40937988.72384212,3,16730954.102100383
2021-07-26,58102388.40658748,416208.72519100085,10,16823576.82363531
2021-07-27,57846640.58191708,402005.3493731301,10,16672012.267963767
2021-07-28,57674737.795662194,402005.3493731301,10,16722534.161440384
2021-07-29,56925162.17207821,22828376.524495196,6,16520447.712292226
2021-08-01,57882022.12338436,11500913.05050838,8,16857257.71103362
2021-08-02,57334486.43293025,11439776.612373615,8,16781474.870818697
2021-08-03,57141215.65637996,11508855.939583085,8,16697273.214702075
2021-08-04,57622727.264924884,23131462.76297176,6,16739374.042760387
2021-08-05,57970965.87057674,5843239.356904867,9,16773056.054917
2021-08-09,57982195.36818722,41384.03701045737,10,16806735.817557003
2021-08-10,58621536.78969601,41384.03701045737,10,16966720.31388855
2021-08-11,59428042.359154016,41384.03701045737,10,16958299.248470243
2021-08-12,59190400.948631555,5698381.289207723,9,16983559.07045025
2021-08-15,58365119.76373164,17144347.778868366,7,16739374.042760387
2021-08-16,58010696.47203243,51908328.97935665,1,16629910.315147154
2021-08-17,58018571.044786334,51908328.97935665,1,16714114.220780382
2021-08-18,58062240.06736324,40447738.35227535,3,16495187.890312219
2021-08-19,58138872.061992146,40447738.35227535,3,16326783.453320675
2021-08-22,58200916.06692379,35404822.90286129,4,16629910.315147154
2021-08-23,58075782.9118121,793994.6153033115,10,16806735.817557003
2021-08-24,58096738.83527401,793994.6153033115,10,16815156.88297531
2021-08-25,57829262.41773251,793994.6153033115,10,16798314.7521387
2021-08-26,57640281.62497128,23038084.67978085,6,16747793.983420387
2021-08-29,58263913.57382382,23038084.67978085,6,16949880.432568546
2021-08-30,58542770.22090024,11525854.928541835,8,17042502.02934517
2021-08-31,59011254.668776214,5631651.427809414,9,17194065.46025841
2021-09-01,58937011.28956479,5631651.427809414,9,17202485.40091841
2021-09-02,59918735.62007016,8587.44807308726,10,17522453.268823195
2021-09-05,60240845.85566586,8587.44807308726,10,17732958.533873055
2021-09-06,60752387.45722836,8587.44807308726,10,17909782.911524598
2021-09-07,61230920.23005551,8587.44807308726,10,18078188.47327445
2021-09-08,61022433.81916684,6077150.017897306,9,17926622.7928446
2021-09-09,61990544.368037686,58929.722651944496,10,18162389.004632767
2021-09-12,62210466.424617276,58929.722651944496,10,18204489.832691077
2021-09-13,63315363.69965389,6228557.800606046,9,18389734.151002627
2021-09-14,62182274.21027401,17972063.4039996,7,18212909.773351077
2021-09-15,62660829.14477414,18262026.620970428,7,18162389.004632767
2021-09-16,62841163.51213864,24323654.549125947,6,18221330.838769384
2021-09-20,62085299.28218259,36894810.6530322,4,17926622.7928446
2021-09-21,61781989.03945188,43539002.262718484,3,17775060.48668967
2021-09-23,62303974.35468626,13133713.090648174,8,18179230.010711074
2021-09-26,63152708.25107298,790999.9197741523,10,18153970.18873107
2021-09-27,62724102.65414915,790999.9197741523,10,18061346.342437837
2021-09-28,63003307.939036846,614158.0611071605,10,17859263.26756459
2021-09-29,63495637.27512083,6426470.88718138,9,17808741.374087974
2021-09-30,61946104.3143054,17784588.70456419,7,17379309.77856996
2021-10-03,62769070.97254209,23693515.3298419,6,17303528.06311334
2021-10-04,62731617.51458311,35991154.42864561,4,17050921.97000517
2021-10-05,62758526.02534056,5531.812999246642,10,16991981.260626856
2021-10-06,61456815.718028545,5531.812999246642,10,16966720.31388855
2021-10-07,61350134.313914776,5531.812999246642,10,17185645.519598406
2021-10-10,61608597.47814207,985028.6182787903,10,17497192.32208489
2021-10-11,61017434.45817442,12033211.962141708,8,17345627.766413346
2021-10-12,60579862.79702635,24171731.598906234,6,17269847.17571503
2021-10-13,60914942.55776854,24171731.598906234,6,17396150.784648262
2021-10-14,61871243.65337249,28908.69396086503,10,17707697.587134745
2021-10-17,62324353.202322684,28908.69396086503,10,17690857.70581474
2021-10-18,62620936.9395053,28908.69396086503,10,17732958.533873055
2021-10-19,62368015.161538996,95074.16727630049,10,17758221.730127968
2021-10-20,61774972.44376556,151986.41929045971,10,17505614.512261495
2021-10-21,61640238.23014251,5816932.318887628,9,17530874.3342415
2021-10-24,61319990.2674884,48614437.440034784,2,17480352.440764885
2021-10-25,61372440.086096495,48503013.76773712,2,17665599.00859304
2021-10-26,61222823.539026186,36341675.90719025,4,17623495.93101812
2021-10-27,61488886.28295929,24110682.510986634,6,17505614.512261495
2021-10-28,61293907.142468564,23931589.100476377,6,17530874.3342415
2021-10-31,62365748.018152155,27490.816003720276,10,17901362.970864598
2021-11-01,62096489.924890436,27490.816003720276,10,17791900.36800967
2021-11-03,63349581.57528106,27490.816003720276,10,17985564.626981217
2021-11-04,62772289.47789337,11956408.331653135,8,17859263.26756459
2021-11-07,62867881.2180545,17837815.300085753,7,17842421.13672798
2021-11-08,63217099.77537872,23949614.667956848,6,17699277.64647474
2021-11-09,64198415.621936336,30467959.793078918,5,17572975.16229981
2021-11-10,64210384.066760555,30467959.793078918,5,17640335.812338125
2021-11-11,65313156.051623836,30467959.793078918,5,17884523.089544594
2021-11-14,66255012.23360016,42753032.69258454,3,17943463.79892291
2021-11-15,66758203.32246735,42753032.69258454,3,17968724.745661218
2021-11-16,66927631.00215485,49491459.39570954,2,17850843.32690459
2021-11-17,66303701.77852204,49491459.39570954,2,17808741.374087974
2021-11-18,66621785.054889224,49491459.39570954,2,17901362.970864598
2021-11-21,67187740.22024567,58249402.329620674,1,17901362.970864598
2021-11-23,66911154.42923005,58249402.329620674,1,17665599.00859304
2021-11-24,66847230.709259346,66847230.709259346,0,17741378.474533055
2021-11-25,66847230.709259346,66847230.709259346,0,17396150.784648262
2021-11-28,66847230.709259346,66847230.709259346,0,17080391.762315176
2021-11-29,66847230.709259346,66847230.709259346,0,16907778.47975193
2021-11-30,66847230.709259346,66847230.709259346,0,16949880.432568546
2021-12-01,66847230.709259346,66847230.709259346,0,16865678.776451923
2021-12-02,66840691.52019685,60301502.45769685,1,17151964.6322001
2021-12-05,66775625.2116031,60301502.45769685,1,17050921.97000517
2021-12-06,66905557.55687898,47074491.35814851,3,17442461.583036575
2021-12-07,67196169.06810945,47074491.35814851,3,17543503.1204732
2021-12-08,67188773.08422273,47074491.35814851,3,17425621.701716572
2021-12-09,67031294.22680085,47074491.35814851,3,17290898.152123336
2021-12-12,67313157.31273836,47074491.35814851,3,17316159.098861642
2021-12-13,67418075.07396883,47074491.35814851,3,17278268.241133336
2021-12-14,67343615.96303132,53607141.23158601,2,17358258.80216165
2021-12-15,67540869.86928132,53607141.23158601,2,17631916.99643643
2021-12-16,67514509.33461335,53607141.23158601,2,17383519.74889996
2021-12-19,67285708.85853913,53607141.23158601,2,17000401.20128686
2021-12-20,67489416.12208894,60325403.670917064,1,17269847.17571503
2021-12-21,67474226.01470979,53592926.00860627,2,17253006.169636723
2021-12-22,67423354.34722932,53592926.00860627,2,17417201.761056572
2021-12-23,67322683.43607208,54070736.551916815,2,17404570.725308266
2021-12-26,67338275.0989505,60571958.64387238,1,17316159.098861642
2021-12-27,67411167.4511966,47145477.900415346,3,17547714.2155615
2021-12-28,67470982.25069611,47145477.900415346,3,17530874.3342415
2021-12-29,67386595.62502472,47145477.900415346,3,17459301.46435658
2022-01-03,67869968.7024173,47145477.900415346,3,17867683.20822459
2022-01-04,67780605.62716095,47145477.900415346,3,17892943.030204598
2022-01-05,67376409.27301055,53672237.23474152,2,17530874.3342415
2022-01-06,67498524.31207305,53672237.23474152,2,17497192.32208489
2022-01-10,67488259.53498566,60359469.2609378,1,17446671.553366575
2022-01-11,67468228.4322635,40308335.43604767,4,17703487.61680474
2022-01-12,67134408.77894318,40308335.43604767,4,17581395.102959815
2022-01-13,66732000.17146027,40308335.43604767,4,17349838.86150165
2022-01-16,66831637.048553765,46629672.513031304,3,17425621.701716572
2022-01-17,66750023.42279235,40481524.00872985,4,17354049.956589956
2022-01-18,66550440.915468134,40481524.00872985,4,16840416.704955313
2022-01-19,66642437.45462829,46845752.92093688,3,17000401.20128686
2022-01-20,67059230.85809509,27077928.81952087,6,16882517.533013623
2022-01-23,67055484.97186462,27077928.81952087,6,16907778.47975193
2022-01-24,66602311.65193054,13897374.115309443,8,16617281.528915456
2022-01-25,66515544.60443298,33383770.69085876,5,16570970.730527144
2022-01-26,65841223.6154071,46107471.27776062,3,16141539.135009127
2022-01-27,66221641.9747821,46107471.27776062,3,16469926.943573914
2022-01-30,66472551.8997699,32920427.229359742,5,16617281.528915456
2022-01-31,66351362.96663086,26307297.234819338,6,16638332.505323762
2022-02-01,67335016.0934253,13076365.861491702,8,16966720.31388855
2022-02-02,67069132.97907593,85806.76752808038,10,16840416.704955313
2022-02-03,67344045.43635133,85806.76752808038,10,16941458.242391936
2022-02-06,67273450.57551149,85806.76752808038,10,16895148.56876193
2022-02-07,67462549.84258302,5384872.260795904,9,16987770.165538553
2022-02-08,67800120.80554688,78538.53015625756,10,17122493.71513179
2022-02-09,68537723.608855,7384032.1568286205,9,17219325.282238413
2022-02-13,68363406.0835315,461595.4237414636,10,16933038.301731937
2022-02-14,68152340.25406373,461595.4237414636,10,16781474.870818697
2022-02-15,69055225.9014026,271343.4764758395,10,17067761.851325173
2022-02-16,68479688.2409778,231003.35938599706,10,16924618.361071933
2022-02-17,68469390.43677858,6990193.458018809,9,16869886.49726532
2022-02-20,68304296.50957215,20053861.231251843,7,16760425.019168694
2022-02-21,67664280.09737733,20030122.81740907,7,16520447.712292226
2022-02-23,66843345.215568855,27379311.846123055,6,16288891.470834062
2022-02-24,66896928.14719574,53868997.31833832,2,16478348.00899222
2022-02-27,67130778.7846225,33894651.05635102,5,16562549.665108839
2022-02-28,67607715.2729831,7143254.46670869,9,16650961.291555462
2022-03-01,67141174.86458467,1044409.5661227535,10,16322573.482990675
2022-03-02,67787746.66329072,1044409.5661227535,10,16490977.91998222
2022-03-03,66865376.050693065,6676377.442294629,9,16171011.176835736
2022-03-06,66492541.12495148,18802139.26337922,7,15737369.61098772
2022-03-07,64843707.8222934,31563361.589688424,5,15451082.630481243
2022-03-08,64590055.25826142,50769262.141501166,2,15425821.683742935
2022-03-09,64710462.66443207,45280080.05792572,3,16036287.6272425
2022-03-10,64513221.88126557,6937462.610025338,9,15817361.296774339
2022-03-13,65760035.144278266,509798.153921823,10,15888933.041900959
2022-03-14,66997990.89684174,509798.153921823,10,16044706.443144199
2022-03-15,67772125.37560152,509798.153921823,10,16255212.83295236
2022-03-16,68891753.94768403,509798.153921823,10,16680433.333382072
2022-03-17,68839169.72984956,509798.153921823,10,16752005.078508692
2022-03-21,69574167.0580356,509798.153921823,10,16937249.39682024
2022-03-22,70788285.81413911,509798.153921823,10,17341420.045599952
2022-03-23,70223158.3436435,7089774.798721628,9,17396150.784648262
2022-03-24,70427563.86128876,20590689.013876654,7,17387729.71922996
2022-03-27,70703581.88326141,35089580.63814423,5,17303528.06311334
2022-03-28,70728291.51521942,35334904.96126435,5,17459301.46435658
2022-03-29,70530341.77278778,42287044.983237006,4,17455092.61878488
2022-03-30,70165991.78349335,49071527.6599582,3,17253006.169636723
2022-03-31,70000891.44266084,49409266.406039745,3,17240377.383405022
2022-04-03,70533305.58309053,42407720.878500685,4,17332998.980181646
2022-04-04,70503203.62310517,21585056.68707002,7,17295106.997695033
2022-04-05,69643373.02848847,28271336.26091035,6,17038292.059015166
2022-04-06,69552015.6554416,28271336.26091035,6,16777264.900488697
2022-04-07,69793020.75480683,41708328.44523652,4,16806735.817557003
2022-04-10,69481238.6800998,48344880.56242402,3,16756215.048838692
2022-04-11,69562274.22864717,55176638.92591279,2,16524659.932138832
2022-04-12,69493153.706586,48200139.06730378,3,16756215.048838692
2022-04-13,69441425.71153596,626627.7958865436,10,16933038.301731937
2022-04-14,68883256.2565799,626627.7958865436,10,16819365.728547007
2022-04-17,68068821.04539827,626627.7958865436,10,16659382.356973767
2022-04-18,69012561.83940461,189046.1350589078,10,16819365.728547007
2022-04-19,70544385.49052766,189046.1350589078,10,16996190.106198553
2022-04-20,71000982.95756868,189046.1350589078,10,17093022.798063483
2022-04-21,70507497.69755891,189046.1350589078,10,16895148.56876193
2022-04-24,68793698.0596103,26903071.85721772,6,16638332.505323762
2022-04-25,68550808.4648349,54402926.11620209,2,16684642.17895377
2022-04-26,68318760.46514007,54565629.09306977,2,16520447.712292226
2022-04-27,68507571.31852143,41380039.32389252,4,16840416.704955313
2022-05-01,68501187.52488129,552058.832254339,10,16823576.82363531
2022-05-05,69297732.27759126,110672.26172211394,10,16987770.165538553
2022-05-08,68507585.9274936,110672.26172211394,10,16655171.261885462
2022-05-09,69245015.9797397,6785437.59228852,9,16537289.843128836
2022-05-10,69433610.01473114,13737788.890463568,8,16423616.145185603
2022-05-11,69176062.31575653,13737788.890463568,8,16251001.737864055
2022-05-12,69619443.55091278,20596886.257211614,7,16566759.635438839
2022-05-15,69082958.2702243,7961241.174277043,9,16562549.665108839
2022-05-16,69097508.92898896,8266450.786899114,9,16583600.641517147
2022-05-17,69138382.96025117,1729494.2151339762,10,16747793.983420387
2022-05-18,68336010.18095429,1490506.48222382,10,16524659.932138832
2022-05-19,68820240.28549531,139869.41147186793,10,16667802.297633767
2022-05-22,70081434.57260469,139869.41147186793,10,16831995.63953701
2022-05-23,69068980.45883515,139869.41147186793,10,16693062.11961377
2022-05-24,68705142.692612,20207585.063217472,7,16659382.356973767
2022-05-25,68899391.4252353,13384300.586612247,8,16672012.267963767
2022-05-26,69439564.32568696,42105.20398285426,10,16760425.019168694
2022-05-29,70624892.36523774,42105.20398285426,10,17055130.81557687
2022-05-30,69792077.20586273,131898.80010101944,10,16966720.31388855
2022-05-31,71143437.20036957,131898.80010101944,10,17215115.311908413
2022-06-01,70678995.27226898,131898.80010101944,10,17105652.709053483
2022-06-02,70916528.15801117,131898.80010101944,10,17164594.5431901
2022-06-05,70947341.17869599,13836742.317001656,8,17210905.34157841
2022-06-06,70703482.50803253,35013674.07907746,5,17269847.17571503
2022-06-07,71027687.63675568,21087196.145056464,7,17484562.411094885
2022-06-08,71224641.02871126,20933738.446924143,7,17471931.375346582
2022-06-09,70302279.21079132,21727975.12143586,7,17236166.28831672
2022-06-12,69049018.16418488,48138933.2093509,3,16869886.49726532
2022-06-13,68908462.75036652,48138933.2093509,3,16667802.297633767
2022-06-14,68614866.17448762,68614866.17448762,0,16453087.062253911
2022-06-15,68608046.5039554,61788375.97172883,1,16575180.700857144
2022-06-16,68745466.86980623,54921730.66985505,2,16284682.625262363
2022-06-19,68785376.762128,41201962.33952058,4,16158380.141087431
2022-06-20,68947756.44875215,27439109.576803908,6,16469926.943573914
2022-06-21,69396184.13002047,149118.26545747556,10,16440457.151263908
2022-06-22,69907728.037186,149118.26545747556,10,16440457.151263908
2022-06-23,71528191.58241305,149118.26545747556,10,16570970.730527144
2022-06-26,72279100.20362887,149118.26545747556,10,16768844.959828695
2022-06-27,72697316.12464938,149118.26545747556,10,16920408.390741933
2022-06-28,72871097.37464938,149118.26545747556,10,16802526.971985307
2022-06-29,72482967.29039034,7198577.283371294,9,16625702.59433376
2022-06-30,71766418.48233369,28520922.327548537,6,16389936.382545596
2022-07-03,72267102.4858371,50047558.29028047,3,16621491.499245455
2022-07-04,72200814.18627656,50047558.29028047,3,16701484.30979038
2022-07-05,71941495.29338107,45343549.21488985,4,16499398.985400524
2022-07-06,73319548.90647615,45094757.208783284,4,16335204.51873898
2022-07-07,73354255.08875155,16671653.66205477,8,16389936.382545596
2022-07-10,73766193.97313266,2185884.555408042,10,17040323.37251129
2022-07-11,72138184.62102084,2185884.555408042,10,16751358.34248418
2022-07-12,72596687.86112857,2796685.12980532,10,16811738.742490973
2022-07-13,73352751.45060611,2796685.12980532,10,16824677.962014437
2022-07-14,73117974.74290042,10953204.662334008,9,16816051.06582659
2022-07-18,73761515.22166018,4027285.662334009,10,16923873.771075018
2022-07-19,75848049.29758792,4027285.662334009,10,17294785.31682023
2022-07-20,75983881.09690432,4027285.662334009,10,17333601.850632325
2022-07-21,76490401.9465137,4027285.662334009,10,17385356.479209576
2022-07-24,75595435.6562305,4027285.662334009,10,17260282.231102064
2022-07-25,75735077.89436525,18727735.92659182,8,17264595.679195985
2022-07-26,76626288.5149219,23993881.306669947,7,17294785.31682023
2022-07-27,76110747.54945558,31243196.163957544,6,17312037.98443762
2022-07-28,76601700.6074634,23640551.21171145,7,17238718.36490736
2022-07-31,77452407.35786624,582384.1584033482,10,17415547.24159212
2022-08-01,76174704.86903568,7954733.250383329,9,17139520.306330174
2022-08-02,76376006.1701099,22946933.269719265,7,17152458.401095334
2022-08-03,76773002.21154666,45016416.225218534,4,17161085.29728318
2022-08-04,77152385.35710941,29627572.106376987,6,17320662.631108858
2022-08-07,77378185.08531071,7042068.245711101,9,17342227.622061864
2022-08-08,75930040.83489567,41697.25579410978,10,17234404.916813437
2022-08-09,75541403.69678533,63510.59528386127,10,17182650.288236186
2022-08-11,77192400.69733007,23693.90716893319,10,17553560.7092231
2022-08-14,77354156.5475498,23693.90716893319,10,17657069.9663776
2022-08-15,77121986.3510166,23693.90716893319,10,17618253.43256551
2022-08-16,78134287.79492529,107027.76074559428,10,17833899.967820667
2022-08-17,77318255.02400854,318617.1761081442,10,17700199.948283613
2022-08-18,77923437.58320042,7741640.226022695,9,17730388.461149555
2022-08-21,78282422.23837622,7581185.269382071,9,17713138.043048777
2022-08-22,77561633.92646214,30956813.620065667,6,17523368.822082248
2022-08-23,77672984.43736303,15550331.867782956,8,17488865.736364078
2022-08-24,77825199.61169165,15309242.794064693,8,17566498.80398826
2022-08-25,77405969.33789404,3508.705569824204,10,17605315.33780035
2022-08-28,76685639.05421484,30294584.269058593,6,17281846.097296767
2022-08-29,77511013.8833164,30294584.269058593,6,17519057.62350493
2022-08-30,77254755.37386206,22619141.482260495,7,17631192.652088974
2022-08-31,76890910.78551978,30717546.796261963,6,17221466.822048277
2022-09-01,76779989.66808814,38403529.1456272,5,17178336.840142265
2022-09-04,76740586.69631079,53730428.70070533,3,17148146.077759717
2022-09-05,76769298.98879126,53730428.70070533,3,17148146.077759717
2022-09-06,76551525.1506443,53984550.8952732,3,17057574.91537037
2022-09-07,76778034.17653236,1501363.3116641939,10,17419860.689686045
2022-09-08,77359771.84437904,1501363.3116641939,10,17501806.080645844
2022-09-11,77816081.21632728,1501363.3116641939,10,17613941.109229892
2022-09-12,78569417.16603431,1501363.3116641939,10,17661383.414471522
2022-09-13,77712996.4995304,1501363.3116641939,10,17320662.631108858
2022-09-14,79241587.4109806,16809325.353485484,8,17333601.850632325
2022-09-15,79351852.81752357,24341597.504413217,7,17238718.36490736
2022-09-19,79574619.76698646,24341597.504413217,7,17329289.527296703
2022-09-20,79150463.82704505,30789264.477069467,6,17109330.66870593
2022-09-21,78875275.62249184,54882206.34148597,3,17048949.143940832
2022-09-25,78652243.96388587,70461289.06886634,1,16609031.426759282
2022-09-26,78661597.52387123,62690004.84503822,2,16656474.856759218
2022-09-27,78734861.4927433,47121449.889960095,4,16492582.950081313
2022-09-28,79311632.01886635,39191903.50934486,5,16828990.285350055
2022-09-29,79287990.47528724,39191903.50934486,5,16488270.626745695
2022-10-02,78743255.95380287,39191903.50934486,5,16609031.426759282
2022-10-03,79953187.40093422,15382074.974176407,8,17139520.306330174
2022-10-04,79919506.27263832,7440605.305231096,9,17199901.83109527
2022-10-05,79996496.87932777,7440605.305231096,9,17268908.002531607
2022-10-06,78885044.36758462,22868323.30130043,7,17156771.849189255
2022-10-10,77876684.96763343,69606527.25278968,1,16828990.285350055
2022-10-11,77948551.66685218,69606527.25278968,1,16803112.97106143
2022-10-12,77959606.84263343,69606527.25278968,1,16682351.04628954
2022-10-13,78040286.616547,61826869.12387122,2,17053262.592034753
2022-10-16,77884911.2625431,61826869.12387122,2,16902311.02963862
2022-10-17,77926677.3910099,54066678.257709116,3,17087765.677752923
2022-10-18,78179281.9293522,38562942.70816078,5,17130894.53490063
2022-10-19,78311479.43870278,46176891.37717934,4,17053262.592034753
2022-10-20,77977925.83152504,46176891.37717934,4,16928188.343927246
2022-10-23,77932766.1204899,53744127.69885903,3,16975630.649168875
2022-10-24,78109241.97498208,53744127.69885903,3,17139520.306330174
2022-10-25,78351631.13878211,54027077.59874306,3,17230091.468719516
2022-10-26,78211407.10197791,46240721.201099016,4,17135207.982994553
2022-10-27,78060187.79609413,53923808.47480507,3,17048949.143940832
2022-10-30,78075623.71740761,38155644.73791543,5,17312037.98443762
2022-10-31,77961536.63096352,8393872.415875634,9,17424173.013021663
2022-11-01,78527920.45840493,835346.6363834469,10,17424173.013021663
2022-11-03,78619557.80640298,16010877.984625634,8,17199901.83109527
2022-11-06,79884473.82754555,111198.4369205581,10,17368106.061108794
2022-11-07,80583913.00650674,247393.24332314543,10,17605315.33780035
2022-11-08,81048933.72158243,68398.74843789078,10,17519057.62350493
2022-11-09,81114566.93750039,785.5471195327118,10,17419860.689686045
2022-11-10,81815676.26367226,785.5471195327118,10,17782144.21448511
2022-11-13,82841565.99145547,785.5471195327118,10,17665695.73780714
2022-11-14,83316227.32906534,94995.1879520556,10,17657069.9663776
2022-11-15,83807639.00509073,94995.1879520556,10,17674321.509236682
2022-11-16,84688578.58028604,94995.1879520556,10,17704512.271619234
2022-11-17,84628638.23237954,107278.18599282764,10,17687260.72876015
2022-11-20,85412042.16914712,107278.18599282764,10,17739016.482095703
2022-11-21,86362230.41377603,107278.18599282764,10,17941722.673069093
2022-11-23,86919154.45441324,10508196.092596833,9,18140116.540706858
2022-11-24,87631362.47443277,10508196.092596833,9,18153056.88498863
2022-11-27,86973328.08679849,18919948.466437165,8,18019354.615934968
2022-11-28,86674076.87278482,43322717.94944498,5,17911531.91068654
2022-11-29,86855125.44381754,51707946.89767496,4,17825273.071632817
2022-11-30,86186423.25769083,86186423.25769083,0,17868403.053538833
2022-12-01,86186423.25769083,86186423.25769083,0,17553560.7092231
2022-12-04,86186423.25769083,86186423.25769083,0,17501806.080645844
2022-12-05,86186423.25769083,86186423.25769083,0,17514744.175411005
2022-12-06,86169247.76032756,68993750.39704631,2,17523368.822082248
2022-12-07,86222341.7371342,51796315.9925053,4,17441424.555880748
2022-12-08,86220967.65020794,489473.2349247355,10,17635504.975424595
2022-12-11,85957774.04669231,489473.2349247355,10,17583750.34684734
2022-12-12,86281958.1409306,489473.2349247355,10,17670009.185901064
2022-12-13,86262520.68351483,8871641.704022638,9,17773518.443055566
2022-12-14,86171850.20621991,8871641.704022638,9,17730388.461149555
2022-12-15,85653349.93741803,33996002.912881896,6,17527682.27017617
2022-12-18,85237223.81346783,25500408.579092834,7,17398294.573974736
2022-12-19,84308964.2000401,58834515.86019635,3,17169711.068712723
2022-12-20,84009440.733466,66633357.54865155,2,16997194.51536358
2022-12-21,84336991.62457928,66633357.54865155,2,17161085.29728318
2022-12-22,84498222.36188397,66633357.54865155,2,17061887.238705993
2022-12-25,84465388.09238324,58193213.70883832,3,17092078.00108854
2022-12-26,84698159.16811566,24710656.00649457,7,17186962.611571804
2022-12-27,84825567.29451947,45661.831872990355,10,17152458.401095334
2022-12-28,84947487.62533002,45661.831872990355,10,17053262.592034753
2022-12-29,85208154.08040814,45661.831872990355,10,17031698.72584005
2023-01-03,84183832.65577435,24432268.953381777,7,16824677.962014437
2023-01-04,84908312.72023663,24861740.36611066,7,16833303.73344398
2023-01-05,84958563.82366681,34453684.09649396,6,16893684.133450773
2023-01-09,84958935.51503645,618499.742331367,10,16923873.771075018
2023-01-10,86026285.02065168,618499.742331367,10,17105017.220612008
2023-01-11,86065035.03896223,618499.742331367,10,17186962.611571804
2023-01-12,84836679.20893598,95448.10847211443,10,17117956.44013547
2023-01-15,84279576.46206099,25114675.97988325,7,16971316.07631665
2023-01-16,84817924.77641645,17190347.884326614,8,17135207.982994553
2023-01-17,86279106.76210982,63145.8490238823,10,17424173.013021663
2023-01-18,85515991.80849653,63145.8490238823,10,17260282.231102064
2023-01-19,86097600.54873091,63145.8490238823,10,17350853.393491406
2023-01-22,86744229.16201216,63145.8490238823,10,17514744.175411005
2023-01-23,88062171.0504399,63145.8490238823,10,17756266.900196485
2023-01-24,88457957.93398482,63145.8490238823,10,17838213.415914588
2023-01-25,88934326.45205122,63145.8490238823,10,17799396.882102497
2023-01-26,88665331.20974165,63145.8490238823,10,17846838.062585827
2023-01-29,88870268.9620854,18166625.541675247,8,17842525.73925021
2023-01-30,89170317.43734175,18056709.68587691,8,17786457.66257903
2023-01-31,88704032.27640426,26108371.448767535,7,17756266.900196485
2023-02-01,88165162.14028364,52683973.23647506,4,17682947.280666225
2023-02-02,88122253.32216232,61328929.01185958,3,17730388.461149555
2023-02-05,88205184.115009,52508912.36207931,4,17820960.7482972
2023-02-06,88219950.07570235,52508912.36207931,4,17859776.157350987
2023-02-07,88250176.92854965,13565.225058436394,10,17855464.958773673
2023-02-08,88617463.4336766,13565.225058436394,10,17864089.605444912
2023-02-09,87605543.31271712,35227.95627181884,10,17877028.824968375
2023-02-12,87098852.90164536,9149567.733188326,9,17790771.110672954
2023-02-13,87729531.34769028,425942.5445896946,10,17950348.444498632
2023-02-14,87677813.75298508,324529.5244694557,10,17885654.596397918
2023-02-15,87869758.56738937,701054.8564518765,10,18023668.06402889
2023-02-16,89079222.79773605,701054.8564518765,10,17933098.026397854
2023-02-19,89570496.96765792,701054.8564518765,10,18002103.073075883
2023-02-20,90203381.49829757,701054.8564518765,10,17967599.987357717
2023-02-21,89633013.47232102,9059817.189362032,9,17799396.882102497
2023-02-23,90181748.2701909,17886869.39445847,8,17898592.691163078
2023-02-26,90942349.37847947,112796.4396366924,10,17954660.767834254
2023-02-27,90679105.36090134,8978443.340027317,9,17941722.673069093
2023-02-28,90345367.22247362,17664937.14740037,8,17997790.749740265
2023-03-01,89738038.26438645,26515471.021954812,7,17958974.215928175
2023-03-02,90129233.51284838,26222516.3375554,7,18183244.273096263
2023-03-05,89962259.75212754,8281882.710501572,9,18338510.408344626
2023-03-06,90480324.32121935,55088.08464708179,10,18420455.799304426
2023-03-07,91001285.7957799,1105974.1868931744,10,18480836.199311223
2023-03-08,91913400.7058568,970319.2513890248,10,18649039.30456644
2023-03-09,89927743.80954331,27531837.785373397,7,18295382.67595522
2023-03-12,90030854.12992907,45193992.594284534,5,18010728.844505426
2023-03-13,89496262.65917102,71626283.65526477,2,17531995.71827009
2023-03-14,89236489.6855382,71626283.65526477,2,17644131.871612437
2023-03-15,89123007.29791613,80441672.58111925,1,17454363.775404215
2023-03-16,89106018.20287219,53768802.40697375,4,17657069.9663776
2023-03-19,88688665.57108508,44899265.510049924,5,17393982.250639115
2023-03-21,89679993.38740587,18718187.650101192,8,17678633.832572304
2023-03-22,90609193.76026966,622541.0503087137,10,17644131.871612437
2023-03-23,90346759.52870227,622541.0503087137,10,17622566.88065943
2023-03-26,89948995.6157384,622541.0503087137,10,17682947.280666225
2023-03-27,89789563.48905383,387975.56485949643,10,17730388.461149555
2023-03-28,90635861.13819934,8320.165298949927,10,17976225.75878726
2023-03-29,90108000.58868763,18025736.56891223,8,18062484.597840983
2023-03-30,90855696.44100696,9288857.375455203,9,18278128.88357953
2023-04-02,91765323.46586047,182560.17545520328,10,18390266.16168018
2023-04-03,92532028.15946399,182560.17545520328,10,18433395.018827893
2023-04-04,90525244.02096301,17544116.494107544,8,18066795.796418298
2023-04-05,90063531.34671985,52437456.95096789,4,17868403.053538833
2023-04-06,90029592.19687854,52506475.86081897,4,17902906.139257
2023-04-09,90042329.71518908,52506475.86081897,4,18006416.521169808
2023-04-10,90337721.44309741,44751092.329327874,5,18157368.083565943
2023-04-11,90789770.5382146,17971725.848273188,8,18291068.103102993
2023-04-12,91293415.1781438,81782.28019457683,10,18308320.77072038
2023-04-13,92051323.95499927,81782.28019457683,10,18398891.933109723
2023-04-16,91989966.42326099,81782.28019457683,10,18476522.7512173
2023-04-17,93125744.73746997,81782.28019457683,10,18605910.44741873
2023-04-18,92629305.79704028,81782.28019457683,10,18584345.45646572
2023-04-19,92910935.23045093,8869449.622540768,9,18575721.93455279
2023-04-20,93984023.7673772,9165437.805463135,9,18541218.848834623
2023-04-23,94074082.1291936,9165437.805463135,9,18558469.2669354
2023-04-24,94376124.19833423,94624.39364673011,10,18618847.417425588
2023-04-25,93850012.42868091,9751191.298309818,9,18437708.466921814
2023-04-26,93809665.26122487,1166074.544672124,10,18506713.513599847
2023-04-27,95292074.17821094,960159.1086308677,10,18756864.259331472
2023-04-30,96501732.03953907,960159.1086308677,10,18933693.136016235
2023-05-01,95769496.90770313,960159.1086308677,10,18912129.269821532
2023-05-07,96730032.59495899,960159.1086308677,10,18877626.184103366
2023-05-08,97182849.882459,423324.94959766604,10,19110523.1374593
2023-05-09,96803967.71709034,9891032.664600108,9,19011323.95412381
2023-05-10,96757678.39638722,20755247.085352063,8,18976820.86840564
2023-05-11,98224679.873438,20755247.085352063,8,19119147.784130536
2023-05-14,98091828.07163136,10151096.083105968,9,19283038.56605014
2023-05-15,99307715.99692433,252423.60800831392,10,19403801.61558033
2023-05-16,99853254.80918019,252423.60800831392,10,19464180.89082882
2023-05-17,100034166.58798878,85444.5237797983,10,19701390.167520378
2023-05-18,100109569.42973682,29429523.26884816,7,19714329.38704384
2023-05-21,100371951.9494878,19127143.02614796,8,19830780.113238417
2023-05-22,100228940.03909963,99739.86820118874,10,19727268.606567305
2023-05-23,100046332.30371144,5096.4638676941395,10,19615132.453224957
2023-05-24,99714438.51173756,30282533.329852797,7,19559063.25179548
2023-05-25,99892244.29364674,39799759.45783131,6,19559063.25179548
2023-05-28,100250478.13356984,48817281.8689214,5,19710017.063708223
2023-05-29,100610045.46608937,59526058.46657765,4,19679828.55084228
2023-05-30,100510664.2152654,79007662.92132008,2,19412426.26225157
2023-05-31,101368700.79169361,68951747.1906194,3,19580629.36750679
2023-06-01,102694882.79324391,69574.0530095445,10,19904098.60801037
2023-06-04,103187659.38320974,69574.0530095445,10,20240504.818520807
2023-06-05,102506462.31289724,69574.0530095445,10,20382831.734245706
2023-06-06,101482226.20783132,21687668.883612573,8,20111119.371835984
2023-06-07,100741208.45247243,31572653.38655447,7,19981731.67563455
2023-06-08,101194147.64553884,52404050.941437274,5,20279322.477091204
2023-06-11,101545200.37991384,52404050.941437274,5,20408710.173292633
2023-06-12,101216022.25579274,52723321.95061696,5,20676110.21236674
2023-06-13,101928781.55025075,32467300.056110132,7,20917634.06191052
2023-06-14,101789342.70530447,42680833.354718536,6,20921946.385246143
2023-06-15,101931152.56858572,42680833.354718536,6,20982325.660494633
2023-06-18,102306780.88889822,42680833.354718536,6,20878816.403340127
2023-06-19,102291271.49124807,60442538.19046682,4,20822749.45142726
2023-06-20,102531149.56741995,60442538.19046682,4,20952137.14762869
2023-06-21,102439025.58258107,70485854.7329717,3,20956449.470964305
2023-06-22,102155906.57884572,81058447.65550588,2,20628670.156641714
2023-06-25,102239189.01292776,81058447.65550588,2,20589852.49807132
2023-06-26,102124477.14977469,70867189.55822195,3,20529470.973306224
2023-06-27,102667252.20090383,60626333.79270071,4,20947822.574776463
2023-06-28,102401925.14034474,61478981.00582326,4,20943510.25144084
2023-06-29,102206817.31759083,71401249.00094044,3,20870189.507152285
2023-07-02,102300784.70040333,71401249.00094044,3,21176409.454313386
2023-07-03,103133891.96969044,71401249.00094044,3,21042709.434776336
2023-07-04,102636124.69148609,81682259.3411443,2,21025455.642400645
2023-07-05,102820115.05403492,81682259.3411443,2,20783934.042373467
2023-07-06,102812982.32698414,81682259.3411443,2,20141307.884701926
2023-07-09,102956808.06084034,91975488.30986378,1,20512743.56781657
2023-07-10,102926208.06084034,91975488.30986378,1,20433340.130622678
2023-07-11,102905808.06084034,91975488.30986378,1,20296587.517049927
2023-07-12,103115927.8118169,91975488.30986378,1,20486275.755418606
2023-07-13,103428048.80791065,91975488.30986378,1,20455396.64095432
2023-07-17,102711461.34108937,102711461.34108937,0,20574504.046261758
2023-07-18,102711461.34108937,102711461.34108937,0,20799480.451644447
2023-07-19,102701253.60726368,92493519.78158009,1,20618614.817408424
2023-07-20,102734893.13363087,92493519.78158009,1,20653905.23393904
2023-07-23,102789854.15314992,72080716.71418507,3,20817127.90942636
2023-07-24,102932192.21418507,61855156.64289601,4,20856829.62802331
2023-07-25,103145501.87907764,51753497.05730031,5,20830359.566108737
2023-07-26,103331466.44492239,21723353.285742693,8,20975934.783814143
2023-07-27,103645931.97282766,1438978.4083745312,10,20909765.252819236
2023-07-30,105308309.59733938,1438978.4083745312,10,21183268.23044813
2023-07-31,105713810.12224172,1438978.4083745312,10,21324429.8965706
2023-08-01,104998835.6746343,40964327.41047414,6,21002404.845728714
2023-08-02,102314721.89188284,70725260.3562383,3,20702429.556668643
2023-08-03,102432502.71368459,71065800.89483693,3,20759780.98256411
2023-08-06,102652943.27764943,71065800.89483693,3,20865652.232155964
2023-08-07,101998237.29643606,72178881.58354543,3,20922999.159018215
2023-08-08,102229632.78742728,12047614.367017116,9,20852418.32595698
2023-08-09,102931161.73713431,1902354.2420171164,10,21050929.168458313
2023-08-13,102412399.53861135,1766828.9819707312,10,20834773.117691673
2023-08-14,102531938.40357718,1071832.36109671,10,20905353.950752907
2023-08-15,101348745.70998587,10157286.383813996,9,20658318.785521973
2023-08-16,100875106.61484426,10346693.126074739,9,20565681.442129105
2023-08-17,100880195.435877,30620359.876794957,7,20411281.370774437
2023-08-20,101073288.71151176,601969.8638555091,10,20477453.15128595
2023-08-21,102326838.02791801,601969.8638555091,10,20684786.597919937
2023-08-22,102584745.21785942,601969.8638555091,10,20799480.451644447
2023-08-23,102450007.89705864,297868.93221488595,10,20883297.440421272
2023-08-24,100754454.77086234,8607420.298206098,9,20698020.504118923
2023-08-27,101485614.63841607,167205.67845512368,10,21002404.845728714
2023-08-28,102057225.46605279,167205.67845512368,10,21037693.012742724
2023-08-29,102397945.77855279,167205.67845512368,10,21134743.90771853
2023-08-30,102451387.82905327,419187.4140142072,10,21258260.365575694
2023-08-31,102654996.06879936,419187.4140142072,10,21447948.603944372
2023-09-03,103409520.35925347,31411.338257377967,10,21681747.613459714
2023-09-04,103944772.9183233,20356529.265979543,8,21694983.7691753
2023-09-05,105148113.71550347,18289947.345874563,8,21867024.549762063
2023-09-06,105241108.51063287,38395180.666394584,6,21769975.904302865
2023-09-07,104689567.61385553,37913829.16170709,6,21540585.94733724
2023-09-10,105748889.68505913,48136542.102051325,5,21567053.759735204
2023-09-11,105632554.44987848,27054342.46257379,7,21747921.643487833
2023-09-12,105860012.79752252,17044245.548987366,8,21739099.03935518
2023-09-13,106431063.44240779,63412.404810123146,10,21977309.350936852
2023-09-14,107020317.01296443,63412.404810123146,10,22193465.40170349
2023-09-18,107240051.80048883,70442.81611383334,10,22193465.40170349
2023-09-19,106967429.62719782,16715395.410889223,8,21968486.746804196
2023-09-20,106498909.23850152,39825809.73898981,6,21783209.810501844
2023-09-21,106275364.31687066,74344722.82517144,3,21703806.373307955
2023-09-24,106561195.6586065,74354984.14737603,3,21814091.17448274
2023-09-25,105896192.513294,74065377.77940728,3,21686161.165042646
2023-09-26,105926072.85708062,43367288.03042047,6,21721451.581573263
2023-09-27,105659566.5481695,32767907.83234918,7,21633223.290730115
2023-09-28,105146477.55371149,28553671.315918516,8,21417069.48948008
2023-10-01,104733791.00371149,38740230.66435602,7,21342077.35435252
2023-10-02,103715300.14597224,59011797.52146052,5,20980346.085880473
2023-10-03,103360473.54481257,83753183.31043757,2,20455396.64095432
2023-10-04,103724189.75177059,73157055.6941534,3,20865652.232155964
2023-10-05,103709305.61090145,52486047.42608699,5,20865652.232155964
2023-10-09,104241338.33522397,674928.6489446703,10,21293553.031622916
2023-10-10,104565058.99562436,674928.6489446703,10,21262673.917158626
2023-10-11,105242115.71559507,674928.6489446703,10,21571467.311318137
2023-10-12,104360957.76454526,10475943.628803069,9,21275905.573841
2023-10-15,102516514.53125668,60325935.96070004,4,20936233.0652172
2023-10-16,102931760.60059261,60325935.96070004,4,21121507.75200294
2023-10-17,102800876.85383359,92010242.08820859,1,21161211.720116496
2023-10-18,102772442.56213437,61477577.13244687,4,20865652.232155964
2023-10-19,102686050.31359921,61477577.13244687,4,20790657.84751179
2023-10-22,102282091.61574766,72059056.93557188,3,20631850.973124012
2023-10-23,102939284.01076719,72059056.93557188,3,20640673.577256665
2023-10-24,102676574.48402159,61797164.291150495,4,20773012.639246482
2023-10-25,102680491.5189337,61797164.291150495,4,20481864.45335228
2023-10-26,103176045.25428526,61797164.291150495,4,20808305.30529371
2023-10-29,102817372.21351378,61797164.291150495,4,20561267.89054617
2023-10-30,103531164.96864073,61797164.291150495,4,20790657.84751179
2023-10-31,103548955.7767462,61797164.291150495,4,21293553.031622916
2023-11-01,103921382.79090635,61797164.291150495,4,21399424.28121477
2023-11-05,104223098.46473448,61797164.291150495,4,21747921.643487833
2023-11-06,104597779.7496771,72053793.60465758,3,21478827.71840866
2023-11-07,104971948.45091002,82416333.22874205,2,21245028.708893318
2023-11-08,105088451.46604674,82416333.22874205,2,21522940.73907193
2023-11-09,105068243.38499205,82416333.22874205,2,21540585.94733724
2023-11-12,104829127.13743345,82416333.22874205,2,21527352.04113826
2023-11-13,104923500.04750426,93932896.04359801,1,21615578.082464807
2023-11-14,104983578.12816222,83456858.7861212,2,21875847.15389472
2023-11-15,104764279.00423644,73021834.18612121,3,21814091.17448274
2023-11-16,105477097.00350402,73021834.18612121,3,22025833.673666447
2023-11-19,105925114.79144348,62459276.41864075,4,21871438.101345
2023-11-20,106833851.76043762,62459276.41864075,4,21818500.227032464
2023-11-21,107748524.97821106,62459276.41864075,4,21906728.517875616
2023-11-23,107901612.83831848,62459276.41864075,4,22047892.433514696
2023-11-26,107683271.75247253,72633817.6753241,3,21968486.746804196
2023-11-27,108131505.00442566,72633817.6753241,3,21919962.424074594
2023-11-28,108068098.54622254,85220206.1878241,2,21787623.36208478
2023-11-29,107905860.11848816,85220206.1878241,2,21897905.91374296
2023-11-30,107419977.16243348,95737678.1878241,1,21968486.746804196
2023-12-03,107467561.5628241,107467561.5628241,0,21765564.602236535
2023-12-04,107446153.7906073,86038381.57381043,2,21584698.968000513
2023-12-05,107773746.24759582,175615.77274230868,10,22021422.371600125
2023-12-06,107199027.16800597,175615.77274230868,10,21743508.0919049
2023-12-07,106499471.7694464,175615.77274230868,10,21390601.677082114
2023-12-10,107358752.63013977,20759181.81104798,8,21734685.48777225
2023-12-11,106854947.46481995,11942628.556128547,9,21694983.7691753
2023-12-12,106789943.44534974,5834968.7627325505,10,21708217.675374284
2023-12-13,104391294.16005921,48031089.66787171,6,21403835.5832811
2023-12-14,104713346.3201178,48140779.41337953,6,21514118.134939276
2023-12-17,104176699.07112488,58464360.86922059,5,21350899.95848517
2023-12-18,104513774.1944159,67244614.79500183,4,21518529.437005606
2023-12-19,104406962.2704474,4949064.687439587,10,21681747.613459714
2023-12-20,103700838.23211733,4607096.642761853,10,21456771.208077025
2023-12-21,103901625.14007631,4607096.642761853,10,21540585.94733724
2023-12-24,104087535.67453675,170083.4650640972,10,21549408.551469896
2023-12-25,103832597.38745789,174665.3806219604,10,21553822.10305283
2023-12-26,104724545.39160828,174665.3806219604,10,21800855.018767152
2023-12-27,104793752.46558289,174665.3806219604,10,21787623.36208478
2023-12-28,105086874.24292664,174665.3806219604,10,21831736.38274805
2024-01-03,106695939.47119813,174665.3806219604,10,21942018.934406232
2024-01-04,107664976.1220038,68252.4647772368,10,22074360.24591266
2024-01-08,108138302.42205262,68252.4647772368,10,22250812.328565743
2024-01-09,108627500.34685731,68252.4647772368,10,22550785.36810921
2024-01-10,109130256.51140809,68252.4647772368,10,22903691.782931995
2024-01-11,108514950.67924257,10476337.025678115,9,23013974.334590178
2024-01-14,108973591.34099182,54365362.92302308,5,23124259.135764964
2024-01-15,109169055.34922548,54266747.01792665,5,23128670.43783129
2024-01-16,108669843.05005555,75821678.66406922,3,23013974.334590178
2024-01-17,109031324.69068055,75821678.66406922,3,22987506.522192214
2024-01-18,108716002.27857117,75821678.66406922,3,23155138.25022925
2024-01-21,109007835.9701941,63183.568460702896,10,23499222.060919385
2024-01-22,108837966.40414186,209356.40353150666,10,23463933.893905375
2024-01-23,109540486.92131715,37983.381278088316,10,23327181.28033262
2024-01-24,109762651.60505739,2226.0526892207563,10,23353649.092730585
2024-01-25,108926236.27589479,11389179.934342053,9,23044855.698571075
2024-01-28,110329191.47438112,356421.8698889278,10,23322767.72874969
2024-01-29,109872350.25428835,356421.8698889278,10,23322767.72874969
2024-01-30,111283224.90638795,356421.8698889278,10,23556568.987781636
2024-01-31,109902054.47181459,21055748.05396791,8,23375705.603062224
2024-02-01,109696413.03673159,42988750.44212709,6,23446288.685640067
2024-02-04,110000732.81654117,10183267.917859523,9,23631561.122909203
2024-02-05,109812707.17124087,21152137.496558256,8,23437463.831990805
2024-02-06,110407439.7140906,43030141.032449976,6,23538926.029032934
2024-02-07,110695852.79646364,31914266.675858177,7,23658031.18482377
2024-02-08,109596266.44131228,41995736.56460329,6,23609506.86209417
2024-02-12,110026537.62002322,31088153.59902712,7,24134456.307020325
2024-02-13,108785760.01238924,20738037.858153403,8,23847719.42319245
2024-02-14,108436597.847576,32734415.353984695,7,23962413.27691696
2024-02-15,109936028.63187167,5162.394994221628,10,24262384.066943813
2024-02-18,111561982.71207187,5162.394994221628,10,24381491.472251255
2024-02-19,111807175.4107413,5162.394994221628,10,24372668.868118603
2024-02-20,111577664.54739901,10734696.778539144,9,24249152.410261437
2024-02-21,112087956.50712802,113716.87394930422,10,24580002.314752586
2024-02-25,112041717.19438387,113716.87394930422,10,24690284.86641077
2024-02-26,112700319.50155702,21915423.877777733,8,24721163.98087506
2024-02-27,113822061.67111269,32473257.209442772,7,24694696.168477096
2024-02-28,114326358.45829837,9671056.477707544,9,24747631.79327302
2024-02-29,115220861.64427859,2086.1987219508737,10,25007903.114219543
2024-03-03,114599573.22930056,459367.91008669883,10,25007903.114219543
2024-03-04,115099577.22145145,10192492.660294222,9,25131419.572076704
2024-03-05,115981886.62468326,18153.403247717768,10,25219647.86291986
2024-03-06,116366705.47844303,18153.403247717768,10,25100540.457612418
2024-03-07,118042401.39694889,23310.997778968886,10,25153478.33192495
2024-03-10,116345809.88366765,1565069.3563238904,10,24628526.63748219
2024-03-11,116703198.13577946,10484475.790808756,9,24522655.387890335
2024-03-12,115759589.2823798,19784.87564152293,10,24456483.60737882
2024-03-13,117812197.80675724,278604.77392033115,10,24602058.825084224
2024-03-14,118564664.63109806,278604.77392033115,10,24668230.60559574
2024-03-17,119494139.3320258,278604.77392033115,10,25140242.17620936
2024-03-18,121251523.78139104,12776268.037982833,9,25409333.85177193
2024-03-20,121965315.32954778,12091220.606037032,9,25828412.04710623
2024-03-21,123087170.67307805,286849.8051581271,10,25996043.775143266
2024-03-24,122134270.66087101,286849.8051581271,10,25651957.714936532
2024-03-25,122257868.71050785,23680236.27032231,8,25709304.641798787
2024-03-26,123060858.1262183,36289795.05859135,7,25841645.953305207
2024-03-27,121858091.7206641,49266739.59664066,6,25660780.319069184
2024-03-28,122300247.86222905,792713.8412329517,10,25793121.630575612
2024-03-31,122823805.95147465,787948.9080176204,10,25343164.32077702
2024-04-01,122973694.79229496,260044.3406348098,10,25268172.185649455
2024-04-02,123305828.90127935,36470.142734419554,10,25210825.258787204
2024-04-03,123447139.28633794,33197.57491215691,10,25466680.778634183
2024-04-04,122993173.14706792,11840889.950046435,9,25179943.894806307
2024-04-07,123934969.23212652,8531.616159718484,10,25418156.45590458
2024-04-08,124500544.36030035,8531.616159718484,10,25651957.714936532
2024-04-09,125813056.0973609,8531.616159718484,10,25554909.06947733
2024-04-10,127080488.61689214,8531.616159718484,10,25599022.090140603
2024-04-11,127731275.64289922,59213.09407109581,10,25726949.850064095
2024-04-14,130512079.98291387,5499816.70166387,10,25625489.902538568
2024-04-15,127949727.89609747,17788625.845316216,9,25109363.06174507
2024-04-16,127074658.88484257,55257738.35261602,6,24804978.72013528
2024-04-17,127778794.55022344,68550477.64348516,5,24950553.93784068
2024-04-18,126828693.57192753,74540702.6600623,4,24478540.117710456
2024-04-21,128410724.69496831,172855.63368901424,10,24827037.47998352
2024-04-22,128079362.85219488,2535813.718894094,10,24738809.18914037
2024-04-23,128593538.5663062,2535813.718894094,10,25228470.467052512
2024-04-24,127314410.5938941,2535813.718894094,10,24835860.084116176
2024-04-25,128960253.48873052,15243388.284873098,9,24994669.208020564
2024-04-29,130358241.50717534,2226489.99350347,10,25524027.705496434
2024-04-30,129906933.53598393,2226489.99350347,10,25422567.75797091
2024-05-01,129420945.99936284,2226489.99350347,10,25444626.517819155
2024-05-06,129217872.55726689,50949518.44349737,6,25594610.788074277
2024-05-07,128754575.46631841,63548580.904550835,5,25250526.977384146
2024-05-08,128438101.23705816,50499769.82226324,6,25285817.393914763
2024-05-09,127624167.16849127,47165.508335022256,10,25418156.45590458
2024-05-12,127959002.61194831,14239.257456116378,10,25396102.195089553
2024-05-13,129347484.31500617,46336.9273108542,10,25431390.362103567
2024-05-14,128765492.6741004,23128337.083280094,8,25475503.38276684
2024-05-15,127993463.7761756,111486.5544959195,10,25510796.04881406
2024-05-16,128186029.83735725,12761723.654495921,9,25607844.69427326
2024-05-19,128969171.11310188,947232.3496741448,10,25832821.09965595
2024-05-20,129337911.62488167,1361863.1141394768,10,25735772.45419675
2024-05-21,129135412.21692269,1361863.1141394768,10,25524027.705496434
2024-05-22,128363620.97392952,14555631.136283033,9,25700482.03766613
2024-05-23,128486864.14242317,63353739.954190746,5,25554909.06947733
2024-05-26,129249056.32634652,117516.45207893848,10,25806355.53677459
2024-05-27,127664730.54739144,977006.8718543295,10,25819589.442973573
2024-05-28,126417307.57297738,634941.7953894865,10,25568142.975676317
2024-05-29,126863040.80251229,50609884.31447518,6,25413747.40335486
2024-05-30,128335809.42760995,63511.58215096779,10,26026920.64009095
2024-06-02,129280700.0342994,63511.58215096779,10,26101915.02473512
2024-06-03,129038993.08849862,63511.58215096779,10,26004866.37927592
2024-06-04,128106834.81628183,25807537.440793548,8,25625489.902538568
2024-06-05,127630899.72043222,62864572.36447519,5,25709304.641798787
2024-06-06,127989137.00375742,75883995.35336679,4,25696072.98511641
2024-06-09,128585306.39963144,12300308.07199473,9,25960751.109096047
2024-06-10,128802814.53415293,90519.90524668247,10,25907817.733816724
2024-06-11,127640648.53073496,90519.90524668247,10,25687250.38098376
2024-06-12,127028755.00512461,49512662.28051524,6,25453449.121951807
2024-06-13,127508434.2248756,24286468.929465443,8,25612255.99633959
2024-06-16,125491987.68552014,23301950.33200451,8,25171123.540190257
2024-06-17,125568245.69023205,10803853.71025158,9,25329930.414578035
2024-06-18,125598559.31374279,12230382.104270136,9,25466680.778634183
2024-06-19,125431423.40059583,178442.28487317264,10,25431390.362103567
2024-06-20,125264843.01729505,178442.28487317264,10,25404924.799222205
2024-06-23,125616417.39473645,178442.28487317264,10,25554909.06947733
2024-06-24,126936851.41573255,178442.28487317264,10,26004866.37927592
2024-06-25,127188356.55337903,7201.8170509096235,10,26115148.930934105
2024-06-26,127829338.21841809,7201.8170509096235,10,26031334.191673886
2024-06-27,127668661.32632825,7201.8170509096235,10,26190143.315578274
2024-06-30,128128028.36551282,85401.8152198568,10,26340127.5858334
2024-07-01,128697661.2878761,85401.8152198568,10,26635689.32331054
2024-07-02,129227201.66604994,355731.85403822176,10,26882722.239024863
2024-07-03,129943569.42728041,355731.85403822176,10,27076821.779459864
2024-07-04,129574335.65271986,814105.1717628315,10,26865077.030759554
2024-07-07,128527899.38121107,51576150.73619154,6,26776850.98943301
2024-07-08,129410231.59955825,12873916.93891372,9,26512168.366420157
2024-07-09,129156270.28084487,12353935.7593605,9,27203964.45808751
2024-07-10,130197677.00718154,26814.086038967595,10,27383885.295348596
2024-07-11,130365208.36499405,50434.09131240472,10,27051033.321077216
2024-07-15,129592082.66201553,451060.48794326745,10,27096012.405634183
2024-07-16,132003683.74844131,451060.48794326745,10,27212960.274998907
2024-07-17,130988776.45426407,13751679.914957426,9,26763160.431362808
2024-07-18,130775586.51894912,11463986.885160064,9,26556252.143367544
2024-07-21,130954897.14056167,36552013.119565584,7,26389823.906715244
2024-07-22,131813912.12477797,23440746.719504543,8,26475287.54164839
2024-07-23,129830440.74145278,36196974.57323989,7,26061470.965657867
2024-07-24,127573133.03055191,75540644.21829605,4,25346286.649827532
2024-07-25,127607905.54536514,101112615.70161514,2,25458737.735494867
2024-07-28,127927379.34379654,12040876.200485993,9,25755606.44212067
2024-07-29,127996298.46583024,96093.94922866859,10,25701629.2911357
2024-07-30,129673725.71192399,96093.94922866859,10,26092957.449606046
2024-07-31,125955791.39014664,25994737.740244295,8,25242831.3810716
2024-08-01,122623146.18416825,109453468.7061409,1,23700013.913260218
2024-08-04,121791935.99106522,121791935.99106522,0,21136149.855597902
2024-08-05,121779996.79167557,109840797.40202713,1,22413585.100731667
2024-08-06,121825541.78679276,109840797.40202713,1,23245715.036410112
2024-08-07,122691845.48504716,79179.62811357155,10,22975836.030035097
2024-08-08,121780850.80120927,79179.62811357155,10,23218727.585675932
2024-08-12,123005831.9430916,102115.39035722427,10,23812464.99892754
2024-08-13,123262696.35349199,102115.39035722427,10,24082346.254819166
2024-08-14,125120013.99265215,102115.39035722427,10,24266763.875777647
2024-08-15,126468693.14419024,12750860.307276169,9,25035923.093076337
2024-08-18,125557345.72597735,12750860.307276169,9,24667087.851159386
2024-08-19,127578537.49685137,103892.11110917665,10,24923474.256925613
2024-08-20,127559253.19668046,26106322.758448042,8,24869497.105940644
2024-08-21,129112685.69044878,13199702.096698776,9,24963956.557785187
2024-08-22,129978580.64273149,226249.55142289773,10,25089900.244061302
2024-08-25,130955612.21621782,226249.55142289773,10,24833513.838295072
2024-08-26,131706221.02969438,226249.55142289773,10,25008935.642342158
2024-08-27,131310087.4906441,24201.553144089878,10,25134879.328618273
2024-08-28,131169704.24433061,41163374.44696733,7,25148374.178743668
2024-08-29,131052889.98759234,78616849.20390093,4,25287812.715145174
2024-09-01,131181593.77177203,78616849.20390093,4,25341787.616613533
2024-09-02,131617925.05839312,78616849.20390093,4,25494721.00314044
2024-09-03,130091695.9286812,116170009.25875932,1,24559135.798706055
2024-09-04,130255564.996064,116170009.25875932,1,24491663.797595695
2024-09-05,130265203.16745073,116170009.25875932,1,24244273.208740856
2024-09-08,130373647.71090776,116170009.25875932,1,24122828.55567874
2024-09-09,130527877.05661088,116170009.25875932,1,24050859.770870984
2024-09-10,130039253.91417924,130039253.91417924,0,23641539.978577852
2024-09-11,130039253.91417924,130039253.91417924,0,24208289.94109528
2024-09-12,130013357.59073563,104117034.14713211,2,23974394.20236584
2024-09-16,130586229.87467118,104117034.14713211,2,23911421.234469477
2024-09-17,130356702.11173172,91139569.64713211,3,23920417.051380873
2024-09-18,131394389.86559525,78037323.95373002,4,24433189.862913333
2024-09-19,131838220.6026375,51774918.087989055,6,24658092.03424799
2024-09-23,132756808.64585039,51774918.087989055,6,24797530.570649497
2024-09-24,132588212.93662187,51774918.087989055,6,24752549.236575928
2024-09-25,134441776.79770586,51774918.087989055,6,25359781.499952927
2024-09-26,136454582.40683672,51774918.087989055,6,25742111.591995273
2024-09-29,133044419.31789628,77254597.79079667,4,24891987.772977434
2024-09-30,134845727.59892654,90467398.5950203,3,25368777.316864323
2024-10-01,133817571.69682693,90467398.5950203,3,24950461.707659796
2024-10-02,134014395.16484451,90467398.5950203,3,25265322.048108384
2024-10-03,134679578.2825203,90467398.5950203,3,25382269.917473108
2024-10-06,135832145.2660652,106827715.11469802,2,25872554.31148539
2024-10-07,134876765.05366287,106827715.11469802,2,25485725.186229043
2024-10-08,134812458.39472732,106827715.11469802,2,25499220.03635444
2024-10-09,134876271.84077224,106827715.11469802,2,25593677.238682374
2024-10-10,135047650.95480424,120627201.11349563,1,25508215.853265833
2024-10-14,135082135.21942824,107140747.88422318,2,25638656.323239338
2024-10-15,134928664.36981887,107140747.88422318,2,25409259.617723897
2024-10-16,135054537.90807572,93669071.33092728,3,25328295.01600475
2024-10-17,134661250.11140823,80298874.85506059,4,25346286.649827532
2024-10-20,134005829.49476396,107576445.65687333,2,25278816.898233783
2024-10-21,133801129.36069413,120597670.22373123,1,25004438.85864476
2024-10-22,134005061.49570389,107228674.9356453,2,24878492.922852043
2024-10-23,134103134.98203202,107228674.9356453,2,24865000.322243255
2024-10-24,133852359.01767655,107228674.9356453,2,24694075.301893562
2024-10-27,134082280.05039139,107228674.9356453,2,25071908.61023852
2024-10-28,134116731.33212967,107228674.9356453,2,25278816.898233783
2024-10-29,133948593.47677079,120629617.40255204,1,25535203.304000013
2024-10-30,134069055.92794266,120629617.40255204,1,25350785.683041535
2024-10-31,134168569.64864579,120629617.40255204,1,24945962.674445793
2024-11-04,134283794.2580208,120629617.40255204,1,24972952.374696583
2024-11-05,134179042.69552079,120629617.40255204,1,25616167.905719157
2024-11-06,134383306.66036454,120629617.40255204,1,25827572.977411814
2024-11-07,134336168.7209114,120629617.40255204,1,25782593.892854847
2024-11-10,134409494.55098954,120629617.40255204,1,25836568.79432321
2024-11-11,134718506.12325516,120629617.40255204,1,25809581.34358903
2024-11-12,134655657.29513016,120629617.40255204,1,25530704.270786013
2024-11-13,134582331.46505204,120629617.40255204,1,25481226.153015044
2024-11-14,134650419.4533333,120629617.40255204,1,25566689.78794819
2024-11-17,134739456.1720833,120629617.40255204,1,25395764.767598502
2024-11-18,135087358.10511553,107129391.82093583,2,25566689.78794819
2024-11-19,135047408.95960772,107129391.82093583,2,25467733.55240626
2024-11-20,134983535.10706866,107129391.82093583,2,25287812.715145174
2024-11-21,135262456.8844124,107129391.82093583,2,25409259.617723897
2024-11-24,135119135.83949053,107129391.82093583,2,25575685.604859583
2024-11-25,135185162.81590652,120404922.48387529,1,25395764.767598502
2024-11-26,135080412.5717659,120404922.48387529,1,25166365.81256645
2024-11-27,134941751.51470414,94672579.65801468,3,25359781.499952927
2024-11-28,134848414.79678422,81239079.84195024,4,25229338.780462813
2024-12-01,134910796.6194649,928416.2300606016,10,25593677.238682374
2024-12-02,136603507.20879596,646968.024225641,10,25899541.76221957
2024-12-03,134580451.94146198,646968.024225641,10,25796088.74298024
2024-12-04,134455896.4390816,92480.56994097494,10,25814080.37680303
2024-12-05,133627833.82728961,125524.25697710924,10,25710625.108047094
2024-12-08,134656078.7920113,12998986.140644098,9,25791589.70976624
2024-12-09,136097126.35998005,13090232.390253473,9,25827572.977411814
2024-12-10,136368843.41708452,226563.91268999688,10,25949019.879990537
2024-12-11,137367926.3028267,226563.91268999688,10,26142435.567377012
2024-12-12,136809059.71957475,226563.91268999688,10,25913036.612344965
2024-12-15,136772462.49769977,13505500.882709527,9,25805084.559891637
2024-12-16,135768962.10501176,81234200.33743364,4,25679138.624098916
2024-12-17,136447323.70220414,94780442.26909867,3,25661146.990276128
2024-12-18,135037092.93668902,108892735.66129838,2,25589178.20546837
2024-12-19,134654458.51870197,55532158.84218829,6,25463234.519192256
2024-12-22,135559028.24481282,14976592.069275698,9,25724119.95817249
2024-12-23,135491718.83199543,1507202.3219856601,10,25742111.591995273
2024-12-24,135891708.2234261,219492.78153156303,10,25742111.591995273
2024-12-25,136538697.50565267,13722327.748572579,9,26101953.266517438
2024-12-26,138598787.02528158,88107.14857258089,10,26475287.54164839
2024-12-29,138774720.4664437,88107.14857258089,10,26259383.436741736
2025-01-05,138226392.21326986,88107.14857258089,10,25998497.997761507
2025-01-06,139732296.55140463,118614.37977375463,10,26335849.005246885
2025-01-07,138527860.39285666,81802384.07754903,4,26155928.1679858
2025-01-08,137287275.84413838,68085947.20033956,5,25832072.010625817
2025-01-09,136274051.9924538,81326583.07765889,4,25616167.905719157
2025-01-13,135829623.5726296,95581663.7276589,3,25332791.79970214
2025-01-14,135756389.69375998,108567082.75406271,2,25422752.21833268
2025-01-15,135711176.01980978,121865415.64078146,1,25391265.7343845
2025-01-16,135730659.18936545,121865415.64078146,1,25274317.865019783
2025-01-19,135620852.97950217,54203974.601206265,6,25589178.20546837
2025-01-20,135392701.155082,105228.28215719573,10,25611668.87250516
2025-01-21,135947601.09404683,105228.28215719573,10,25854562.677662604
2025-01-22,136089772.35121846,133823.5749733597,10,25985003.14763611
2025-01-23,136253865.10329366,133823.5749733597,10,25958015.69690193
2025-01-26,137739912.17360616,133823.5749733597,10,26038980.29862108
2025-01-27,137417637.41163108,26671477.508676976,8,26016489.631584294
2025-01-28,137946590.96692893,26671477.508676976,8,26218901.13588216
2025-01-29,138126225.2875588,54069341.574790254,6,26268379.253653128
2025-01-30,137677969.86764914,40326874.44528586,7,26313358.3382101
2025-02-02,136337170.00917745,80846530.36684348,4,25670142.80718752
2025-02-03,136149159.83785176,107532412.19380881,2,25845566.86075121
2025-02-04,136425924.5498513,93983943.93156517,3,25917533.396042354
2025-02-05,137950178.70253685,53240078.39125755,6,26002997.030975506
2025-02-06,138687063.3705056,53240078.39125755,6,25845566.86075121
2025-02-09,138966029.87109154,25469042.59386985,8,25818577.160500422
2025-02-11,139469352.7491555,93618.92652366497,10,25814080.37680303
2025-02-12,139551787.1988015,12258.17048118636,10,26119944.90034023
2025-02-13,139726820.88410422,12258.17048118636,10,26047976.115532473
2025-02-16,140513700.50172812,28496818.51320274,8,26128940.71725162
2025-02-17,140026502.1561898,13904296.547058946,9,26196410.46884538
2025-02-18,139831523.43284386,43450874.159162216,7,26128940.71725162
2025-02-19,138154456.26304406,81319681.92222373,4,25809581.34358903
2025-02-20,138314603.728254,80596733.76365438,4,25841067.827537213
2025-02-24,138332820.03843465,95992167.27964559,3,25737612.558781274
2025-02-25,138692126.02056354,68320926.95440145,5,25679138.624098916
2025-02-26,138288015.8117318,13920786.14864585,9,25859059.461359996
2025-02-27,137568661.92989585,13920786.14864585,9,25310303.38218196
2025-03-02,139273626.2362069,12995.437867041677,10,25787090.676552244
2025-03-03,138315348.7765145,119030.03872153535,10,25598176.271896373
2025-03-04,138789962.85122153,119030.03872153535,10,25665646.023490123
2025-03-05,140383437.37567833,65387.40619591437,10,25985003.14763611
2025-03-06,139755154.85214317,178990.27084435336,10,25589178.20546837
2025-03-09,139317799.56649864,178990.27084435336,10,25526207.487088617
2025-03-10,138488990.0608468,53814.63360070251,10,25251829.4474996
2025-03-11,140021856.5169015,1278937.3335518762,10,25467733.55240626
2025-03-12,140223802.98296595,1278937.3335518762,10,25530704.270786013
2025-03-13,140903061.2124459,575884.6499459222,10,25692633.474224307
2025-03-16,142307478.0093209,575884.6499459222,10,25958015.69690193
2025-03-17,144238669.82450646,575884.6499459222,10,26308861.554512702
2025-03-18,144427692.66823205,72223.77174768038,10,26407817.79005464
2025-03-20,145473353.00758752,72223.77174768038,10,26479784.325345784
2025-03-23,144767759.5566598,72223.77174768038,10,26389823.906715244
2025-03-24,144378044.33989343,14685266.391895387,9,26439302.024486214
2025-03-25,144322706.32360926,43501060.35192957,7,26592235.411013115
2025-03-26,144622241.1469735,73614871.10913171,5,26551753.11015354
2025-03-27,143907492.9033273,114829207.7959054,2,26326853.188335493
2025-03-30,143184200.71355677,143184200.71355677,0,25404760.584509898
2025-03-31,143184200.71355677,143184200.71355677,0,25386768.95068711
2025-04-01,143184200.71355677,143184200.71355677,0,25332791.79970214
2025-04-02,143184200.71355677,143184200.71355677,0,24559135.798706055
2025-04-03,143184200.71355677,143184200.71355677,0,23686521.312651426
2025-04-06,143184200.71355677,143184200.71355677,0,21882818.405859813
2025-04-07,143184200.71355677,143184200.71355677,0,23200735.951853145
2025-04-08,143184200.71355677,143184200.71355677,0,22418081.88442906
2025-04-09,143098745.99610072,57644028.54004602,6,24302749.392939825
2025-04-10,142308813.47891322,865165.1878975853,10,23542583.74303592
2025-04-13,142577570.76040736,865165.1878975853,10,23749492.031031184
2025-04-14,144058288.0821847,865165.1878975853,10,23996882.61988602
2025-04-15,143641763.36904994,865165.1878975853,10,23816964.032141544
2025-04-16,147036404.34805384,865165.1878975853,10,24158811.823324315
2025-04-17,148545086.96524134,865165.1878975853,10,24419697.26230455
2025-04-20,148028562.10829553,14489848.167865848,9,24136321.15628753
2025-04-21,149461143.2641061,28767880.257514283,8,24190298.307272498
2025-04-22,150113683.01581508,43636359.199897096,7,24644597.184122596
2025-04-23,149532870.88056117,42987321.86933069,7,24721062.752627745
2025-04-24,150524125.79127893,57221269.645038694,6,25098896.060972698
2025-04-27,151169651.41383752,57221269.645038694,6,25314800.165879358
2025-04-29,151633791.2087594,57221269.645038694,6,25499220.03635444
2025-04-30,151413740.1728402,87088666.81468591,4,25593677.238682374
2025-05-01,151812092.72050866,102091462.66069421,3,25652151.173364732
2025-05-06,151545645.34727868,118760096.12852868,2,25764602.259032063
2025-05-07,151634861.23106775,134478673.34044275,1,25773598.075943455
2025-05-08,151935037.01231775,134478673.34044275,1,26101953.266517438
2025-05-11,151915257.21930015,119302078.26422204,2,26214402.102668162
2025-05-12,152263041.7713021,119302078.26422204,2,26493279.175471183
2025-05-13,151926598.3692025,119302078.26422204,2,26376331.30610646
2025-05-14,151489234.9353646,119302078.26422204,2,26137936.534163013
2025-05-15,150366649.3577157,150366649.3577157,0,26178418.835022587
2025-05-18,150366649.3577157,150366649.3577157,0,26164923.984897196
2025-05-19,150366649.3577157,150366649.3577157,0,26124441.684037622
2025-05-20,150366649.3577157,150366649.3577157,0,26101953.266517438
2025-05-21,150366649.3577157,150366649.3577157,0,25931028.246167753
2025-05-22,150366649.3577157,150366649.3577157,0,26142435.567377012
2025-05-25,150366649.3577157,150366649.3577157,0,26286370.88747592
2025-05-26,150366649.3577157,150366649.3577157,0,26488780.142257184
2025-05-27,150366649.3577157,150366649.3577157,0,26493279.175471183
2025-05-28,150351645.83819667,135348126.3191537,1,26848621.81677935
2025-05-29,149867964.62293786,120511849.1261117,2,26740669.764326017
2025-06-01,149778969.18679285,90616436.34987879,4,26520266.62620536
2025-06-02,150052358.6643319,90616436.34987879,4,26475287.54164839
2025-06-03,149855826.53795254,104912206.75035487,3,26592235.411013115
2025-06-04,149534132.7269174,104912206.75035487,3,26313358.3382101
2025-06-05,149680371.83409512,75084367.3419076,5,26466291.724737
2025-06-08,150101137.21717617,60837438.55994961,6,26601231.227924507
2025-06-09,150977306.55042812,804513.7037484404,10,26578740.560887724
2025-06-10,154480061.55531093,804513.7037484404,10,26637214.495570082
2025-06-11,153566206.94105312,804513.7037484404,10,26578740.560887724
2025-06-12,153780577.4000375,804513.7037484404,10,26308861.554512702
2025-06-15,155049119.97944424,469074.3617684599,10,26538258.26002815
2025-06-16,157313896.74808437,13796.18656094186,10,26578740.560887724
2025-06-17,158776479.6094125,13796.18656094186,10,26839625.999867957
2025-06-18,158419256.72525722,16086375.36539395,9,26659705.16260687
2025-06-19,157557989.5118051,15530935.398035556,9,26484283.358559787
2025-06-22,157544048.74506924,93874225.24653408,4,26371832.27289246
2025-06-23,158241266.66264737,78168053.90629971,5,26551753.11015354
2025-06-24,158769525.11502165,14227154.80862516,9,26569744.74397633
2025-06-25,161289177.2973947,131625.36258023977,10,26794646.915310986
2025-06-26,163107001.27810758,131625.36258023977,10,27176977.007353332
2025-06-29,162279978.36550993,131625.36258023977,10,27257941.60907248
2025-06-30,162292726.5466928,16628.18853849545,10,27069024.954900004
2025-07-01,161068943.12022793,34291197.435413495,8,26988060.353180856
2025-07-02,162579767.4128915,18037759.97880949,9,27024043.62082643
2025-07-03,162668616.71574798,1861338.364917891,10,27060029.137988612
2025-07-06,160786603.92504972,33598695.38623137,8,26853120.849993348
2025-07-07,161410211.4781015,32635477.65852141,8,26947578.05232128
2025-07-08,163529026.92654508,14663.559845875949,10,26425809.423877425
2025-07-09,164486229.65497527,390326.609320974,10,26858868.364924233
2025-07-10,166048068.05829558,390326.609320974,10,27020113.715314
2025-07-13,166844564.77460417,390326.609320974,10,27024720.725325134
2025-07-14,166591797.0866159,390326.609320974,10,27033934.74534741
2025-07-15,166050131.56288543,16794702.522358082,9,26974043.615202636
2025-07-16,166649533.48724455,34581165.87249847,8,27181359.06570377
2025-07-17,166485959.06097502,34581165.87249847,8,27126074.945570134
2025-07-21,165702636.41419768,34628882.727674246,8,27121467.935558997
2025-07-22,167979847.15550628,1273257.2995492462,10,28010620.86770829
2025-07-23,170804085.92503753,1273257.2995492462,10,28498963.92888873
2025-07-24,170304703.295643,1273257.2995492462,10,28213329.308198284
2025-07-27,167286217.51429534,31791209.872693777,8,28038262.927775107
2025-07-28,166552479.36217132,99158826.35924163,4,27817126.44724057
2025-07-29,166477036.20006195,132457255.34068695,2,27946122.727552384
2025-07-30,166663292.15318695,115963137.07506195,3,28158045.18806465
2025-07-31,166483973.25941253,67847786.61390473,6,28231757.348242827
2025-08-03,165616767.91224456,52024861.9063852,7,27900052.62744102
2025-08-04,165927057.46311128,19029813.407935493,9,28111975.087953288
2025-08-05,166232233.7570566,18028692.948951118,9,28425251.768710554
2025-08-06,167610186.13527924,1868968.1177011188,10,28600318.14913373
2025-08-07,170043119.86330658,1868968.1177011188,10,28932022.86993554
2025-08-11,171743586.72434175,124775.5427011177,10,29337439.750915527
2025-08-12,171045901.65988863,1473210.375708932,10,29586218.29151688
2025-08-13,168937051.65988863,1473210.375708932,10,29272941.610759616
2025-08-14,168903500.90745944,33030476.07835786,8,29752070.65191779
2025-08-17,170834796.44784027,32559039.404383253,8,29853424.87216278
2025-08-18,171441011.95526215,132643.5470590368,10,29825782.812095966
2025-08-19,170624330.57323092,14806307.086902786,9,29669144.471717335
2025-08-20,170936995.35594577,14806307.086902786,9,29512506.131338704
2025-08-21,170434180.61309907,50242487.4612436,7,29669144.471717335
2025-08-24,170421072.94996428,50128527.698499456,7,29696786.53178415
2025-08-25,169776888.33389986,15254283.670813922,9,29401937.89107143
2025-08-26,169645854.5740488,50469309.35920504,7,29374295.831004616
2025-08-27,170521342.5669199,194117.17629489675,10,29577004.271494612
2025-08-28,169748712.19582614,194117.17629489675,10,29448007.991182793
2025-08-31,169031197.25793552,48938021.15930271,7,29309797.69084871
2025-09-01,170164812.2958872,15161457.376453597,9,29521720.151360974
2025-09-02,169433696.49325046,14953763.729578596,9,29190015.430559166
2025-09-03,170369593.49603367,20516.152283674106,10,29475650.051249612
2025-09-04,170767048.9312998,17252544.042383775,9,29761284.67194006
2025-09-07,171741862.33169043,363672.0423837751,10,30056133.312652778
2025-09-08,171823513.86367285,363672.0423837751,10,29899494.972274147
2025-09-09,172635778.11611426,35258175.94326268,8,30046919.2926305
2025-09-10,172345072.4679331,850594.7396616116,10,30129845.472830955
2025-09-11,172553145.63553563,18295804.30863134,9,30258841.753142774
2025-09-15,173499940.00879002,17991859.857422844,9,30350981.953365497
2025-09-16,171932270.40535986,15626567.249842279,9,30111417.432786413
2025-09-17,170872104.5615366,48908022.08472997,7,30277269.793187317
2025-09-18,171100900.31558934,65996816.18472997,6,30092989.392741866
2025-09-21,171826558.82269382,65775112.61908056,6,30277269.793187317
2025-09-23,172206504.3894663,48659189.69830419,7,30341767.93334322
2025-09-24,172942068.15759376,51262.347046876326,10,30516834.313766398
2025-09-25,175146830.89868262,51262.347046876326,10,30461550.193632767
2025-09-28,173790256.4128672,17866828.947046876,9,30268055.773165043
2025-09-29,174968019.16242772,35201628.96772559,8,30249627.733120497
2025-09-30,173251772.44349465,69620342.16700539,6,29899494.972274147
2025-10-01,172766647.4670054,86946047.4670054,5,29816568.792073693
2025-10-02,172946818.5670054,52432668.567005396,7,30221985.673053678
2025-10-05,175698901.4711558,95905.62154641375,10,31189457.77539229
2025-10-06,176758202.29779765,17040.218940217048,10,31171029.735347748
2025-10-07,175261499.67328593,17040.218940217048,10,31272383.955592744
2025-10-08,176017481.6025828,16785854.61894022,9,31465878.376060467
2025-10-09,172832231.44086403,87796672.71894021,5,30866967.07461275
2025-10-13,170675751.87696633,152923251.87696633,1,30286483.81320959
2025-10-14,170759148.12696633,170759148.12696633,0,30793254.914434575
2025-10-15,170759148.12696633,170759148.12696633,0,30913037.174724117
2025-10-16,170742118.68643898,153712678.15909523,1,30627402.55403367
2025-10-19,170879341.6034983,85667618.13548073,5,31327668.07572638
2025-10-20,170779781.2972117,625626.2984323986,10,31401380.235904556
2025-10-21,172075596.00668436,625626.2984323986,10,31521162.4961941
2025-10-22,173749135.79550272,625626.2984323986,10,31392166.215882286
2025-10-23,172953592.7046824,625626.2984323986,10,31392166.215882286
2025-10-26,174710508.31747538,625626.2984323986,10,32110859.777619537
2025-10-27,172684382.1791819,17465568.672101833,9,31779155.05681773
2025-10-28,170505073.92078346,118993584.14417213,3,31677800.836572733
2025-10-29,170496013.6973948,118993584.14417213,3,31862081.23701818
2025-10-30,169772714.02078345,151970474.24417213,1,32175357.91777544
2025-11-03,170040883.07078347,118155743.29417214,3,32000291.537352264
2025-11-04,169929302.8473948,101218823.29417214,4,31567232.596305463
2025-11-05,171443013.1973948,84262233.64417213,5,31991077.517329995
2025-11-06,171930431.5492991,33148853.06419167,8,31834439.176951364
2025-11-09,172967515.07512918,86623.8641916737,10,32055575.657485902
2025-11-10,172164244.68528542,16816926.814191673,9,32074003.69753045
2025-11-11,173559314.41419166,16339601.91419167,9,32451778.518443618
2025-11-12,175655036.2824534,50980470.21800026,7,32700557.059044972
2025-11-13,178562677.6369944,50044727.6369944,7,32451778.518443618
2025-11-16,176449169.7869944,65786819.7869944,6,32313568.21810953
2025-11-17,173390290.35015967,101640590.35015967,4,31429022.295971375
2025-11-18,174139297.50015968,118916147.50015968,3,31373738.175837737
2025-11-19,173804607.64973244,84241657.22248635,5,31871295.257040452
2025-11-20,175279220.10926613,14484429.215711448,9,31852867.21699591
2025-11-24,176985307.53850198,78126.94157815166,10,31797583.096862275
2025-11-25,180473997.5897715,78126.94157815166,10,32433350.47839907
2025-11-26,180154567.40788674,78126.94157815166,10,32534704.69864407
2025-11-27,180744183.74157816,16704683.74157815,9,32636058.918889068
2025-11-30,179708878.97526956,33452219.44157815,8,32258284.097975895
2025-12-01,178695576.47526956,70317816.94157815,6,32258284.097975895
2025-12-02,177966187.19157815,141925887.19157815,2,32212213.997864537
2025-12-03,178718473.89157814,124144823.89157815,3,32857195.399423603
2025-12-04,178417223.89157814,124144823.89157815,3,32451778.518443618
2025-12-07,178766609.33180642,103785099.56007792,4,32709771.079067245
2025-12-08,178617056.00684306,32690065.772468064,8,32691343.039022703
2025-12-09,178846278.51636454,70228.52246806398,10,32728199.11911179
2025-12-10,176964693.49855447,37930443.49855448,8,32479420.578510437
2025-12-11,178856793.49855447,37930443.49855448,8,33105973.940024965
2025-12-14,181309793.49855447,37930443.49855448,8,33225756.200314507
2025-12-15,179466443.49855447,37930443.49855448,8,32599202.83879998
2025-12-16,178228762.89855447,72626312.89855447,6,32589988.818777703
2025-12-17,178597157.28050026,126568157.28050026,3,32442564.49842135
2025-12-18,179109430.28050026,108973580.28050026,4,32737413.139134064
2025-12-21,178685840.88933817,52760099.72722879,7,32912479.51955724
2025-12-22,179112876.52918193,964405.7772287913,10,33059903.8399136
2025-12-23,178041688.42468974,1430668.5272287913,10,32921693.539579514
2025-12-24,178162183.5881663,2402604.8772287928,10,33041475.799869057
2025-12-25,177359868.1772288,35206468.17722879,8,33059903.8399136
2025-12-28,179785040.9772288,144240.97722879425,10,33161258.0601586
2025-12-29,178596390.3772288,17976990.377228793,9,32976977.659713145
2026-01-04,180569625.3772288,44075.37722879276,10,33631173.08129449
2026-01-05,185885175.3772288,44075.37722879276,10,34220870.36271993
2026-01-06,184793375.3772288,44075.37722879276,10,33944449.76205176
2026-01-07,185131425.3772288,44075.37722879276,10,33677243.18140586
2026-01-08,188021175.3772288,44075.37722879276,10,33999733.88218539
2026-01-12,192715778.2772288,151778.277228795,10,34782925.58407855
2026-01-13,196660678.2772288,151778.277228795,10,35234412.5651699
2026-01-14,199882778.2772288,151778.277228795,10,35510833.16583807
2026-01-15,199939528.2772288,151778.277228795,10,35455549.04570444
2026-01-18,199175078.2772288,151778.277228795,10,35381836.88552626
2026-01-19,196959754.9272288,40734504.92722879,8,35050132.164724454
2026-01-20,195340820.4772288,136972620.4772288,3,34727641.46394492
2026-01-21,196054147.4772288,78290997.47722879,6,35022490.104657635
