signal_date,entry_date,exit_date,ticker,entry_price,exit_price,return,stage1_prob,stage2_prob,exit_reason
2016-03-01,2016-03-01,2016-03-08,5929.T,583.0072294921874,569.6655883789062,-0.023861293647725712,0.7577986428691319,0.4666666666666667,trend_exit
2016-03-02,2016-03-02,2016-03-22,7832.T,612.8847944946289,644.6372680664062,0.05075641716541823,0.7695972306053369,0.4666666666666667,trend_exit
2016-03-24,2016-03-24,2016-03-31,4403.T,445.14129083251953,431.76409912109375,-0.031021511809701696,0.7342285254471403,0.4666666666666667,trend_exit
2016-04-11,2016-04-11,2016-04-24,9934.T,608.1239348754882,643.043701171875,0.056364699084295866,0.8240826504042462,0.5333333333333333,trend_exit
2016-04-11,2016-04-11,2016-04-26,4088.T,1204.469501586914,1348.3682861328125,0.1183512044696462,0.79542335969893,0.5333333333333333,trend_exit
2016-04-12,2016-04-12,2016-04-26,8111.T,314.98309494018554,320.2084045410156,0.015572585561204555,0.8609067907333052,0.6302966101694917,trend_exit
2016-04-11,2016-04-11,2016-04-27,9065.T,1887.2427792968747,2030.6866455078125,0.07493110113692736,0.94370162808872,0.6302966101694917,trend_exit
2016-04-11,2016-04-11,2016-04-27,2433.T,995.6803546142576,1027.3516845703125,0.03077692366779372,0.8913901757248945,0.6302966101694917,trend_exit
2016-04-11,2016-04-11,2016-04-27,3288.T,834.4490939941405,933.5872192382812,0.11768787183270901,0.7545584151702159,0.6302966101694917,trend_exit
2016-04-11,2016-04-11,2016-04-27,7313.T,884.0813182373046,936.2923583984376,0.05799777321951227,0.8652622472225547,0.6025437201907791,trend_exit
2016-04-12,2016-04-12,2016-04-27,6098.T,1040.2956040039062,1072.2239990234375,0.029660964539067747,0.9659310848997198,0.6302966101694917,trend_exit
2016-04-12,2016-04-12,2016-04-27,5802.T,970.3090003051757,1013.0241088867188,0.042978148671753535,0.8926502141342587,0.6302966101694917,trend_exit
2016-04-11,2016-04-11,2016-05-01,4206.T,1695.9821296386717,1821.34033203125,0.07284089843969443,0.8066314730214097,0.5114771806643261,trend_exit
2016-04-25,2016-04-25,2016-05-01,2201.T,1117.2346488037108,1095.0596923828125,-0.020828226315928955,0.8020264474601968,0.6302966101694917,trend_exit
2016-04-26,2016-04-26,2016-05-05,8283.T,1653.9561368408201,1563.013427734375,-0.05592997327660232,0.8002153036406625,0.6302966101694917,trend_exit
2016-05-10,2016-05-10,2016-05-11,9401.T,1351.0469628906249,1230.9583740234375,-0.08979669143524238,0.79487954444648,0.6302966101694917,stoploss
2016-05-09,2016-05-09,2016-05-15,8111.T,320.8983365478515,317.25372314453125,-0.012346175331058418,0.8456665903735812,0.6302966101694917,trend_exit
2016-05-09,2016-05-09,2016-05-15,6146.T,2699.167662597656,2609.30712890625,-0.03425865021342167,0.7990205463463907,0.6025437201907791,trend_exit
2016-05-09,2016-05-09,2016-05-16,2201.T,1153.0703754882811,1114.012451171875,-0.034839102297261504,0.7697697235190213,0.6302966101694917,trend_exit
2016-05-10,2016-05-10,2016-05-18,4967.T,3970.797396972656,3966.83056640625,-0.0019980019980019303,0.7806991455045931,0.6302966101694917,trend_exit
2016-05-10,2016-05-10,2016-05-23,1801.T,2862.8140556640624,3031.09521484375,0.05772294698564062,0.7813652042723033,0.6302966101694917,trend_exit
2016-05-10,2016-05-10,2016-05-23,4578.T,3509.4734968261714,3721.93212890625,0.0594780670490731,0.7670091861577257,0.6302966101694917,trend_exit
2016-05-10,2016-05-10,2016-05-23,8283.T,1635.2289322509764,1853.8455810546875,0.13255807731109015,0.7584829018643493,0.6302966101694917,trend_exit
2016-05-10,2016-05-10,2016-05-23,2810.T,1877.2468314208982,1911.4022216796875,0.01717621119259216,0.7977264962248415,0.6025437201907791,trend_exit
2016-05-11,2016-05-11,2016-05-25,9042.T,3003.331630126953,3324.811279296875,0.1059339683633862,0.9443646674672359,0.6302966101694917,trend_exit
2016-05-10,2016-05-10,2016-06-01,6857.T,233.49433895874017,258.64410400390625,0.10660267418971814,0.7675394284430049,0.6302966101694917,trend_exit
2016-05-23,2016-05-23,2016-06-01,4046.T,336.8689420776367,340.6871643066406,0.010323109762656157,0.7672682372000068,0.6302966101694917,trend_exit
2016-05-24,2016-05-24,2016-06-01,8002.T,348.9698981323242,344.6921081542969,-0.01324607684193102,0.8213976776739222,0.6025437201907791,trend_exit
2016-05-16,2016-05-16,2016-06-02,6963.T,880.779863342285,937.1292114257812,0.06291267679735357,0.9338350846035666,0.6302966101694917,trend_exit
2016-05-17,2016-05-17,2016-06-02,6965.T,1259.1072145996093,1302.532958984375,0.03345482492464025,0.8766221724112433,0.6302966101694917,trend_exit
2016-05-18,2016-05-18,2016-06-02,4186.T,697.5921589355468,741.1212768554688,0.061336693790189134,0.9542383805461905,0.6302966101694917,trend_exit
2016-05-24,2016-05-24,2016-06-02,7269.T,575.8911727905273,594.1460571289062,0.030666798026567132,0.9105356168608787,0.6302966101694917,trend_exit
2016-05-16,2016-05-16,2016-06-05,9605.T,1682.3843168945311,1850.68359375,0.09893612986654676,0.7706272810996349,0.6302966101694917,trend_exit
2016-05-25,2016-05-25,2016-06-06,3197.T,1124.6541702880859,1132.47607421875,0.0059479865305898105,0.9489610471527382,0.6302966101694917,trend_exit
2016-06-06,2016-06-06,2016-06-09,8113.T,660.1417210083007,645.4312133789062,-0.023261579073230898,0.6796626722681576,0.5206666666666667,trend_exit
2016-05-25,2016-05-25,2016-06-13,7532.T,165.27943316650388,174.8954315185547,0.057122067396136345,0.9335586733274758,0.5114771806643261,trend_exit
2016-06-09,2016-06-09,2016-06-13,3110.T,1431.3722030029296,1317.2803955078125,-0.08062828637338626,0.7030305060698911,0.5206666666666667,stoploss
2016-06-19,2016-06-19,2016-06-23,8766.T,820.4471299438476,755.9122924804688,-0.07957947242783081,0.7334191653100861,0.6710526315789473,stoploss
2016-06-19,2016-06-19,2016-06-23,9076.T,715.6710718383788,648.5188598632812,-0.09473728015972183,0.788358193283938,0.623115577889447,stoploss
2016-06-19,2016-06-19,2016-06-23,9719.T,981.7561660156249,959.1010131835938,-0.024053074136576313,0.7045294174365653,0.5051124744376279,trend_exit
2016-06-20,2016-06-20,2016-06-23,8002.T,320.82722058105463,297.20208740234375,-0.07456454356580833,0.7935492311296183,0.7297297297297297,stoploss
2016-06-20,2016-06-20,2016-06-23,4676.T,876.2084019165038,826.7454223632812,-0.05739470754399145,0.7501146500836182,0.6710526315789473,trend_exit
2016-06-20,2016-06-20,2016-06-23,9706.T,3343.1889702148433,3182.57080078125,-0.048995357933311334,0.7807766881783014,0.623115577889447,trend_exit
2016-06-20,2016-06-20,2016-06-23,5714.T,2336.753608642578,2056.512451171875,-0.12080763195477062,0.755435269614003,0.623115577889447,stoploss
2016-06-20,2016-06-20,2016-06-26,5713.T,1622.1369959716794,1537.766845703125,-0.05295971753778894,0.802603825666909,0.8928571428571429,trend_exit
2016-06-20,2016-06-20,2016-06-26,9409.T,1250.3345346679687,1218.3896484375,-0.026523522272951405,0.6828910774026452,0.623115577889447,trend_exit
2016-06-30,2016-06-30,2016-07-05,8750.T,205.02595761108392,189.4458770751953,-0.07691477994643592,0.760638559070877,0.8928571428571429,stoploss
2016-06-30,2016-06-30,2016-07-05,6481.T,1356.7653220214843,1303.6356201171875,-0.04011993573310979,0.8053973993682908,0.7297297297297297,trend_exit
2016-06-30,2016-06-30,2016-07-05,7282.T,1412.1304462890623,1352.3935546875,-0.04326036968949032,0.7548493605992259,0.623115577889447,trend_exit
2016-06-30,2016-06-30,2016-07-05,4401.T,952.9546882324217,906.887939453125,-0.049292623562069315,0.7290841207520944,0.623115577889447,trend_exit
2016-06-20,2016-06-20,2016-07-06,1860.T,319.3754528808593,331.81866455078125,0.03792211610542662,0.7347394626548288,0.5926216640502355,trend_exit
2016-06-29,2016-06-29,2016-07-06,1969.T,457.78655285644527,444.82562255859375,-0.029283856934552488,0.7004308398501418,0.6710526315789473,trend_exit
2016-06-30,2016-06-30,2016-07-06,8697.T,447.3490628051758,437.0468444824219,-0.02400645504853416,0.7712528737468067,0.5926216640502355,trend_exit
2016-06-29,2016-06-29,2016-07-07,3591.T,1604.4949819335936,1606.072265625,-1.794245201314215e-05,0.7206956337797337,0.5206666666666667,trend_exit
2016-06-30,2016-06-30,2016-07-07,5713.T,1579.1867399902342,1579.907958984375,-0.0005437539102239874,0.8093503905603108,0.5926216640502355,trend_exit
2016-06-29,2016-06-29,2016-07-10,9076.T,706.6022586669922,734.5853271484375,0.03856268900937465,0.7906417431079382,0.7297297297297297,trend_exit
2016-07-05,2016-07-05,2016-07-10,4004.T,725.1959680786132,715.8093872070312,-0.013930565948339413,0.746224114677515,0.5926216640502355,trend_exit
2016-08-08,2016-08-08,2016-08-17,9503.T,640.6241760864257,620.5327758789062,-0.03233086379900241,0.8490339135990534,0.5348837209302325,trend_exit
2016-08-08,2016-08-08,2016-08-17,9697.T,217.47691847229,225.3753662109375,0.03528223788684137,0.8740545437169938,0.4737762237762238,trend_exit
2016-08-09,2016-08-09,2016-08-17,4307.T,904.2341413574218,886.1370849609375,-0.020993670348421034,0.8678019173965364,0.4737762237762238,trend_exit
2016-08-08,2016-08-08,2016-08-23,5021.T,388.05670590209957,378.8019104003906,-0.02482523112109225,0.8788684462614439,0.5348837209302325,trend_exit
2016-08-23,2016-08-23,2016-08-28,8088.T,593.7883856201171,586.8956909179688,-0.012596390522618628,0.8113230533481615,0.75177304964539,trend_exit
2016-08-23,2016-08-23,2016-08-28,8001.T,175.73766537475584,175.1949462890625,-0.004085146063887102,0.6988053671937875,0.5724073497352851,trend_exit
2016-08-24,2016-08-24,2016-08-29,9001.T,2237.1066979980465,2212.47802734375,-0.011998153108056964,0.8477352731730698,0.75177304964539,trend_exit
2016-08-23,2016-08-23,2016-08-30,2801.T,601.2096788940429,591.5227661132812,-0.01709625760813205,0.745342514563816,0.5724073497352851,trend_exit
2016-08-23,2016-08-23,2016-09-04,9697.T,230.21156422424315,245.5549468994141,0.06558240364313384,0.6984273811549822,0.5724073497352851,trend_exit
2016-08-28,2016-08-28,2016-09-07,4046.T,326.0558631896972,326.5611572265625,0.000548166433476327,0.7852377180416477,0.75177304964539,trend_exit
2016-08-23,2016-08-23,2016-09-08,4732.T,630.9634019165038,662.098388671875,0.04829580966842162,0.7460330288237911,0.5724073497352851,trend_exit
2016-08-23,2016-08-23,2016-09-11,1925.T,1918.3371971435545,1989.8358154296875,0.03623387096606545,0.7318799778571804,0.5724073497352851,trend_exit
2016-08-28,2016-08-28,2016-09-11,8804.T,898.1785312499999,927.0170288085938,0.031075648725360505,0.7250612278878823,0.5724073497352851,trend_exit
2016-09-04,2016-09-04,2016-09-11,1808.T,646.9263704223632,644.9677734375,-0.004024514809314317,0.7355301294784682,0.5942028985507246,trend_exit
2016-08-23,2016-08-23,2016-09-12,9987.T,2502.159083251953,2701.299560546875,0.07850786908363605,0.8253274558464543,0.75177304964539,trend_exit
2016-08-14,2016-08-14,2016-09-13,5384.T,332.3177645874023,352.357666015625,0.05924312769331097,0.8342026350839565,0.4737762237762238,trend_exit
2016-08-23,2016-08-23,2016-09-13,8012.T,872.9642552490234,903.5396728515624,0.03398979712087202,0.7207093123938213,0.6486486486486487,trend_exit
2016-08-29,2016-08-29,2016-09-13,9744.T,754.2220354614257,787.5108642578125,0.043092506455668644,0.7342244019885904,0.5942028985507246,trend_exit
2016-09-12,2016-09-12,2016-09-15,2267.T,2122.276161865234,2084.1064453125,-0.018967287915380382,0.8169399535014243,0.75177304964539,trend_exit
2016-09-19,2016-09-19,2016-09-27,9009.T,804.2511405639648,798.0512084960938,-0.008701241345408506,0.6895601900196577,0.5724073497352851,trend_exit
2016-09-15,2016-09-15,2016-09-28,8282.T,631.6967395019531,639.1101684570312,0.010724004673448473,0.6810913141804855,0.5724073497352851,trend_exit
2016-09-15,2016-09-15,2016-09-29,3148.T,1961.9863935546873,2065.671630859375,0.0517942254888506,0.6988425928392694,0.5724073497352851,trend_exit
2016-09-19,2016-09-19,2016-09-29,7532.T,166.713009475708,172.39430236816406,0.033044203373286285,0.811355151865155,0.5724073497352851,trend_exit
2016-09-19,2016-09-19,2016-09-29,9001.T,2299.8708154296874,2310.67724609375,0.003694013316300815,0.6908190547667882,0.5724073497352851,trend_exit
2016-08-30,2016-08-30,2016-10-04,5021.T,383.441133026123,445.4823913574219,0.16063945840610971,0.8565726859057452,0.75177304964539,trend_exit
2016-09-28,2016-09-28,2016-10-06,8804.T,907.8522578124999,895.0510864257812,-0.015086400188226712,0.7497680440659393,0.5724073497352851,trend_exit
2016-10-04,2016-10-04,2016-10-10,2267.T,2088.7683222656246,2070.8564453125,-0.009566754333368288,0.8559385980647232,0.75177304964539,trend_exit
2016-10-03,2016-10-03,2016-10-12,5101.T,1237.194210205078,1248.0018310546875,0.007726853989213467,0.7588422418050682,0.5724073497352851,trend_exit
2016-09-15,2016-09-15,2016-10-13,5801.T,2061.3622814941405,2363.791259765625,0.14556644880211067,0.6962596218364647,0.5724073497352851,trend_exit
2016-09-28,2016-09-28,2016-10-13,8015.T,594.2754444580078,601.7453002929688,0.011557116483135177,0.7663737303448852,0.75177304964539,trend_exit
2016-10-03,2016-10-03,2016-10-13,3048.T,737.5385595703124,748.8381958007812,0.01430541887981418,0.7369212421306375,0.6486486486486487,trend_exit
2016-10-10,2016-10-10,2016-10-13,9706.T,3538.3492675781245,3465.14013671875,-0.021669503262060408,0.7304778910830101,0.8097731239092496,trend_exit
2016-10-16,2016-10-16,2016-10-24,3774.T,418.10338516235345,417.9099426269531,-0.0014622040856949736,0.7278203827145917,0.7820069204152249,trend_exit
2016-09-20,2016-09-20,2016-10-25,8020.T,256.17568905639644,296.9883728027344,0.15815589497493576,0.8341696663831923,0.75177304964539,trend_exit
2016-10-04,2016-10-04,2016-10-27,4901.T,1072.1786514892576,1133.3416748046875,0.05598850672622868,0.7133947974858141,0.6486486486486487,trend_exit
2016-10-06,2016-10-06,2016-10-27,8282.T,640.1292969360351,686.170654296875,0.07085316501468464,0.7864957826351484,0.7003399708596406,trend_exit
2016-10-13,2016-10-13,2016-10-27,3231.T,234.39138378906247,260.1424865722656,0.10875382825322277,0.8470154407498884,0.8097731239092496,trend_exit
2016-10-24,2016-10-24,2016-10-27,2181.T,147.4021682434082,145.68128967285156,-0.012663042087326826,0.701144153311955,0.6343658988615303,trend_exit
2016-09-19,2016-09-19,2016-10-30,9934.T,619.681867980957,688.9462280273438,0.11066228876728523,0.7385677303515352,0.5724073497352851,trend_exit
2016-10-16,2016-10-16,2016-10-30,8830.T,1138.4841485595703,1248.7537841796875,0.0957596835879293,0.8599783912765862,0.8097731239092496,trend_exit
2016-10-27,2016-10-27,2016-11-01,7701.T,1383.807473876953,1351.7642822265625,-0.024132660477007017,0.6966071142716901,0.7003399708596406,trend_exit
2016-10-13,2016-10-13,2016-11-03,3289.T,415.2922577514648,460.1082763671875,0.10680649473099679,0.8193238661259029,0.7003399708596406,trend_exit
2016-10-25,2016-10-25,2016-11-03,8725.T,681.1263076782226,673.9989013671875,-0.011453683589164543,0.7212169077131607,0.7003399708596406,trend_exit
2016-10-27,2016-10-27,2016-11-03,6141.T,849.7202703247069,813.2809448242188,-0.04384102362425335,0.7333604967597975,0.7003399708596406,trend_exit
2016-09-19,2016-09-19,2016-11-07,4046.T,327.7194208374023,374.3017272949219,0.14099867689303247,0.7973266747619226,0.75177304964539,trend_exit
2016-10-12,2016-10-12,2016-11-08,9503.T,674.4770869750976,736.4312744140625,0.09076328513856713,0.8329682445905718,0.8097731239092496,trend_exit
2016-10-27,2016-10-27,2016-11-08,1944.T,1055.721292602539,1122.6029052734375,0.062288229124864536,0.7030869992516158,0.6343658988615303,trend_exit
2016-10-31,2016-10-31,2016-11-08,4768.T,1057.881653930664,987.9443969726562,-0.06704455180922253,0.7642212943271081,0.7820069204152249,trend_exit
2016-11-06,2016-11-06,2016-11-09,8060.T,1392.4742130126951,1366.462158203125,-0.019661776650454654,0.7251462776327245,0.7003399708596406,trend_exit
2016-11-09,2016-11-09,2016-11-14,6370.T,2051.772867675781,1995.556884765625,-0.028371337155297716,0.7551141731023004,0.8097731239092496,trend_exit
2016-11-09,2016-11-09,2016-11-14,3064.T,569.8144844970702,551.68310546875,-0.03278797335290462,0.7150322351082601,0.7820069204152249,trend_exit
2016-11-10,2016-11-10,2016-11-21,4519.T,930.2211008911132,933.5224609375,0.002545456755583153,0.8336666377365858,0.8097731239092496,trend_exit
2016-11-09,2016-11-09,2016-11-24,3626.T,683.6216594238281,679.4365234375,-0.007115884119098248,0.8357020693041197,0.8097731239092496,trend_exit
2016-11-15,2016-11-15,2016-11-24,1944.T,1179.2898060302732,1183.0823974609375,0.0022127801155065185,0.6872986887725375,0.6343658988615303,trend_exit
2016-11-10,2016-11-10,2016-11-27,5021.T,493.1478981628417,510.0348205566406,0.033208876351804806,0.683790984435721,0.6343658988615303,trend_exit
2016-11-13,2016-11-13,2016-11-29,6966.T,121.73041159820555,123.79337310791016,0.015930022014525758,0.7877576003562462,0.8097731239092496,trend_exit
2016-11-13,2016-11-13,2016-11-29,7912.T,848.3714497070312,888.586181640625,0.04635486704029668,0.7073550076888445,0.7820069204152249,trend_exit
2016-11-23,2016-11-23,2016-11-29,9418.T,178.52427793884274,170.4123992919922,-0.04639307965149608,0.7073705042222391,0.7538200339558574,trend_exit
2016-11-27,2016-11-27,2016-11-30,9684.T,858.0181717529296,823.9581298828125,-0.04065648158561952,0.6563654180402101,0.6866666666666666,trend_exit
2016-11-09,2016-11-09,2016-12-01,8267.T,430.7900093078613,459.2350158691406,0.06496383607032619,0.6987898127864841,0.7003399708596406,trend_exit
2016-11-13,2016-11-13,2016-12-01,9009.T,779.6568076171874,825.0823974609375,0.05720530752831965,0.8466509486250209,0.8097731239092496,trend_exit
2016-11-16,2016-11-16,2016-12-04,8060.T,1349.3448229980468,1383.38916015625,0.024205041914696857,0.8635405407961466,0.8097731239092496,trend_exit
2016-11-30,2016-11-30,2016-12-05,2267.T,2294.703055175781,2242.674072265625,-0.023650840948684193,0.6899032096512574,0.7538200339558574,trend_exit
2016-11-30,2016-11-30,2016-12-05,8283.T,2208.858018554687,2167.077392578125,-0.019896119623793784,0.6321896357223618,0.635732323232323,trend_exit
2016-11-27,2016-11-27,2016-12-06,8113.T,729.2589259033202,740.1796264648438,0.013960090954592275,0.6474809817335712,0.6866666666666666,trend_exit
2016-12-01,2016-12-01,2016-12-07,6479.T,1031.1928824462889,1016.1823120117188,-0.015541954390299595,0.6627088166450514,0.7538200339558574,trend_exit
2016-12-04,2016-12-04,2016-12-07,6532.T,133.3586129608154,128.41424560546875,-0.0380386499853792,0.63123878920073,0.6830601092896175,trend_exit
2016-11-13,2016-11-13,2016-12-19,6952.T,1010.1398680419921,1268.2318115234375,0.25424569388369656,0.7756297013746372,0.7079754601226994,trend_exit
2016-11-30,2016-11-30,2016-12-19,4062.T,703.9060837402343,725.5552368164062,0.029724985083488864,0.6428470830922065,0.7538200339558574,trend_exit
2016-12-04,2016-12-04,2016-12-20,7459.T,1387.3757358398436,1489.8560791015625,0.0727924559827211,0.6940407985990494,0.7538200339558574,trend_exit
2016-12-04,2016-12-04,2016-12-20,9987.T,2986.6643447265624,3198.025634765625,0.06969757574929458,0.6884618859535605,0.7538200339558574,trend_exit
2016-12-08,2016-12-08,2016-12-20,3626.T,695.5996899414062,713.875244140625,0.025246818262034454,0.7078379216665005,0.7538200339558574,trend_exit
2016-12-07,2016-12-07,2016-12-21,2267.T,2258.495008300781,2419.013427734375,0.07000210557242204,0.6634792853330991,0.7538200339558574,trend_exit
2016-12-07,2016-12-07,2016-12-21,4527.T,748.9738726196289,826.720458984375,0.10270033270549872,0.6981003405300048,0.6830601092896175,trend_exit
2016-12-11,2016-12-11,2016-12-21,4684.T,879.3362214355468,899.883544921875,0.022343489853438703,0.7238568601984852,1.0,trend_exit
2016-12-07,2016-12-07,2016-12-28,3774.T,370.30086965942377,393.0236206054687,0.06030157948582926,0.7111247302738097,0.7538200339558574,trend_exit
2016-12-19,2016-12-19,2016-12-29,2502.T,975.116109741211,997.2201538085938,0.021645446837275317,0.6251495919787322,0.72,trend_exit
2016-12-08,2016-12-08,2017-01-11,4751.T,607.9766930541991,658.4222412109375,0.08188985940467464,0.6917963192930421,0.6866666666666666,trend_exit
2016-12-26,2016-12-26,2017-01-11,4151.T,1382.4693450927732,1357.72314453125,-0.01888209948286612,0.6887594969230395,0.7538200339558574,trend_exit
2016-12-29,2016-12-29,2017-01-11,4684.T,913.2942788696288,915.9529418945312,0.0019081583267606117,0.7134997009324481,1.0,trend_exit
2016-12-25,2016-12-25,2017-01-15,9418.T,177.57129954528807,211.34942626953125,0.18903267241907384,0.697509685568569,0.8407643312101911,trend_exit
2016-12-29,2016-12-29,2017-01-15,4568.T,705.2475117187499,729.8787841796875,0.03389078767326392,0.6674162591342911,0.7538200339558574,trend_exit
2017-01-03,2017-01-03,2017-01-15,4812.T,254.77898429870604,255.79632568359375,0.0029890418995912604,0.7119236814752071,0.8407643312101911,trend_exit
2016-12-19,2016-12-19,2017-01-16,9684.T,877.5516016845702,898.51904296875,0.022869221824319386,0.6744998869408022,0.7538200339558574,trend_exit
2016-12-27,2016-12-27,2017-01-16,7164.T,1476.4180583496093,1537.9580078125,0.0406402448925276,0.7116038099987068,0.7538200339558574,trend_exit
2017-01-11,2017-01-11,2017-01-16,3626.T,739.7137672729491,721.75537109375,-0.025253216009700208,0.8137875046609799,0.6050600343053174,trend_exit
2017-01-12,2017-01-12,2017-01-17,2502.T,1017.6949008789061,1001.8143920898438,-0.016588786252709098,0.7830546073560256,0.6050600343053174,trend_exit
2017-01-18,2017-01-18,2017-01-23,4452.T,4524.205721191406,4410.037109375,-0.026209826925057245,0.851080467792893,0.7746913580246914,trend_exit
2017-01-19,2017-01-19,2017-01-24,2875.T,3471.5735742187494,3408.23681640625,-0.019226150102241824,0.8281440597413348,0.7746913580246914,trend_exit
2017-01-19,2017-01-19,2017-01-24,8439.T,766.6278615112304,736.85205078125,-0.03980113991762968,0.7726302622257073,0.6714285714285714,trend_exit
2016-12-27,2016-12-27,2017-01-25,5021.T,601.4345739746093,681.7014770507812,0.1323256178526262,0.6322332931767575,0.635732323232323,trend_exit
2017-01-19,2017-01-19,2017-01-30,3774.T,408.9019932556152,407.37249755859375,-0.004736754103737639,0.8620129953531466,0.7746913580246914,trend_exit
2017-01-19,2017-01-19,2017-01-31,1959.T,2424.4229775390622,2358.304931640625,-0.028244391125011425,0.802528690346429,0.6029609690444145,trend_exit
2016-12-25,2016-12-25,2017-02-01,6324.T,2675.979702880859,3201.308349609375,0.19511632984988792,0.632032303917248,0.7538200339558574,trend_exit
2017-01-18,2017-01-18,2017-02-01,6479.T,962.0965724487304,987.3482055664062,0.025220217602846207,0.8441175733282154,0.7746913580246914,trend_exit
2017-01-18,2017-01-18,2017-02-01,6005.T,1577.5444743652342,1594.66650390625,0.009842741862068571,0.7612274460311192,0.696,trend_exit
2017-01-19,2017-01-19,2017-02-01,8088.T,652.6417358398437,663.5386962890625,0.015679998981004584,0.8183282932898213,0.7746913580246914,trend_exit
2017-01-24,2017-01-24,2017-02-01,3197.T,1387.5158905029296,1391.6376953125,0.001967665475361313,0.7462294412882127,0.6714285714285714,trend_exit
2017-01-23,2017-01-23,2017-02-08,8056.T,1169.4738475341796,1202.571533203125,0.027273046082212593,0.7195168157008863,0.6714285714285714,trend_exit
2017-01-24,2017-01-24,2017-02-08,3626.T,722.1848422851562,762.9067993164062,0.05533077945182874,0.8468789595574593,0.7746913580246914,trend_exit
2017-02-05,2017-02-05,2017-02-14,2331.T,753.4135495605468,742.4667358398438,-0.015515091895229371,0.7227831315801356,0.6029609690444145,trend_exit
2017-01-26,2017-01-26,2017-02-15,3064.T,606.4903449096679,750.892578125,0.23685676423851865,0.8864224458394403,0.7746913580246914,trend_exit
2017-02-02,2017-02-02,2017-02-19,2784.T,1503.5824025878906,1595.4613037109375,0.06004555497852637,0.7129124053871474,0.6050600343053174,trend_exit
2017-02-06,2017-02-06,2017-02-19,3861.T,400.5071016235351,413.62945556640625,0.03173158337464521,0.7258749003656584,0.696,trend_exit
2017-02-06,2017-02-06,2017-02-20,3774.T,408.9019932556152,453.33349609375,0.10755185855635863,0.9117239539493357,0.7746913580246914,trend_exit
2017-01-30,2017-01-30,2017-02-21,9418.T,215.69034364318847,348.7583312988281,0.6153230000129035,0.8344279262675343,0.5097481722177093,trend_exit
2017-02-06,2017-02-06,2017-02-21,6479.T,1007.5777381591797,1225.8846435546875,0.21544840912082353,0.743434860577227,0.6050600343053174,trend_exit
2017-02-08,2017-02-08,2017-02-21,7649.T,1555.7009974365233,1577.965087890625,0.013296980203970854,0.830767447721814,0.696,trend_exit
2017-01-31,2017-01-31,2017-02-23,4519.T,968.5748460083007,1064.2261962890625,0.0976559782388382,0.7443414023038567,0.7746913580246914,trend_exit
2017-02-08,2017-02-08,2017-02-26,9412.T,344.720810760498,366.946533203125,0.06341008499371026,0.8706054872234434,0.7746913580246914,trend_exit
2017-02-23,2017-02-23,2017-02-28,3231.T,282.19973397827147,278.7240905761719,-0.013303937036896252,0.796174715137139,0.4998841251448436,trend_exit
2017-02-28,2017-02-28,2017-03-05,1959.T,2280.374287597656,2223.836669921875,-0.025768337533575436,0.8251505379189136,0.6443089430894309,trend_exit
2017-02-26,2017-02-26,2017-03-06,6005.T,1544.5673162841795,1547.4766845703125,0.0008817301694814539,0.8546308766165767,0.565726083964212,trend_exit
2017-02-26,2017-02-26,2017-03-06,3549.T,1567.1755953369138,1575.3243408203125,0.004194438174086823,0.7975390099798696,0.544378698224852,trend_exit
2017-02-28,2017-02-28,2017-03-06,7164.T,1456.7059831542967,1443.435302734375,-0.010100950976253076,0.850015540912665,0.565726083964212,trend_exit
2017-03-01,2017-03-01,2017-03-06,7649.T,1593.0466553955077,1555.5576171875,-0.024509386271239886,0.8412035225703949,0.6443089430894309,trend_exit
2017-02-14,2017-02-14,2017-03-08,2875.T,3385.9614362792963,3575.013916015625,0.05477837515601691,0.952109129066345,0.7746913580246914,trend_exit
2017-02-20,2017-02-20,2017-03-08,4452.T,4747.8803442382805,4927.54638671875,0.036803475114068895,0.7772835092681496,0.4998841251448436,trend_exit
2017-02-28,2017-02-28,2017-03-14,2327.T,959.0989489135741,995.333740234375,0.03674225440501666,0.7427451602888845,0.4998841251448436,trend_exit
2017-03-01,2017-03-01,2017-03-14,4684.T,940.1032876586913,953.4481811523438,0.013180940302166988,0.887337630287728,0.676923076923077,trend_exit
2017-03-09,2017-03-09,2017-03-14,3003.T,798.6615111083984,786.6471557617188,-0.016028069869894912,0.738684220386983,0.4998841251448436,trend_exit
2017-03-06,2017-03-06,2017-03-15,4661.T,1238.9735756835937,1248.8287353515625,0.006946339374404253,0.9227254397693977,0.6666666666666666,trend_exit
2017-02-21,2017-02-21,2017-03-16,8876.T,1371.6405339355467,1551.97802734375,0.1303442928067191,0.7102252942983847,0.565726083964212,trend_exit
2017-03-05,2017-03-05,2017-03-16,9697.T,255.8149924163818,267.6392822265625,0.045175814047456964,0.8732862314679337,0.565726083964212,trend_exit
2017-03-08,2017-03-08,2017-03-16,3231.T,277.11372042846676,272.77215576171875,-0.01665141955214333,0.9115399774575526,0.565726083964212,trend_exit
2017-03-09,2017-03-09,2017-03-16,7649.T,1572.0854074707029,1564.5321044921875,-0.0057998344362708565,0.8914159954516665,0.6666666666666666,trend_exit
2017-03-09,2017-03-09,2017-03-20,2331.T,722.8007529907226,736.5202026367188,0.017961975537020614,0.8784609992838525,0.6443089430894309,trend_exit
2017-03-15,2017-03-15,2017-03-21,5631.T,1627.4717932128904,1602.098388671875,-0.01657509705678728,0.8317405599347951,0.6443089430894309,trend_exit
2017-03-08,2017-03-08,2017-03-22,8282.T,755.6185111083984,769.664794921875,0.01757053172119849,0.8514571071195216,0.565726083964212,trend_exit
2017-03-23,2017-03-23,2017-03-28,3387.T,240.0114849700927,239.29736328125,-0.003972389288965705,0.7350402629997589,0.565726083964212,trend_exit
2017-03-23,2017-03-23,2017-03-29,2810.T,2245.353706298828,2206.518798828125,-0.01827837910543839,0.7563310891392657,0.544378698224852,trend_exit
2017-03-26,2017-03-26,2017-03-29,7649.T,1572.0854074707029,1540.6002197265625,-0.021007629615366397,0.7556754944508137,0.565726083964212,trend_exit
2017-03-23,2017-03-23,2017-03-30,6370.T,2406.358300048828,2336.4150390625,-0.030036955022003098,0.7963386469944767,0.4998841251448436,trend_exit
2017-03-26,2017-03-26,2017-03-30,4503.T,1144.1288256835937,1129.7725830078125,-0.01353520242752071,0.7665778801985921,0.565726083964212,trend_exit
2017-03-27,2017-03-27,2017-03-30,9009.T,832.8293728637694,814.34228515625,-0.02317573157429087,0.9502710184445089,0.676923076923077,trend_exit
2017-03-27,2017-03-27,2017-03-30,7532.T,184.71837783813478,180.7869415283203,-0.02226212301921715,0.8531040418885887,0.6443089430894309,trend_exit
2017-03-14,2017-03-14,2017-04-02,7747.T,1037.7138011474608,1082.778076171875,0.04238307026427646,0.9219475626100578,0.676923076923077,trend_exit
2017-04-02,2017-04-02,2017-04-05,7951.T,913.4808055419923,886.1594848632812,-0.0308791164438732,0.7962374645368488,0.565726083964212,trend_exit
2017-03-26,2017-03-26,2017-04-09,4661.T,1232.9345837402343,1260.378173828125,0.021236497263815268,0.8967389687127876,0.676923076923077,trend_exit
2017-04-06,2017-04-06,2017-04-12,9697.T,243.75958357238767,240.93861389160156,-0.012561181184363335,0.9101631475815515,0.6027397260273972,trend_exit
2017-03-27,2017-03-27,2017-04-13,7459.T,1483.8601854248045,1484.054443359375,-0.0008692170067354787,0.8427979022190889,0.565726083964212,trend_exit
2017-03-28,2017-03-28,2017-04-13,9602.T,523.0690552978515,524.2766723632812,0.0013064056956635373,0.8438732631052666,0.6443089430894309,trend_exit
2017-04-10,2017-04-10,2017-04-13,6532.T,112.44001781463622,109.09782409667967,-0.03069451258663869,0.8458000294255286,0.6027397260273972,trend_exit
2017-04-10,2017-04-10,2017-04-13,8425.T,343.65700387573236,333.3886413574219,-0.030849803845410806,0.8252908116371966,0.463768115942029,trend_exit
2017-04-02,2017-04-02,2017-04-18,2331.T,748.0381844482421,802.8673706054688,0.07222401196868233,0.7390090897992508,0.6443089430894309,trend_exit
2017-04-03,2017-04-03,2017-04-20,7649.T,1569.0910831298827,1624.3614501953125,0.03418922342495656,0.8147448281160643,0.6443089430894309,trend_exit
2017-04-18,2017-04-18,2017-04-26,4661.T,1269.455565307617,1259.2071533203125,-0.009065003498437862,0.9009915301953817,0.463768115942029,trend_exit
2017-04-10,2017-04-10,2017-04-30,3048.T,863.6773897705077,946.59130859375,0.09490502875897744,0.8675388504859942,0.463768115942029,trend_exit
2017-04-20,2017-04-20,2017-05-10,5631.T,1457.4182425537108,1551.6033935546875,0.06356003026633461,0.8786160820785193,0.463768115942029,trend_exit
2017-04-18,2017-04-18,2017-05-14,9449.T,1068.5782529296873,1247.02685546875,0.16582929251813439,0.8744274552881219,0.6027397260273972,trend_exit
2017-04-25,2017-04-25,2017-05-14,4901.T,1184.9528120117186,1206.7882080078125,0.0174088010754323,0.864569644076136,0.463768115942029,trend_exit
2017-04-19,2017-04-19,2017-05-16,6976.T,1070.5269770507812,1326.19677734375,0.237587290155286,0.7989148079572455,0.463768115942029,trend_exit
2017-04-24,2017-04-24,2017-05-17,3769.T,2229.2573037109373,2828.490966796875,0.26753536755328056,0.8302605217307224,0.463768115942029,trend_exit
2017-05-07,2017-05-07,2017-05-17,7532.T,192.68845237731932,196.00865173339844,0.016213689330110803,0.8347866764524277,0.463768115942029,trend_exit
2017-04-09,2017-04-09,2017-05-22,3231.T,262.283811340332,359.52166748046875,0.369364521499002,0.8445746253636165,0.463768115942029,trend_exit
2017-04-18,2017-04-18,2017-05-24,9706.T,3534.351621582031,4099.8564453125,0.15884242073058452,0.8900200470356567,0.875,trend_exit
2017-05-22,2017-05-22,2017-05-25,9616.T,1503.5792255859374,1483.50439453125,-0.014338010982306248,0.7549343585873213,0.7752698724239451,trend_exit
2017-05-22,2017-05-22,2017-05-25,7203.T,932.9749506225585,922.8778686523438,-0.011811635276502974,0.6730872203094744,0.7752698724239451,trend_exit
2017-05-21,2017-05-21,2017-05-28,5713.T,2151.964023193359,2103.49853515625,-0.023498992560862852,0.7173346518755248,0.7752698724239451,trend_exit
2017-05-23,2017-05-23,2017-05-28,3563.T,794.8946865234374,786.0326538085938,-0.012137539138485254,0.7446122428621915,0.7894736842105263,trend_exit
2017-05-08,2017-05-08,2017-05-29,9009.T,865.9659309082031,898.5194091796875,0.0365545083616694,0.950164699558449,0.6027397260273972,trend_exit
2017-05-24,2017-05-24,2017-05-30,2801.T,643.149281677246,636.9996337890625,-0.010552211928580357,0.7642122938792635,0.7752698724239451,trend_exit
2017-05-28,2017-05-28,2017-05-31,9605.T,2044.0703486328123,2024.7066650390625,-0.010463627278334386,0.7152694184598913,0.7752698724239451,trend_exit
2017-05-31,2017-05-31,2017-06-05,4503.T,1086.931548828125,1045.386474609375,-0.03918412409620298,0.7205022477338305,0.7894736842105263,trend_exit
2017-05-28,2017-05-28,2017-06-06,4901.T,1165.9429764404294,1169.094482421875,0.0017002645404460281,0.7720378593391458,0.7752698724239451,trend_exit
2017-05-31,2017-05-31,2017-06-06,4568.T,730.7386756591796,725.0811767578125,-0.008734422154907051,0.7306661003442229,0.7752698724239451,trend_exit
2017-05-23,2017-05-23,2017-06-07,3003.T,776.2060947265625,774.6828002929688,-0.002960524594561753,0.6999108393658735,0.7752698724239451,trend_exit
2017-05-31,2017-05-31,2017-06-07,4091.T,1029.5937507324218,1016.988037109375,-0.013231142526326956,0.6555663582768156,0.7752698724239451,trend_exit
2017-05-31,2017-05-31,2017-06-07,3549.T,1807.9031429443357,1747.7314453125,-0.03424930661733716,0.7203838066220575,0.7414448669201521,trend_exit
2017-05-08,2017-05-08,2017-06-08,2897.T,1900.3002573242186,2106.726806640625,0.10751975732375318,0.9086191712127277,0.463768115942029,trend_exit
2017-05-22,2017-05-22,2017-06-08,8439.T,793.6926189575195,843.86474609375,0.062150335295957815,0.6729419938004215,0.7414448669201521,trend_exit
2017-05-30,2017-05-30,2017-06-11,4661.T,1398.0430086669921,1469.8558349609375,0.05031531220634977,0.7876681072846361,0.7752698724239451,trend_exit
2017-06-07,2017-06-07,2017-06-12,3563.T,784.5113276977538,760.6768188476562,-0.03135096307802565,0.7399118470189288,0.8309859154929577,trend_exit
2017-05-23,2017-05-23,2017-06-14,5631.T,1386.4707790527343,1449.1309814453125,0.04414883626537991,0.80045813164716,0.7894736842105263,trend_exit
2017-06-07,2017-06-07,2017-06-14,5713.T,2091.6933635253904,2053.322998046875,-0.019325819540026323,0.7152054238758854,0.7752698724239451,trend_exit
2017-06-13,2017-06-13,2017-06-18,7203.T,911.0500324707031,898.9552612304688,-0.01426236324938901,0.7515904841145868,0.7894736842105263,trend_exit
2017-06-15,2017-06-15,2017-06-21,3563.T,777.5892514038085,760.6768188476562,-0.022728078279238062,0.72653771409887,0.8309859154929577,trend_exit
2017-06-13,2017-06-13,2017-06-22,8439.T,858.4437067260741,863.4666137695312,0.004845326952830575,0.6965433647684652,0.7414448669201521,trend_exit
2017-06-15,2017-06-15,2017-06-22,6869.T,2069.2256057128902,2082.515380859375,0.005416161357506555,0.7106831819675743,0.7414448669201521,trend_exit
2017-06-12,2017-06-12,2017-06-25,2801.T,668.87523828125,679.221435546875,0.014452584393643608,0.6747225200898164,0.7414448669201521,trend_exit
2017-06-13,2017-06-13,2017-06-25,4528.T,1896.7114670410153,2050.994140625,0.0802608525802031,0.7150099732326618,0.7414448669201521,trend_exit
2017-06-14,2017-06-14,2017-06-25,9616.T,1617.4518956298825,1608.871337890625,-0.00629967982644708,0.6675446779239285,0.7381997804610319,trend_exit
2017-06-15,2017-06-15,2017-06-27,4543.T,1023.7869854125976,1037.822021484375,0.012695232734429629,0.7334540750204874,0.7752698724239451,trend_exit
2017-06-18,2017-06-18,2017-06-27,8056.T,1473.0852611083983,1452.631103515625,-0.01487136506939557,0.7593401107231241,0.7381997804610319,trend_exit
2017-06-15,2017-06-15,2017-06-28,4536.T,1252.5561143798827,1271.554931640625,0.014152868782152828,0.6956744687131785,0.7752698724239451,trend_exit
2017-06-21,2017-06-21,2017-06-29,8088.T,740.3563770141601,740.6793823242188,-0.0005641527313507977,0.709194750336841,0.7752698724239451,trend_exit
2017-06-22,2017-06-22,2017-07-04,3291.T,1370.1496646728515,1380.5804443359375,0.006605263243932624,0.6709359542489883,0.7381997804610319,trend_exit
2017-07-02,2017-07-02,2017-07-05,3563.T,769.5133124389647,759.5242919921875,-0.013967977636022977,0.6701283557934221,0.6440397350993378,trend_exit
2017-06-19,2017-06-19,2017-07-06,5713.T,2180.5531306152343,2328.129150390625,0.06661057168738593,0.7642656811958273,0.7752698724239451,trend_exit
2017-06-26,2017-06-26,2017-07-06,3549.T,1749.4791767578124,1848.25048828125,0.055401094407294904,0.7104580437053554,0.7752698724239451,trend_exit
2017-07-04,2017-07-04,2017-07-09,4661.T,1473.8658260498046,1466.3416748046875,-0.006099939873100757,0.6903142028892352,0.5608324439701174,trend_exit
2017-06-28,2017-06-28,2017-07-12,8439.T,876.1032553710936,925.2129516601562,0.05499863519739212,0.6971419251202489,0.7752698724239451,trend_exit
2017-07-04,2017-07-04,2017-07-12,4021.T,3106.598123535156,3140.736083984375,0.00997786747194751,0.7281443567367447,0.5750736015701668,trend_exit
2017-07-09,2017-07-09,2017-07-12,1721.T,1811.1043389892577,1783.50390625,-0.01622432016363362,0.6488092256782421,0.5608324439701174,trend_exit
2017-06-29,2017-06-29,2017-07-13,9065.T,2931.878656738281,2972.964599609375,0.012999507392262188,0.6791742943580403,0.7414448669201521,trend_exit
2017-07-05,2017-07-05,2017-07-13,3774.T,464.9490732116699,463.1304016113281,-0.0049076385639214015,0.6691711722857943,0.5608324439701174,trend_exit
2017-07-09,2017-07-09,2017-07-13,6532.T,176.20392095947264,172.1699676513672,-0.023870770030845367,0.7631410322218791,0.6440397350993378,trend_exit
2017-07-05,2017-07-05,2017-07-16,2371.T,1376.4163010253906,1395.2376708984375,0.012660509897453709,0.6452083597587716,0.5750736015701668,trend_exit
2017-07-10,2017-07-10,2017-07-17,2801.T,656.9309939575195,637.91748046875,-0.02991399576210141,0.6900622725732685,0.6440397350993378,trend_exit
2017-07-09,2017-07-09,2017-07-18,4901.T,1176.8881147460936,1174.5614013671875,-0.002975027733225555,0.7083469450474614,0.5700483091787439,trend_exit
2017-07-12,2017-07-12,2017-07-18,6869.T,1955.4633975830077,1932.0098876953125,-0.012981843488744205,0.714347098844766,0.6440397350993378,trend_exit
2017-07-13,2017-07-13,2017-07-18,4523.T,4965.339773925781,4879.57080078125,-0.018256262022858794,0.6831813600195432,0.5750736015701668,trend_exit
2017-07-13,2017-07-13,2017-07-19,9449.T,1242.906948486328,1222.4146728515625,-0.01747088978307043,0.7009491421118018,0.6440397350993378,trend_exit
2017-07-10,2017-07-10,2017-07-20,5713.T,2359.046631347656,2412.26904296875,0.02153842230286873,0.7296910107292651,0.5750736015701668,trend_exit
2017-07-19,2017-07-19,2017-07-24,4021.T,3152.1614636230465,3124.18408203125,-0.009866742561493003,0.735199727213268,0.6440397350993378,trend_exit
2017-07-19,2017-07-19,2017-07-24,1721.T,1793.1106552734373,1759.27587890625,-0.019850449352589283,0.7437069939456864,0.5608324439701174,trend_exit
2017-07-19,2017-07-19,2017-07-24,2264.T,1792.4690230712888,1760.327880859375,-0.018913280874826577,0.7028677724157839,0.5608324439701174,trend_exit
2017-07-17,2017-07-17,2017-07-25,6532.T,191.29171707153318,191.7286376953125,0.001281770009897043,0.7297080783572751,0.5750736015701668,trend_exit
2017-07-19,2017-07-19,2017-07-25,9065.T,3019.9954941406245,2996.971923828125,-0.008616086443444138,0.6943717733803554,0.5608324439701174,trend_exit
2017-07-13,2017-07-13,2017-07-26,4091.T,1125.867540649414,1169.26904296875,0.03751083653411591,0.725621586787089,0.5750736015701668,trend_exit
2017-07-20,2017-07-20,2017-07-26,4528.T,2006.347971557617,1984.8720703125,-0.011693272377480968,0.682953458438642,0.4903693232019791,trend_exit
2017-07-19,2017-07-19,2017-07-30,4816.T,480.9471109313964,497.0547790527344,0.03245806656797234,0.6908566463581467,0.5608324439701174,trend_exit
2017-07-26,2017-07-26,2017-08-02,2670.T,1648.4418389892576,1646.7950439453125,-0.0019980019980018193,0.6932452537182328,0.5750736015701668,trend_exit
2017-07-25,2017-07-25,2017-08-03,9983.T,10309.344944335937,10197.408203125,-0.011846935966689509,0.704164861762298,0.6440397350993378,trend_exit
2017-07-23,2017-07-23,2017-08-06,3549.T,1811.1493057861326,2016.862548828125,0.1124680222897192,0.7217307959597803,0.5608324439701174,trend_exit
2017-07-26,2017-07-26,2017-08-07,6902.T,979.5399016723632,1079.4873046875,0.10093301512439945,0.7006195615885242,0.5608324439701174,trend_exit
2017-07-20,2017-07-20,2017-08-08,2768.T,961.238965209961,1005.0227661132812,0.044503791133626125,0.700722808126649,0.5750736015701668,trend_exit
2017-07-26,2017-07-26,2017-08-08,6869.T,1933.9418975830076,1999.583740234375,0.03290805116258744,0.7695152247447641,0.6440397350993378,trend_exit
2017-07-30,2017-07-30,2017-08-08,7747.T,1180.6111944580077,1184.1876220703125,0.0020262724946740196,0.7400673791141643,0.6440397350993378,trend_exit
2017-08-03,2017-08-03,2017-08-09,3774.T,455.2344427490234,447.10595703125,-0.018837747915160463,0.6986464200917687,0.5750736015701668,trend_exit
2017-07-30,2017-07-30,2017-08-10,8058.T,576.8300990600585,614.8471069335938,0.0648408618543801,0.7295476165298892,0.5750736015701668,trend_exit
2017-07-27,2017-07-27,2017-08-13,8252.T,1180.5063533935545,1211.54052734375,0.025262577653328178,0.756005867704137,0.6440397350993378,trend_exit
2017-08-06,2017-08-06,2017-08-13,2331.T,806.2378054199218,793.462158203125,-0.016830157657928946,0.713701959593347,0.5608324439701174,trend_exit
2017-08-07,2017-08-07,2017-08-13,2875.T,3448.4904555664057,3393.369873046875,-0.016967990239940223,0.7492062486512774,0.6440397350993378,trend_exit
2017-08-09,2017-08-09,2017-08-14,8830.T,1542.742250854492,1504.4300537109375,-0.025808995102851395,0.6936638728898225,0.5608324439701174,trend_exit
2017-07-26,2017-07-26,2017-08-15,5631.T,1546.3165002441403,1878.6611328125,0.2137117280863079,0.7530110214677715,0.6440397350993378,trend_exit
2017-08-03,2017-08-03,2017-08-16,9706.T,3828.492392333984,3871.31005859375,0.010172765728660549,0.7023996275281756,0.6440397350993378,trend_exit
2017-08-15,2017-08-15,2017-08-20,4568.T,703.8348455810547,685.0643920898438,-0.027642163506751638,0.6803162158953016,0.48353681095079565,trend_exit
2017-08-15,2017-08-15,2017-08-20,4091.T,1157.0671661376953,1149.677490234375,-0.00738017086947429,0.6796479402530535,0.47030878859857483,trend_exit
2017-08-09,2017-08-09,2017-08-21,3941.T,498.18240762329094,498.4888000488281,-0.0003855944561111935,0.7120362490782243,0.5608324439701174,trend_exit
2017-08-15,2017-08-15,2017-08-21,4021.T,3065.1766164550777,3020.734619140625,-0.015484501505979908,0.6420189176244456,0.47030878859857483,trend_exit
2017-08-16,2017-08-16,2017-08-21,8766.T,1088.629900756836,1064.0841064453125,-0.023524871400431135,0.6764689795739046,0.48353681095079565,trend_exit
2017-08-16,2017-08-16,2017-08-21,4523.T,4651.584926269531,4527.765625,-0.027592115145463447,0.6583756651737529,0.47030878859857483,trend_exit
2017-08-08,2017-08-08,2017-08-24,9449.T,1122.9082855224608,1226.7899169921875,0.09141872303931908,0.6983780408390093,0.6440397350993378,trend_exit
2017-08-15,2017-08-15,2017-08-28,2371.T,1114.4425528564452,1143.62353515625,0.025158191144788677,0.6937384846556982,0.48353681095079565,trend_exit
2017-08-24,2017-08-24,2017-08-29,9983.T,9785.243241210936,9616.5380859375,-0.018223532002593967,0.7025099632863723,0.48353681095079565,trend_exit
2017-08-24,2017-08-24,2017-08-29,7203.T,957.5430733032225,955.499267578125,-0.0031322925059955598,0.6500876631119071,0.48353681095079565,trend_exit
2017-08-29,2017-08-29,2017-09-03,9045.T,3105.125949707031,3060.041748046875,-0.015504763474327055,0.6620471837593731,0.48353681095079565,trend_exit
2017-08-22,2017-08-22,2017-09-04,7459.T,1597.1639277343747,1598.083740234375,-0.00042467227593623313,0.6811751377625637,0.48353681095079565,trend_exit
2017-08-22,2017-08-22,2017-09-04,6504.T,2442.0426303710933,2473.136474609375,0.011719986951793437,0.671445609130535,0.48353681095079565,trend_exit
2017-08-23,2017-08-23,2017-09-04,8830.T,1470.4902614746093,1482.6397705078125,0.007253954373012128,0.6527086882494737,0.4788732394366198,trend_exit
2017-08-23,2017-08-23,2017-09-04,7267.T,741.2621891479491,746.1353149414062,0.005567517862012483,0.6484448452598246,0.4788732394366198,trend_exit
2017-08-28,2017-08-28,2017-09-04,8593.T,390.4823163452148,382.2762145996094,-0.021994281432740403,0.7144251480356637,0.48353681095079565,trend_exit
2017-08-14,2017-08-14,2017-09-05,6532.T,156.71553419494626,176.92506408691406,0.12782781828737755,0.7115686999620341,0.48353681095079565,trend_exit
2017-08-15,2017-08-15,2017-09-05,2875.T,3448.4904555664057,3479.495849609375,0.007982013738483396,0.655533533625962,0.47030878859857483,trend_exit
2017-08-29,2017-08-29,2017-09-05,8316.T,917.0377036132811,914.30419921875,-0.003977817465276479,0.7011311018615062,0.48353681095079565,trend_exit
2017-09-06,2017-09-06,2017-09-17,2670.T,1543.67408996582,1539.47314453125,-0.003718672624237973,0.702676023033481,0.48353681095079565,trend_exit
2017-09-10,2017-09-10,2017-09-17,7309.T,13176.274439453124,13136.173828125,-0.00404035187646401,0.6865144906167708,0.48353681095079565,trend_exit
2017-09-11,2017-09-11,2017-09-19,2371.T,1140.555309448242,1157.9295654296875,0.014217921990877125,0.6668424661575743,0.48353681095079565,trend_exit
2017-09-10,2017-09-10,2017-09-20,7459.T,1619.824993896484,1611.4990234375,-0.006134903165382788,0.6339889629399942,0.48353681095079565,trend_exit
2017-08-27,2017-08-27,2017-09-21,6857.T,401.9126195068359,454.341552734375,0.1293181382027262,0.6956058186585415,0.48353681095079565,trend_exit
2017-09-11,2017-09-11,2017-09-21,8267.T,478.88355651855466,481.2264099121094,0.0038874314189789594,0.673954698577239,0.48353681095079565,trend_exit
2017-09-07,2017-09-07,2017-09-25,9468.T,568.8619948730468,596.5317993164062,0.04759198696352529,0.6687121067383501,0.47030878859857483,trend_exit
2017-09-05,2017-09-05,2017-09-27,9301.T,440.43083557128904,466.818603515625,0.05885362069891853,0.669747544121281,0.47030878859857483,trend_exit
2017-09-19,2017-09-19,2017-09-27,7309.T,13391.983096679685,13728.78125,0.024124087503546443,0.7032083509092055,0.48353681095079565,trend_exit
2017-09-24,2017-09-24,2017-09-27,2801.T,639.4741013793945,633.6742553710938,-0.010060642408807885,0.7829182778398653,0.6998616874135546,trend_exit
2017-09-25,2017-09-25,2017-10-03,2327.T,1059.4823741455077,1062.3023681640625,0.0016590098082645,0.7289711246358488,0.6998616874135546,trend_exit
2017-09-19,2017-09-19,2017-10-04,2670.T,1556.9815736083983,1582.014892578125,0.015062030581902475,0.6849878022225919,0.4788732394366198,trend_exit
2017-09-27,2017-09-27,2017-10-05,3563.T,811.3069564208984,833.853759765625,0.026762927906779366,0.674126065173738,0.6998616874135546,trend_exit
2017-09-11,2017-09-11,2017-10-08,4091.T,1116.0613575439452,1204.262451171875,0.07794986412593574,0.6631304829680874,0.48353681095079565,trend_exit
2017-10-03,2017-10-03,2017-10-08,9045.T,3128.306577880859,3097.068603515625,-0.01097560041318224,0.6748621075524915,0.557183243382164,trend_exit
2017-09-20,2017-09-20,2017-10-09,9706.T,3595.047021972656,3863.263671875,0.07353266441711659,0.6756261525277816,0.48353681095079565,trend_exit
2017-09-24,2017-09-24,2017-10-09,3923.T,124.1889376144409,135.23690795898438,0.08787202504674241,0.7203270875634145,0.8769230769230769,trend_exit
2017-09-28,2017-09-28,2017-10-10,8252.T,1281.4719642333982,1335.8177490234375,0.041366466470242,0.6836684349226407,0.6998616874135546,trend_exit
2017-09-11,2017-09-11,2017-10-11,8697.T,715.7405382080077,815.1813354492188,0.13779520739832596,0.6639904442120038,0.48353681095079565,trend_exit
2017-10-10,2017-10-10,2017-10-15,2670.T,1604.8885635986326,1528.837646484375,-0.04833965206081681,0.7681093510834356,0.6998616874135546,trend_exit
2017-09-27,2017-09-27,2017-10-16,2371.T,1205.8496645507812,1337.4539794921875,0.10802910577616887,0.7159048543950363,0.6998616874135546,trend_exit
2017-09-24,2017-09-24,2017-10-17,9697.T,304.5592598876953,319.30908203125,0.04738162637657006,0.7263028130376694,0.6998616874135546,trend_exit
2017-10-10,2017-10-10,2017-10-18,2593.T,3527.579719726562,3556.470947265625,0.0071819090154428,0.6908056936443485,0.6998616874135546,trend_exit
2017-10-10,2017-10-10,2017-10-18,2413.T,1550.4430592041015,1558.4849853515625,0.004181669957900702,0.6854543905365683,0.557183243382164,trend_exit
2017-10-11,2017-10-11,2017-10-18,6055.T,856.2893939208983,858.1923828125,0.0012201441664543289,0.7102899152653563,0.557183243382164,trend_exit
2017-10-16,2017-10-16,2017-10-19,9533.T,2924.7890546874996,2904.34521484375,-0.007982861198544855,0.7486975980575077,0.6998616874135546,trend_exit
2017-10-04,2017-10-04,2017-10-24,9005.T,1460.984671630859,1561.0333251953125,0.06741180941297564,0.7760021044658798,0.6998616874135546,trend_exit
2017-10-18,2017-10-18,2017-10-25,4091.T,1212.6583463134764,1209.6505126953125,-0.0034778832337075682,0.7491942148486699,0.6998616874135546,trend_exit
2017-10-19,2017-10-19,2017-10-26,7936.T,384.82557272338863,391.1309814453125,0.015368723285782648,0.6887642487527684,0.6998616874135546,trend_exit
2017-10-22,2017-10-22,2017-10-29,4527.T,1224.988657470703,1208.010009765625,-0.014846388661585164,0.735104315826779,0.6998616874135546,trend_exit
2017-10-22,2017-10-22,2017-10-29,4733.T,2640.4060788574216,2565.001708984375,-0.029529310739873194,0.7108575839965756,0.6998616874135546,trend_exit
2017-10-17,2017-10-17,2017-10-30,6869.T,2235.4766516113277,2384.388671875,0.06554648266452712,0.6825628566132301,0.557183243382164,trend_exit
2017-10-25,2017-10-25,2017-10-31,2371.T,1336.2348022460935,1336.6026611328125,-0.000724980200175418,0.7116058078469749,0.6998616874135546,trend_exit
2017-10-26,2017-10-26,2017-11-01,9064.T,1970.7130069580076,1957.040771484375,-0.007930772360021265,0.7220956458956597,0.6998616874135546,trend_exit
2017-10-29,2017-10-29,2017-11-07,3697.T,136.20273231506346,145.8000030517578,0.06939266616017292,0.7890668323345456,0.8769230769230769,trend_exit
2017-10-10,2017-10-10,2017-11-08,8001.T,286.2216657104492,309.0001220703125,0.07850368762972604,0.6649120694776475,0.6998616874135546,trend_exit
2017-10-15,2017-10-15,2017-11-08,5201.T,3064.9314985351557,3404.85595703125,0.10979677774198171,0.6983659978025416,0.557183243382164,trend_exit
2017-10-10,2017-10-10,2017-11-09,3626.T,957.0401294555663,1083.1676025390625,0.13065732734957658,0.6739917863188507,0.557183243382164,trend_exit
2017-10-30,2017-10-30,2017-11-09,3197.T,1562.9338089599607,1534.65869140625,-0.019072961423077572,0.6327078566135336,0.49403341288782815,trend_exit
2017-11-01,2017-11-01,2017-11-12,8088.T,748.8661600341796,739.6167602539062,-0.013338854222056606,0.7488078416197328,0.6998616874135546,trend_exit
2017-11-07,2017-11-07,2017-11-12,6532.T,224.52080529785152,217.47784423828125,-0.03233748825271132,0.7982657612202053,0.7751884852638794,trend_exit
2017-10-29,2017-10-29,2017-11-13,8056.T,1567.0133238525389,1759.1458740234375,0.12148805718437528,0.6799233381875608,0.8769230769230769,trend_exit
2017-10-25,2017-10-25,2017-11-14,6544.T,143.5172294464111,183.33056640625,0.27613413766624006,0.7214259873475635,0.6998616874135546,trend_exit
2017-11-01,2017-11-01,2017-11-16,8113.T,802.0463012084961,853.221923828125,0.0627425132688435,0.7746408546249477,0.6998616874135546,trend_exit
2017-11-16,2017-11-16,2017-11-22,4523.T,5282.859613281249,5199.9345703125,-0.01668130217155739,0.7193146273678719,0.7751884852638794,trend_exit
2017-11-15,2017-11-15,2017-11-23,6532.T,230.98702763366697,231.5637054443359,0.0014940843594557496,0.7855484861583866,0.7751884852638794,trend_exit
2017-11-16,2017-11-16,2017-11-23,2768.T,1145.0822928466796,1115.95263671875,-0.026413480457773586,0.6953070590789204,0.7751884852638794,trend_exit
2017-10-11,2017-10-11,2017-11-26,7733.T,935.1324404296874,1067.823974609375,0.14075408414298818,0.7776315098491722,0.6998616874135546,trend_exit
2017-11-20,2017-11-20,2017-11-27,1414.T,736.7067960205077,716.358642578125,-0.028592802725243782,0.7511239912479148,0.7751884852638794,trend_exit
2017-11-19,2017-11-19,2017-11-29,6055.T,1009.3843525390624,1020.6358642578124,0.010135758325118482,0.6666767501970741,0.7751884852638794,trend_exit
2017-11-16,2017-11-16,2017-12-04,6951.T,1130.8885478515624,1137.0006103515625,0.004399250393949172,0.6992268764202565,0.7751884852638794,trend_exit
2017-11-19,2017-11-19,2017-12-04,2371.T,1425.7149400634764,1479.6278076171875,0.03677680458602728,0.753654568298713,0.7751884852638794,trend_exit
2017-11-19,2017-11-19,2017-12-05,9983.T,12459.74514941406,13091.5,0.04965296987756074,0.696592732302876,0.7751884852638794,trend_exit
2017-11-23,2017-11-23,2017-12-06,8766.T,1187.4621547851561,1237.991943359375,0.04151020428922858,0.8068639781805704,0.7751884852638794,trend_exit
2017-11-29,2017-11-29,2017-12-06,4523.T,5267.976092285156,5245.36669921875,-0.00528756381533646,0.7645455032290103,0.7751884852638794,trend_exit
2017-11-27,2017-11-27,2017-12-10,9045.T,2992.293259033203,3125.181396484375,0.043365721478988206,0.7564898738487662,0.7751884852638794,trend_exit
2017-11-23,2017-11-23,2017-12-12,9044.T,2430.138404052734,2591.86865234375,0.06548531531096247,0.6707210755890758,0.7422552664188352,trend_exit
2017-11-16,2017-11-16,2017-12-14,2801.T,751.7378643188475,842.435546875,0.11953002672107749,0.7676840933636309,0.7751884852638794,trend_exit
2017-11-26,2017-11-26,2017-12-14,9041.T,3833.3639582519527,4068.593017578125,0.06030224858012323,0.7190793569300837,0.7125201504567436,trend_exit
2017-12-04,2017-12-04,2017-12-14,5201.T,3379.650199707031,3351.2646484375,-0.009390562348943532,0.7052485882532944,0.7302631578947368,trend_exit
2017-12-07,2017-12-07,2017-12-14,9412.T,378.56733709716787,376.6763916015625,-0.005990009345747893,0.7364413784505617,0.7751884852638794,trend_exit
2017-12-06,2017-12-06,2017-12-17,3923.T,139.20279969787597,142.211669921875,0.02059339726139786,0.6753233525332045,0.7751884852638794,trend_exit
2017-12-12,2017-12-12,2017-12-17,7752.T,850.2598107910155,832.1426391601562,-0.02228649882015521,0.7865704445397157,0.7751884852638794,trend_exit
2017-12-10,2017-12-10,2017-12-24,7936.T,368.3075147705078,392.4688720703125,0.0645354424618374,0.7856002692886631,0.7751884852638794,trend_exit
2017-12-07,2017-12-07,2017-12-25,4812.T,345.5661376647949,372.1712951660156,0.07591306944403553,0.7778851833549449,0.7751884852638794,trend_exit
2017-12-18,2017-12-18,2017-12-26,6976.T,1509.5504007568359,1512.406005859375,0.0008898007618733939,0.6951397770490509,0.6498353457738749,trend_exit
2017-12-18,2017-12-18,2017-12-27,6981.T,1421.3025731201171,1428.860107421875,0.004312012311975311,0.7220299884169932,0.7064935064935065,trend_exit
2017-12-18,2017-12-18,2017-12-27,4091.T,1411.321899291992,1419.7904052734375,0.004994406718770605,0.7374534742592769,0.666110183639399,trend_exit
2017-12-24,2017-12-24,2017-12-27,9533.T,2714.309742675781,2689.6953125,-0.010059325602745806,0.7925362889912116,0.7064935064935065,trend_exit
2017-12-17,2017-12-17,2017-12-28,8111.T,629.2225270385742,666.6679077148438,0.05845104265680545,0.6815538819290833,0.666110183639399,trend_exit
2017-12-25,2017-12-25,2017-12-28,8801.T,720.38720904541,715.84033203125,-0.007305400873462098,0.7328620844100242,0.7064935064935065,trend_exit
2017-12-07,2017-12-07,2017-12-31,3064.T,772.796071899414,851.2273559570312,0.10038878240022675,0.7299170543336893,0.7751884852638794,trend_exit
2017-12-18,2017-12-18,2017-12-31,8088.T,752.0574584960937,771.4967041015625,0.02482223757038149,0.7305382240275814,0.666110183639399,trend_exit
2017-12-27,2017-12-27,2018-01-01,4661.T,2030.3316480712888,2009.713134765625,-0.011145088765140976,0.6862710791830201,0.6498353457738749,trend_exit
2017-12-18,2017-12-18,2018-01-02,8058.T,724.6839208984375,762.1533813476562,0.05065285155266408,0.6828739408985568,0.607142857142857,trend_exit
2017-12-27,2017-12-27,2018-01-02,9983.T,13947.847976562498,13909.1376953125,-0.003772583342873448,0.6998524613083084,0.666110183639399,trend_exit
2018-01-03,2018-01-03,2018-01-09,2371.T,1653.249864868164,1635.4228515625,-0.01177222909301634,0.7219379430991796,0.666110183639399,trend_exit
2018-01-03,2018-01-03,2018-01-10,6951.T,1176.196383666992,1175.0213623046875,-0.0019980019980019303,0.7343311488358443,0.7064935064935065,trend_exit
2017-11-28,2017-11-28,2018-01-11,4733.T,2613.0902160644528,2992.501953125,0.14405137365457787,0.6875970179715558,0.7751884852638794,trend_exit
2018-01-03,2018-01-03,2018-01-11,7832.T,1058.3089606933593,1043.3951416015625,-0.015078029976183793,0.7373664938543731,0.7064935064935065,trend_exit
2018-01-03,2018-01-03,2018-01-11,9531.T,2191.3920837402343,2210.899169921875,0.007892785202636032,0.7266993307011529,0.666110183639399,trend_exit
2018-01-03,2018-01-03,2018-01-11,8267.T,572.9660704345703,553.0911254882812,-0.03565313397403014,0.6881846853028877,0.666110183639399,trend_exit
2018-01-03,2018-01-03,2018-01-14,4091.T,1462.5609533691404,1511.3896484375,0.03235236474139591,0.7189472833977054,0.666110183639399,trend_exit
2018-01-14,2018-01-14,2018-01-17,3774.T,497.56249511718744,475.25634765625,-0.045786014886889936,0.7264730389824159,0.666110183639399,trend_exit
2018-01-03,2018-01-03,2018-01-18,8088.T,786.096773864746,825.69287109375,0.049320141803025574,0.7512776617805715,0.666110183639399,trend_exit
2018-01-15,2018-01-15,2018-01-18,9418.T,328.7769042663574,320.832275390625,-0.025140029740126746,0.7003621376245771,0.7064935064935065,trend_exit
2018-01-15,2018-01-15,2018-01-18,2413.T,1934.453761474609,1906.146728515625,-0.015618455343418769,0.691045850426355,0.666110183639399,trend_exit
2018-01-14,2018-01-14,2018-01-21,3563.T,1083.6910068359373,1051.0760498046875,-0.031066081446361138,0.6910045876318027,0.7064935064935065,trend_exit
2018-01-03,2018-01-03,2018-01-24,4812.T,370.52420678710934,406.7516784667969,0.09667578890952777,0.7517094754168067,0.6498353457738749,trend_exit
2018-01-10,2018-01-10,2018-01-24,6532.T,278.405691040039,309.9777526855469,0.11228967258548739,0.7523750633900657,0.7064935064935065,trend_exit
2018-01-16,2018-01-16,2018-01-25,9627.T,6151.481273437499,6292.97265625,0.021978187715542052,0.6873083363139393,0.607142857142857,trend_exit
2018-01-21,2018-01-21,2018-01-25,2371.T,1620.0145142822264,1605.6259765625,-0.00987285209810329,0.6974772790397398,0.666110183639399,trend_exit
2017-12-26,2017-12-26,2018-01-28,9045.T,3100.1656721191403,3293.856689453125,0.06141515673076414,0.7124778971764913,0.666110183639399,trend_exit
2018-01-21,2018-01-21,2018-01-28,3197.T,1489.9373013916013,1474.4420166015625,-0.011389557661782623,0.7017323790274167,0.666110183639399,trend_exit
2018-01-16,2018-01-16,2018-01-29,2593.T,4127.77990625,4244.6669921875,0.02728886265829189,0.6621961915349147,0.564516129032258,trend_exit
2018-01-22,2018-01-22,2018-01-29,8136.T,586.8000810546874,583.1286010742188,-0.007250524870235031,0.7667807397018498,0.7142857142857143,trend_exit
2018-01-24,2018-01-24,2018-01-29,9503.T,1069.0309757080076,1052.7877197265625,-0.01617917917646572,0.6609450780094949,0.5381380510440839,trend_exit
2018-01-24,2018-01-24,2018-01-30,9605.T,2235.34859399414,2161.88720703125,-0.033830640273782575,0.6627678721851921,0.564516129032258,trend_exit
2018-01-25,2018-01-25,2018-01-30,3563.T,1070.8318470458983,1016.0403442382812,-0.052116065940522205,0.7844224875628791,0.6498353457738749,trend_exit
2018-01-22,2018-01-22,2018-02-04,6460.T,1211.2625427246091,1209.2176513671875,-0.0026865430854231542,0.7466958525302101,0.7064935064935065,trend_exit
2018-01-18,2018-01-18,2018-02-05,3549.T,1891.3613957519528,1860.2535400390625,-0.017430888315145276,0.7410100846062946,0.666110183639399,trend_exit
2018-01-31,2018-01-31,2018-02-05,3923.T,212.54227073669432,195.3558807373047,-0.08178018339542503,0.7194023250861552,0.5649419218585005,stoploss
2018-01-31,2018-01-31,2018-02-05,4403.T,863.1798834838867,780.93994140625,-0.09618027899811765,0.6566056356846374,0.5408163265306123,stoploss
2018-02-01,2018-02-01,2018-02-05,4733.T,2954.5231047363277,2655.95947265625,-0.10195201759290895,0.6922168055291393,0.5649419218585005,stoploss
2018-02-01,2018-02-01,2018-02-05,9706.T,4031.3867343749994,3722.61083984375,-0.07751637983686044,0.6602468746370354,0.5649419218585005,stoploss
2018-02-01,2018-02-01,2018-02-05,4507.T,1778.3902611083981,1576.616455078125,-0.11434521821920651,0.6716887679103264,0.49342814048696393,stoploss
2018-02-01,2018-02-01,2018-02-06,7550.T,1841.6011138916015,1829.4151611328125,-0.0076104254141685646,0.6825199152792443,0.5255474452554744,trend_exit
2018-02-04,2018-02-04,2018-02-07,4523.T,5227.458564453124,5076.8525390625,-0.029781752645221315,0.6912717313768622,0.6013986013986014,trend_exit
2018-02-07,2018-02-07,2018-02-12,4503.T,1168.1959595947264,1136.5947265625,-0.02802426039047967,0.6736569051179258,0.5649419218585005,trend_exit
2018-02-08,2018-02-08,2018-02-13,9504.T,951.5059753417968,943.461669921875,-0.009445833576205542,0.6777209238114552,0.6013986013986014,trend_exit
2018-02-13,2018-02-13,2018-02-14,3197.T,1451.614104370117,1330.6397705078125,-0.084254467674715,0.7548267513332844,0.6013986013986014,stoploss
2018-02-13,2018-02-13,2018-02-14,7936.T,391.39689578247066,352.1312561035156,-0.10122147457469155,0.6751355076701098,0.5408163265306123,stoploss
2018-02-07,2018-02-07,2018-02-21,3549.T,1901.1111259765623,1912.1978759765625,0.0048258894488930615,0.7194050526064234,0.6666666666666666,trend_exit
2018-02-14,2018-02-14,2018-02-21,8766.T,1244.9001506347654,1215.581787109375,-0.024527224369706113,0.660107504499837,0.49342814048696393,trend_exit
2018-02-12,2018-02-12,2018-02-22,3038.T,469.54714202880854,496.4993591308594,0.056343049238060994,0.7058482219451137,0.5649419218585005,trend_exit
2018-02-13,2018-02-13,2018-02-22,3349.T,4582.201647460937,4646.62158203125,0.01304467100905593,0.7470739377220572,0.6013986013986014,trend_exit
2018-02-14,2018-02-14,2018-02-22,7741.T,5038.0408203125,5001.44091796875,-0.008257444658643642,0.6787223576955262,0.5649419218585005,trend_exit
2018-02-14,2018-02-14,2018-02-22,2802.T,853.5085396728515,862.1964721679688,0.009168901843616961,0.7016604046669209,0.5408163265306123,trend_exit
2018-02-15,2018-02-15,2018-02-22,9301.T,414.40712667846674,413.9931335449219,-0.0019980019980018193,0.7048151975650335,0.5649419218585005,trend_exit
2018-02-14,2018-02-14,2018-02-27,9605.T,2058.0625983886716,2190.763427734375,0.06341404096267511,0.7001125522170475,0.5408163265306123,trend_exit
2018-02-25,2018-02-25,2018-02-28,9984.T,1075.50802734375,1044.3968505859375,-0.0298980321772353,0.6572489968495272,0.6013986013986014,trend_exit
2018-02-25,2018-02-25,2018-02-28,9433.T,1019.2609184570312,992.7247924804688,-0.027008639564750858,0.742342585268366,0.5649419218585005,trend_exit
2018-02-25,2018-02-25,2018-02-28,8801.T,748.6237303466796,725.6209716796875,-0.031696002513416754,0.6699316205372936,0.49342814048696393,trend_exit
2018-02-15,2018-02-15,2018-03-01,4503.T,1161.165743041992,1181.85595703125,0.01680066618320919,0.7294076664958844,0.6013986013986014,trend_exit
2018-02-22,2018-02-22,2018-03-01,3197.T,1376.8367650146483,1372.659912109375,-0.004030625095432949,0.6991239467559563,0.5408163265306123,trend_exit
2018-02-26,2018-02-26,2018-03-01,3349.T,4808.452574707031,4613.31103515625,-0.041542439585797175,0.7299042898351797,0.6013986013986014,trend_exit
2018-02-26,2018-02-26,2018-03-01,9301.T,421.2034059143066,393.62457275390625,-0.06641080613399686,0.7725656214505646,0.5649419218585005,trend_exit
2018-02-26,2018-02-26,2018-03-01,9107.T,209.05383094787598,201.7090759277344,-0.03609818610762938,0.6909504292213271,0.5408163265306123,trend_exit
2018-02-15,2018-02-15,2018-03-07,3563.T,1061.4794864501953,1122.3157958984375,0.056255438201674224,0.7348162228736571,0.6013986013986014,trend_exit
2018-02-27,2018-02-27,2018-03-11,3549.T,2063.599135253906,2168.672607421875,0.0498666615054022,0.6960067441245592,0.6013986013986014,trend_exit
2018-03-06,2018-03-06,2018-03-14,9983.T,13228.583532226561,13128.2412109375,-0.008577680461673731,0.7157343324281985,0.6013986013986014,trend_exit
2018-03-05,2018-03-05,2018-03-18,7936.T,399.54150686645505,433.4966735839844,0.08390034443943217,0.6786323988784737,0.5649419218585005,trend_exit
2018-03-06,2018-03-06,2018-03-18,9433.T,1013.1609525146484,1024.71728515625,0.010394809758810686,0.7750333851414107,0.5649419218585005,trend_exit
2018-03-07,2018-03-07,2018-03-18,4403.T,832.8828320312499,856.60693359375,0.027455836222649355,0.6890999886429401,0.5649419218585005,trend_exit
2018-03-07,2018-03-07,2018-03-18,8725.T,770.9056335449218,780.2288208007812,0.011081717480484476,0.7456199711004686,0.5408163265306123,trend_exit
2018-03-07,2018-03-07,2018-03-19,4523.T,5065.393340820312,5623.69384765625,0.10910837042692112,0.6701816997119918,0.6013986013986014,trend_exit
2018-03-11,2018-03-11,2018-03-19,6544.T,289.50488339233397,272.762939453125,-0.058771743948802135,0.7938164060415698,0.5804597701149424,trend_exit
2018-03-06,2018-03-06,2018-03-20,3349.T,4798.9269453125,5098.67236328125,0.06139846448241393,0.7704103159742489,0.6013986013986014,trend_exit
2018-03-07,2018-03-07,2018-03-20,9041.T,3736.7246909179685,3820.340087890625,0.02135427773919396,0.7174261925371629,0.5408163265306123,trend_exit
2018-03-07,2018-03-07,2018-03-21,3038.T,505.7559831542968,525.6708374023438,0.038337032198251464,0.6989582606737514,0.5649419218585005,trend_exit
2018-03-14,2018-03-14,2018-03-22,7309.T,13656.446514648436,13272.8642578125,-0.02905991105871264,0.6981402785812891,0.5804597701149424,trend_exit
2018-03-21,2018-03-21,2018-03-26,9433.T,1040.0386334228515,1035.00048828125,-0.0058393461884155284,0.7762966868622481,0.49591280653950953,trend_exit
2018-03-21,2018-03-21,2018-03-26,8766.T,1238.4906713867185,1195.3876953125,-0.03576802376713173,0.7154695207587437,0.48331273176761436,trend_exit
2018-03-27,2018-03-27,2018-04-04,9501.T,406.40599999999995,410.0,0.007834530002017726,0.7106309501482724,0.5023696682464455,trend_exit
2018-03-27,2018-03-27,2018-04-05,6871.T,885.5322916870116,937.52490234375,0.05765468547412378,0.7143670644278562,0.49591280653950953,trend_exit
2018-03-26,2018-03-26,2018-04-10,2371.T,1594.4488129882811,1643.5181884765625,0.029744358623166045,0.7807553923168606,0.5092592592592593,trend_exit
2018-03-26,2018-03-26,2018-04-10,9142.T,2642.3462495117183,2698.971435546875,0.020408458811775665,0.7272722121353328,0.48331273176761436,trend_exit
2018-03-27,2018-03-27,2018-04-10,2801.T,767.7611958618163,793.89013671875,0.03299860797441867,0.7630175390491032,0.48331273176761436,trend_exit
2018-03-27,2018-03-27,2018-04-11,3197.T,1424.507068359375,1443.6275634765625,0.01240911185794924,0.7469636954689198,0.5092592592592593,trend_exit
2018-03-26,2018-03-26,2018-04-12,3092.T,790.4126699218749,856.0023193359375,0.08189854434029376,0.7421590527933458,0.48331273176761436,trend_exit
2018-03-26,2018-03-26,2018-04-12,2702.T,4580.548628906249,4859.02197265625,0.05973396288179522,0.7022180706376723,0.48331273176761436,trend_exit
2018-04-05,2018-04-05,2018-04-12,5901.T,1256.3790252685546,1266.2452392578125,0.006845043236981541,0.7714314736033066,0.5023696682464455,trend_exit
2018-03-26,2018-03-26,2018-04-15,8801.T,721.3803887329101,775.1382446289062,0.07344629612738762,0.7547298522609468,0.48331273176761436,trend_exit
2018-04-04,2018-04-04,2018-04-16,8766.T,1212.3741268310546,1227.18798828125,0.011206667283000682,0.784493844172893,0.5804597701149424,trend_exit
2018-04-12,2018-04-12,2018-04-17,9418.T,282.7164244689941,272.2789611816406,-0.03788157079536658,0.825317057360867,0.5092592592592593,trend_exit
2018-04-10,2018-04-10,2018-04-19,6981.T,1374.6242275390623,1355.6083984375,-0.01481964095487387,0.7275795412511414,0.5092592592592593,trend_exit
2018-04-15,2018-04-15,2018-04-22,3774.T,471.55347985839836,469.93951416015625,-0.004419234087781554,0.7803826520059698,0.48331273176761436,trend_exit
2018-03-27,2018-03-27,2018-04-23,9301.T,370.126745513916,406.0827331542969,0.09604792233499926,0.8739783035184108,0.5092592592592593,trend_exit
2018-04-11,2018-04-11,2018-04-23,3107.T,733.2115440063476,773.6563110351562,0.05410595488036951,0.6929342214713098,0.48331273176761436,trend_exit
2018-04-15,2018-04-15,2018-04-24,7832.T,1025.6459592285155,1040.36279296875,0.013334495031358529,0.7805261822723515,0.5804597701149424,trend_exit
2018-04-16,2018-04-16,2018-04-24,9412.T,375.71093740844725,379.1891784667969,0.00824850056604487,0.7257501468779332,0.49591280653950953,trend_exit
2018-04-17,2018-04-17,2018-04-25,9697.T,493.4937942504883,479.5594177246094,-0.029207937590168154,0.7701847149989383,0.625,trend_exit
2018-04-16,2018-04-16,2018-04-26,9533.T,2905.7944931640623,2933.820556640625,0.00863524346919653,0.7601004418392175,0.48331273176761436,trend_exit
2018-04-19,2018-04-19,2018-04-29,9418.T,284.9400203552246,286.2420654296875,0.0035649713499945612,0.8385081973582903,0.5818181818181818,trend_exit
2018-04-22,2018-04-22,2018-04-29,6544.T,237.53979272460936,232.80946350097656,-0.020893925309128147,0.8561015388511322,0.6984924623115579,trend_exit
2018-04-23,2018-04-23,2018-04-29,5105.T,1386.9423194580077,1373.8023681640625,-0.010464569044068672,0.6716719744496671,0.6984924623115579,trend_exit
2018-04-23,2018-04-23,2018-04-30,3132.T,489.29951016235344,481.0146179199219,-0.01791521691375264,0.6810085173993294,0.6984924623115579,trend_exit
2018-04-25,2018-04-25,2018-04-30,4689.T,397.9467740783691,340.8829650878906,-0.14425218570627596,0.7161587333556682,0.5976230899830223,stoploss
2018-04-25,2018-04-25,2018-05-01,3288.T,2466.689811523437,2451.965576171875,-0.006963259363821694,0.6888161304657807,0.6984924623115579,trend_exit
2018-04-12,2018-04-12,2018-05-02,3349.T,5018.033528320312,5783.88818359375,0.15146785345299651,0.7973879528005229,0.48331273176761436,trend_exit
2018-04-15,2018-04-15,2018-05-02,9433.T,1087.401256347656,1125.43017578125,0.03393732446269504,0.7363113361763055,0.49591280653950953,trend_exit
2018-04-26,2018-04-26,2018-05-06,9984.T,1012.9647115478514,1007.19140625,-0.006693714624807057,0.7490836491773509,0.6984924623115579,trend_exit
2018-04-26,2018-04-26,2018-05-07,9766.T,4832.229257324218,4908.15869140625,0.014697414300651968,0.7377563283772504,0.6984924623115579,trend_exit
2018-04-30,2018-04-30,2018-05-07,7867.T,965.0388428344726,947.9217529296876,-0.018719465845182803,0.7199631061188454,0.5915626982448723,trend_exit
2018-04-30,2018-04-30,2018-05-08,4519.T,1664.8691385498046,1640.1854248046875,-0.01581139235534834,0.7248354749855355,0.5915626982448723,trend_exit
2018-05-06,2018-05-06,2018-05-09,3110.T,2130.071302734375,1987.26806640625,-0.06797448714916887,0.7293893478378267,0.5915626982448723,trend_exit
2018-05-07,2018-05-07,2018-05-10,3774.T,477.2734274902343,461.9396057128906,-0.03309583243743397,0.8065824246659052,0.6984924623115579,trend_exit
2018-05-06,2018-05-06,2018-05-15,2809.T,2230.7881298828124,2269.252197265625,0.016225124520206302,0.7392686855522743,0.5976230899830223,trend_exit
2018-05-10,2018-05-10,2018-05-15,9605.T,2382.5508249511718,2322.212158203125,-0.02629991278676458,0.7664032949249386,0.6984924623115579,trend_exit
2018-05-07,2018-05-07,2018-05-17,7912.T,1010.5442026367186,1009.53466796875,-0.0019980019980019303,0.7844177159311265,0.6984924623115579,trend_exit
2018-05-09,2018-05-09,2018-05-21,7741.T,5526.519533691406,6002.2255859375,0.08499089233227064,0.6949728508759673,0.6984924623115579,trend_exit
2018-05-01,2018-05-01,2018-05-22,9697.T,490.30124331665036,604.1765747070312,0.23102359286190954,0.75062076867088,0.6984924623115579,trend_exit
2018-05-16,2018-05-16,2018-05-22,3197.T,1488.067880126953,1478.17724609375,-0.0076399816373476925,0.7001284463722033,0.5915626982448723,trend_exit
2018-05-06,2018-05-06,2018-05-23,9418.T,290.3401599731445,325.5924072265625,0.1202956382245639,0.7583825854378794,0.5915626982448723,trend_exit
2018-05-10,2018-05-10,2018-05-23,5901.T,1365.3181778564451,1447.3641357421875,0.059032828433105866,0.782827095148905,0.6984924623115579,trend_exit
2018-05-01,2018-05-01,2018-05-24,6981.T,1368.896703979492,1531.5562744140625,0.11770648120617455,0.7384913851826337,0.5976230899830223,trend_exit
2018-05-21,2018-05-21,2018-05-24,7733.T,930.9149703369138,916.8865966796876,-0.016054377392273445,0.7954030228244511,0.6984924623115579,trend_exit
2018-05-06,2018-05-06,2018-05-27,8111.T,1049.271489868164,1334.51513671875,0.2705773810260861,0.7107739081781345,0.6984924623115579,trend_exit
2018-05-17,2018-05-17,2018-05-27,6544.T,266.8919915771484,268.04425048828125,0.003313005592335161,0.7653837554010601,0.6984924623115579,trend_exit
2018-05-23,2018-05-23,2018-05-28,6323.T,236.5711889801025,229.8868408203125,-0.029226868370652914,0.7087139551416332,0.6984924623115579,trend_exit
2018-05-16,2018-05-16,2018-05-29,4816.T,615.461465270996,625.0476684570312,0.014560059440329898,0.7822859524241383,0.6984924623115579,trend_exit
2018-05-24,2018-05-24,2018-05-29,7912.T,1011.3989994506835,992.0259399414062,-0.020135560209451953,0.8149224998791353,0.6984924623115579,trend_exit
2018-05-27,2018-05-27,2018-05-30,3635.T,589.577880493164,587.3736572265625,-0.004734907831842272,0.8132556131344709,0.6984924623115579,trend_exit
2018-05-27,2018-05-27,2018-05-30,9533.T,3157.895463378906,3035.444091796875,-0.039737482487643305,0.727900632752468,0.6984924623115579,trend_exit
2018-05-24,2018-05-24,2018-05-31,7581.T,2381.6248510742184,2374.50390625,-0.0039869623992988545,0.7946593236103908,0.5915626982448723,trend_exit
2018-05-30,2018-05-30,2018-06-04,4689.T,350.9730895080566,341.7683410644531,-0.027200138899676984,0.7890812130460552,0.6984924623115579,trend_exit
2018-05-22,2018-05-22,2018-06-05,3994.T,2429.9275,2595.0,0.066865163672579,0.6959668374955644,0.6984924623115579,trend_exit
2018-05-31,2018-05-31,2018-06-05,7936.T,408.1386879882812,400.7244873046875,-0.019147719637700122,0.7098930885543917,0.5976230899830223,trend_exit
2018-05-07,2018-05-07,2018-06-07,3563.T,1363.0892666015623,1555.592529296875,0.1400844939833501,0.7304518727446514,0.6984924623115579,trend_exit
2018-05-29,2018-05-29,2018-06-07,9605.T,2303.2614096679686,2264.253173828125,-0.017919151009273104,0.8100081384984622,0.6363636363636364,trend_exit
2018-05-31,2018-05-31,2018-06-07,7733.T,957.1378833618163,974.0431518554688,0.016644650283656803,0.7164835601740651,0.676056338028169,trend_exit
2018-06-05,2018-06-05,2018-06-14,9735.T,3563.164829833984,3588.678955078125,0.006153362905213733,0.646294066319656,0.5944272445820432,trend_exit
2018-05-30,2018-05-30,2018-06-17,4733.T,3732.5088093261716,3820.283447265625,0.022492741151050266,0.6996600556404247,0.5915626982448723,trend_exit
2018-06-04,2018-06-04,2018-06-17,7581.T,2417.6957980957027,2418.125,-0.0008226523358602078,0.6241570230835911,0.6243315508021393,trend_exit
2018-06-12,2018-06-12,2018-06-17,6406.T,1183.9720959472654,1135.6402587890625,-0.04178094871181426,0.6507027464535184,0.5944272445820432,trend_exit
2018-06-12,2018-06-12,2018-06-17,7936.T,403.16133401489253,395.0741271972656,-0.021039420770720185,0.6407478971870859,0.5944272445820432,trend_exit
2018-05-28,2018-05-28,2018-06-18,2809.T,2282.8890068359374,2372.181640625,0.03807476048470204,0.706065551647205,0.5915626982448723,trend_exit
2018-06-11,2018-06-11,2018-06-18,2282.T,3790.006190673828,3705.751953125,-0.023208402592691857,0.6560487158736826,0.5944272445820432,trend_exit
2018-06-14,2018-06-14,2018-06-19,9605.T,2260.7157326660154,2200.498291015625,-0.027609813582266662,0.7046072450680718,0.6243315508021393,trend_exit
2018-05-30,2018-05-30,2018-06-26,2914.T,1828.5222521972655,1942.302978515625,0.061163282648297956,0.6929174507203923,0.5915626982448723,trend_exit
2018-06-21,2018-06-21,2018-06-26,4519.T,1733.998379394531,1703.7650146484375,-0.018418200466769563,0.612157887858303,0.6243315508021393,trend_exit
2018-05-27,2018-05-27,2018-06-27,2801.T,921.8705345458984,1040.5894775390625,0.12765171366887418,0.6967521727720175,0.6363636363636364,trend_exit
2018-06-18,2018-06-18,2018-06-27,7752.T,837.326602416992,834.005615234375,-0.004962212816191136,0.6447375835642555,0.6243315508021393,trend_exit
2018-06-06,2018-06-06,2018-07-01,9533.T,3109.2443217773434,3304.966552734375,0.061885540179841936,0.6101484791019279,0.6243315508021393,trend_exit
2018-06-24,2018-06-24,2018-07-01,9301.T,396.64777740478513,390.4193115234375,-0.016687059829699757,0.6620823826609149,0.5944272445820432,trend_exit
2018-06-25,2018-06-25,2018-07-01,1332.T,462.8222231445312,453.0789184570313,-0.02203088593430136,0.626916254922018,0.5944272445820432,trend_exit
2018-06-25,2018-06-25,2018-07-01,5108.T,1669.47163684082,1598.696044921875,-0.04335161278979405,0.6215098794981361,0.5714285714285715,trend_exit
2018-06-26,2018-06-26,2018-07-01,9605.T,2225.9055666503905,2127.084228515625,-0.04535161952768352,0.6840792225829576,0.6243315508021393,trend_exit
2018-06-25,2018-06-25,2018-07-02,1414.T,787.2096409912109,781.7014770507812,-0.00799007670886831,0.6286506413428354,0.5944272445820432,trend_exit
2018-06-26,2018-06-26,2018-07-02,7733.T,1000.0483046264648,976.4247436523438,-0.024598797482049517,0.6154092621157479,0.6243315508021393,trend_exit
2018-06-27,2018-06-27,2018-07-03,6871.T,825.0405249023437,780.5714111328125,-0.05484540918280345,0.6208574755366488,0.5822784810126582,trend_exit
2018-06-25,2018-06-25,2018-07-04,9412.T,403.484288482666,404.6225280761719,0.001818204788564426,0.6244328047844131,0.5822784810126582,trend_exit
2018-06-27,2018-06-27,2018-07-04,4901.T,1246.0009818115234,1238.9000244140625,-0.006693299237814365,0.6303836789735524,0.6243315508021393,trend_exit
2018-07-02,2018-07-02,2018-07-04,6315.T,326.2253745727539,295.1034851074219,-0.09630456549121957,0.6622350777948558,0.5833333333333334,stoploss
2018-07-02,2018-07-02,2018-07-05,7752.T,844.7877915039062,834.8336181640625,-0.012771262873959133,0.6936617092074724,0.6564885496183206,trend_exit
2018-07-05,2018-07-05,2018-07-10,2587.T,4075.5785871582025,4036.855712890625,-0.010491695612299123,0.6103376322958416,0.4665444546287809,trend_exit
2018-07-08,2018-07-08,2018-07-12,9104.T,550.014614074707,545.5076904296875,-0.009185994710247614,0.6785767443521855,0.5944272445820432,trend_exit
2018-07-08,2018-07-08,2018-07-16,6113.T,801.0002733154296,797.1918334960938,-0.005749850288775393,0.6828143033524154,0.5944272445820432,trend_exit
2018-07-09,2018-07-09,2018-07-16,8359.T,356.6480092468261,350.0682678222656,-0.01943038938312658,0.6204476682297331,0.6243315508021393,trend_exit
2018-07-10,2018-07-10,2018-07-18,9605.T,2047.9882030029294,2032.41796875,-0.00859509454003149,0.6632303990909622,0.5552193645990922,trend_exit
2018-07-05,2018-07-05,2018-07-19,2802.T,928.1625869140624,940.4401245117188,0.012214559855119766,0.62746524966303,0.5822784810126582,trend_exit
2018-07-12,2018-07-12,2018-07-19,4812.T,470.6228932189941,447.62603759765625,-0.0498158546826708,0.6386858736986099,0.5944272445820432,trend_exit
2018-07-02,2018-07-02,2018-07-22,3659.T,1537.5671590576171,1697.1600341796875,0.10269191440370373,0.63311015466743,0.6243315508021393,trend_exit
2018-07-05,2018-07-05,2018-07-22,7267.T,812.0655267333983,817.537353515625,0.005731421018982719,0.6408641122790306,0.5714285714285715,trend_exit
2018-07-08,2018-07-08,2018-07-22,5929.T,950.2970039062499,952.5443115234376,0.0013624827820588603,0.6530317688820177,0.5944272445820432,trend_exit
2018-07-08,2018-07-08,2018-07-22,6971.T,1276.4362939453124,1296.10986328125,0.014397474875815108,0.6193435404693468,0.5714285714285715,trend_exit
2018-07-08,2018-07-08,2018-07-24,7733.T,1013.1597305908201,1055.0150146484375,0.04027032244873818,0.6052837785405676,0.6243315508021393,trend_exit
2018-08-26,2018-08-26,2018-08-30,9042.T,3641.4796386718745,3592.538818359375,-0.01442637728163132,0.623826793728893,0.4889867841409692,trend_exit
2018-08-26,2018-08-26,2018-09-02,6501.T,633.9716561889647,622.5565795898438,-0.0189876519891653,0.6477079247088013,0.4889867841409692,trend_exit
2018-08-27,2018-08-27,2018-09-02,5713.T,2852.729273925781,2819.8388671875,-0.01251792307523314,0.6201135727714514,0.4889867841409692,trend_exit
2018-08-26,2018-08-26,2018-09-03,2264.T,1325.5765716552733,1319.8671875,-0.005302787853285418,0.637377949544384,0.4889867841409692,trend_exit
2018-08-27,2018-08-27,2018-09-03,6902.T,1106.8577050781248,1082.7664794921875,-0.02274365706624648,0.6251735362518936,0.49707031249999994,trend_exit
2018-08-29,2018-08-29,2018-09-03,2501.T,420.3947367248535,411.5609436035156,-0.021992078533067838,0.6672530003450228,0.4889867841409692,trend_exit
2018-08-27,2018-08-27,2018-09-06,9364.T,1780.709716918945,1835.5330810546875,0.029756579947443296,0.6467093927748333,0.5303593556381659,trend_exit
2018-08-29,2018-08-29,2018-09-06,9605.T,2407.691663330078,2356.987060546875,-0.022038365897051992,0.6251637206571988,0.5303593556381659,trend_exit
2018-09-03,2018-09-03,2018-09-06,7532.T,264.96278768920894,253.80715942382812,-0.043060520023617266,0.6428823163319032,0.5303593556381659,trend_exit
2018-08-26,2018-08-26,2018-09-09,3038.T,610.8785177612305,640.6066284179688,0.04761585680721159,0.6775795027995766,0.5303593556381659,trend_exit
2018-09-11,2018-09-11,2018-09-16,2269.T,3057.6427229003903,2996.087158203125,-0.0211115744073056,0.6522411700921943,0.5303593556381659,trend_exit
2018-09-10,2018-09-10,2018-09-19,2914.T,1859.408087646484,1864.87890625,0.0019392944030001136,0.6445374819158255,0.5303593556381659,trend_exit
2018-09-11,2018-09-11,2018-09-24,4689.T,338.56488070678705,347.9662780761719,0.026740608985813097,0.6859974026151802,0.5303593556381659,trend_exit
2018-09-10,2018-09-10,2018-09-25,7911.T,1481.34314453125,1567.3057861328125,0.05697217159102963,0.6697352236463139,0.49707031249999994,trend_exit
2018-09-12,2018-09-12,2018-09-26,3397.T,1208.7045673828125,1199.1593017578125,-0.008889206855586362,0.6369217646328232,0.5303593556381659,trend_exit
2018-09-12,2018-09-12,2018-09-26,7267.T,799.4871650390625,863.1138305664062,0.07850476460583433,0.6643877007021058,0.4839879066539304,trend_exit
2018-09-12,2018-09-12,2018-09-27,8802.T,1573.1391945800779,1707.226806640625,0.08415045897400275,0.6484431409696214,0.49707031249999994,trend_exit
2018-09-19,2018-09-19,2018-09-27,9468.T,556.5299730224609,558.6708374023438,0.0028429619592413857,0.6946297148988094,0.5303593556381659,trend_exit
2018-09-24,2018-09-24,2018-09-27,8035.T,4418.311358398437,4332.84765625,-0.02032372608462718,0.6719231725364997,0.5303593556381659,trend_exit
2018-09-06,2018-09-06,2018-09-30,9048.T,2402.7423830566404,2608.864013671875,0.08470020258379285,0.6235972017779929,0.5303593556381659,trend_exit
2018-09-12,2018-09-12,2018-09-30,1944.T,1456.1386439208982,1554.008056640625,0.06614439158330465,0.6196009580659527,0.5303593556381659,trend_exit
2018-09-10,2018-09-10,2018-10-03,9531.T,2222.166968505859,2373.1884765625,0.06689340706023827,0.6229211780263575,0.5303593556381659,trend_exit
2018-09-25,2018-09-25,2018-10-03,6920.T,1762.8405472412107,1714.2423095703125,-0.02854057337131599,0.6756010168045831,0.5303593556381659,trend_exit
2018-09-17,2018-09-17,2018-10-04,9766.T,3862.190852050781,4026.624755859375,0.04153271684322912,0.6938258992481436,0.5303593556381659,trend_exit
2018-10-01,2018-10-01,2018-10-04,5108.T,1687.5343592529296,1656.6697998046875,-0.019271447167715006,0.6558240523467374,0.5303593556381659,trend_exit
2018-10-01,2018-10-01,2018-10-04,5947.T,2581.835604003906,2495.959228515625,-0.03422849021825747,0.6547789335209658,0.5303593556381659,trend_exit
2018-10-01,2018-10-01,2018-10-04,7735.T,2979.767562255859,2757.085693359375,-0.07565655705681051,0.6466474082635846,0.49707031249999994,stoploss
2018-10-01,2018-10-01,2018-10-04,2809.T,2309.0792333984373,2283.224365234375,-0.012185849719796638,0.6544369882449246,0.46748466257668714,trend_exit
2018-09-27,2018-09-27,2018-10-07,9602.T,628.4121471557617,630.4256591796875,0.0022009223898775687,0.6956442065872056,0.5303593556381659,trend_exit
2018-09-27,2018-09-27,2018-10-08,7936.T,385.76394912719724,374.0037536621094,-0.03145498496218735,0.6783610013060573,0.5303593556381659,trend_exit
2018-10-01,2018-10-01,2018-10-08,7911.T,1590.5907106933591,1569.9091796875,-0.013989419173614404,0.6502174382521759,0.5303593556381659,trend_exit
2018-10-08,2018-10-08,2018-10-11,2501.T,422.54510882568354,411.5609436035156,-0.026969253525243375,0.8264578716441205,0.5854941751221343,trend_exit
2018-10-09,2018-10-09,2018-10-15,2670.T,1704.2881568603514,1710.731689453125,0.0027769957118279898,0.7556870888872879,0.5854941751221343,trend_exit
2018-10-16,2018-10-16,2018-10-21,4063.T,1594.6864771728515,1543.8009033203125,-0.03287754396011999,0.7601966086029172,0.5854941751221343,trend_exit
2018-10-16,2018-10-16,2018-10-21,6383.T,1601.880064941406,1531.0946044921875,-0.04514479993628984,0.7105195926932529,0.5854941751221343,trend_exit
2018-10-10,2018-10-10,2018-10-22,1925.T,2630.1059941406247,2539.192138671875,-0.035532046166814935,0.7505165142702799,0.5854941751221343,trend_exit
2018-10-14,2018-10-14,2018-10-22,9766.T,3975.999126708984,4012.97607421875,0.008290739103565148,0.7778748060231823,0.5854941751221343,trend_exit
2018-10-16,2018-10-16,2018-10-22,1928.T,1236.7703248291014,1181.144775390625,-0.04593148224325039,0.822605142052619,0.5854941751221343,trend_exit
2018-10-16,2018-10-16,2018-10-22,3659.T,1352.13203125,1313.152099609375,-0.02979966660725042,0.7679119402756422,0.5854941751221343,trend_exit
2018-10-16,2018-10-16,2018-10-22,3003.T,782.9473873901367,756.0418090820312,-0.03533011357173588,0.7612367884716928,0.5854941751221343,trend_exit
2018-10-16,2018-10-16,2018-10-22,6134.T,1381.7759033203124,1288.9091796875,-0.06814102966063496,0.7383995311986269,0.5854941751221343,trend_exit
2018-10-15,2018-10-15,2018-10-23,6871.T,605.7546245727539,607.728271484375,0.0022549041884742937,0.8131305348460869,0.5854941751221343,trend_exit
2018-10-15,2018-10-15,2018-10-23,8035.T,4048.2199570312496,4064.9921875,0.0031389693287735554,0.7311486786404098,0.5694980694980696,trend_exit
2018-10-21,2018-10-21,2018-10-24,7649.T,1592.308735595703,1519.2420654296875,-0.046841363464316776,0.8418799717714551,0.5854941751221343,trend_exit
2018-10-21,2018-10-21,2018-10-24,2282.T,3510.206895507812,3379.646240234375,-0.038157380889736525,0.8082645612622792,0.5854941751221343,trend_exit
2018-10-28,2018-10-28,2018-11-06,8804.T,953.955871520996,957.6405029296876,0.0028586132620724847,0.7464537932104072,0.5854941751221343,trend_exit
2018-10-29,2018-10-29,2018-11-06,2264.T,1312.8475467529295,1317.6749267578125,0.002673353114613919,0.7258242694119134,0.5854941751221343,trend_exit
2018-10-30,2018-10-30,2018-11-07,6592.T,770.074908630371,769.3056030273438,-0.0019980019980019303,0.763011973828105,0.6272838002436052,trend_exit
2018-10-30,2018-10-30,2018-11-08,6871.T,622.1031100463866,648.9884033203125,0.042173563267750236,0.7955442041649285,0.6272838002436052,trend_exit
2018-10-29,2018-10-29,2018-11-11,4681.T,738.8945895385741,744.6430053710938,0.006771971128213705,0.696622220169473,0.5694980694980696,trend_exit
2018-10-30,2018-10-30,2018-11-11,6406.T,1014.0704304199218,1112.716064453125,0.09617962918844047,0.7492092881712409,0.5854941751221343,trend_exit
2018-10-30,2018-10-30,2018-11-12,4612.T,653.6544663085937,674.244873046875,0.030468944819894928,0.786252940053128,0.5854941751221343,trend_exit
2018-10-30,2018-10-30,2018-11-13,2296.T,2766.996409912109,2908.28369140625,0.05001054475785538,0.7710018282242794,0.5854941751221343,trend_exit
2018-11-07,2018-11-07,2018-11-13,3116.T,1523.1639763183591,1505.102783203125,-0.012845823695050163,0.710037971131047,0.5664804469273743,trend_exit
2018-11-07,2018-11-07,2018-11-13,7259.T,1128.6949501953125,1123.67919921875,-0.005439406081083953,0.7493191601747853,0.4725965858041329,trend_exit
2018-11-11,2018-11-11,2018-11-14,7649.T,1622.7543118896483,1584.634765625,-0.024467154848622163,0.6939447450918981,0.4918032786885246,trend_exit
2018-11-11,2018-11-11,2018-11-19,7936.T,351.6053739929199,345.794189453125,-0.017511048421495423,0.7377173694400797,0.4918032786885246,trend_exit
2018-11-11,2018-11-11,2018-11-25,2331.T,871.3640848999022,920.9822998046876,0.055886205833896474,0.7064414650696602,0.5664804469273743,trend_exit
2018-10-29,2018-10-29,2018-12-03,7911.T,1373.4155004882812,1572.5128173828125,0.1438201360090401,0.7554495992897385,0.5854941751221343,trend_exit
2018-10-30,2018-10-30,2018-12-03,1802.T,770.6404760742187,843.2284545898438,0.09309756272667635,0.7771615590107065,0.5854941751221343,trend_exit
2018-11-13,2018-11-13,2018-12-04,4613.T,1547.6128392333983,1832.5726318359375,0.18294447602990216,0.7295804446660629,0.5854941751221343,trend_exit
2018-11-07,2018-11-07,2018-12-18,9509.T,590.5050151977539,688.5200805664062,0.16481916797182894,0.7607224441330025,0.5664804469273743,trend_exit
2019-01-20,2019-01-20,2019-01-24,1662.T,317.6163102416992,310.3881530761719,-0.02373475503467326,0.8181246455989138,0.4622641509433963,trend_exit
2019-01-16,2019-01-16,2019-01-28,2296.T,2634.492945068359,2721.406494140625,0.031957626888213575,0.8160518048141083,0.46875,trend_exit
2019-01-17,2019-01-17,2019-01-28,7180.T,357.8945242919921,360.03717041015625,0.004980822076784852,0.8014314476352122,0.4622641509433963,trend_exit
2019-01-30,2019-01-30,2019-02-04,9433.T,1072.6771964111326,1049.9609375,-0.022155984976792165,0.7028362163295075,0.4665071770334928,trend_exit
2019-01-31,2019-01-31,2019-02-06,4536.T,1321.3735202636717,1282.9541015625,-0.030046290616457916,0.6849288617205351,0.4622641509433963,trend_exit
2019-01-30,2019-01-30,2019-02-07,8750.T,337.77389886474606,325.1625671386719,-0.03829927160355562,0.7310014962429777,0.4622641509433963,trend_exit
2019-01-31,2019-01-31,2019-02-07,7649.T,1380.7109967041015,1354.9996337890625,-0.019603206328795975,0.8160062399063761,0.5179856115107914,trend_exit
2019-01-31,2019-01-31,2019-02-07,1662.T,310.8489295043945,300.4725341796875,-0.03434744934109779,0.7760843271480778,0.4665071770334928,trend_exit
2019-02-03,2019-02-03,2019-02-07,6406.T,988.5126716308592,965.287109375,-0.024471966884677343,0.7029336960972349,0.48936170212765956,trend_exit
2019-02-03,2019-02-03,2019-02-07,7180.T,368.739770324707,359.2038269042969,-0.026835042063949155,0.6989147271986056,0.48936170212765956,trend_exit
2019-02-04,2019-02-04,2019-02-07,4613.T,1712.7628095703124,1621.4632568359375,-0.054252121468309045,0.6877211115387258,0.4665071770334928,trend_exit
2019-01-31,2019-01-31,2019-02-11,8410.T,250.44191841125485,256.25701904296875,0.022196138920892228,0.724979708514615,0.4622641509433963,trend_exit
2019-02-12,2019-02-12,2019-02-17,4755.T,800.4994067382812,785.9287109375,-0.019183804987802366,0.7152722732763328,0.48936170212765956,trend_exit
2019-02-12,2019-02-12,2019-02-17,8750.T,338.73372003173824,328.5187072753906,-0.03112631202655325,0.7058774802812988,0.4622641509433963,trend_exit
2019-02-17,2019-02-17,2019-02-21,9507.T,1199.1621976318359,1176.4832763671875,-0.019893392727127646,0.6853203605089554,0.7,trend_exit
2019-02-12,2019-02-12,2019-02-24,8306.T,441.406938873291,440.7391357421875,-0.0025113838710267844,0.727793637399569,0.4665071770334928,trend_exit
2019-02-12,2019-02-12,2019-02-25,9433.T,1055.7379107666015,1059.996337890625,0.00302956894274109,0.8208864757745391,0.48936170212765956,trend_exit
2019-02-13,2019-02-13,2019-02-25,2702.T,4597.2005180664055,4744.5869140625,0.031027972028078388,0.7169875277779323,0.48936170212765956,trend_exit
2019-01-31,2019-01-31,2019-02-26,6368.T,568.2607472534179,683.05322265625,0.2008046882205088,0.7131648558624909,0.4622641509433963,trend_exit
2019-02-12,2019-02-12,2019-02-26,4613.T,1693.2288908691405,1861.8441162109375,0.09848248049913133,0.734741599643803,0.48936170212765956,trend_exit
2019-02-24,2019-02-24,2019-02-27,8060.T,1737.6190618896483,1722.7200927734375,-0.009565784338776862,0.6524029701344396,0.7291666666666666,trend_exit
2019-02-13,2019-02-13,2019-03-03,1911.T,368.7172563781738,379.0294494628906,0.026939785061391497,0.7362383157456618,0.48936170212765956,trend_exit
2019-02-13,2019-02-13,2019-03-04,7649.T,1409.6345446777343,1458.4227294921875,0.03357590963108903,0.7893669653803863,0.48936170212765956,trend_exit
2019-02-25,2019-02-25,2019-03-04,7581.T,1977.8798345947264,1959.6531982421875,-0.010206024247634504,0.6844436749884096,0.7622950819672131,trend_exit
2019-03-03,2019-03-03,2019-03-06,2296.T,2657.8759238281245,2561.781982421875,-0.037118257667415167,0.7062283388674838,0.7,trend_exit
2019-03-03,2019-03-03,2019-03-06,8304.T,2317.9230292968746,2290.59228515625,-0.012779258004424032,0.6974203896122587,0.7,trend_exit
2019-02-03,2019-02-03,2019-03-07,5393.T,1580.9509536132812,1748.7626953125,0.105039930950652,0.7120347682545407,0.4665071770334928,trend_exit
2019-02-17,2019-02-17,2019-03-07,4578.T,3856.432169433593,3989.4599609375,0.03346054743701665,0.7347218242806779,0.7622950819672131,trend_exit
2019-02-28,2019-02-28,2019-03-07,9301.T,474.82701379394524,468.8251953125,-0.013627370576615339,0.7396335994454788,0.6709886547811994,trend_exit
2019-03-04,2019-03-04,2019-03-07,5938.T,1132.2591798095702,1086.2716064453125,-0.041575149762636654,0.7326598194754165,0.7904761904761904,trend_exit
2019-03-04,2019-03-04,2019-03-07,8306.T,442.3158669128417,423.33642578125,-0.043866338534937266,0.7304444555793358,0.6709886547811994,trend_exit
2019-02-25,2019-02-25,2019-03-10,5947.T,2218.531989501953,2213.3408203125,-0.003337571892045532,0.7303971180022109,0.6709886547811994,trend_exit
2019-02-28,2019-02-28,2019-03-10,6367.T,11389.432742187499,11433.220703125,0.002840768365445445,0.6619730449345217,0.6709886547811994,trend_exit
2019-03-11,2019-03-11,2019-03-18,9989.T,2858.3046679687495,2770.843505859375,-0.031568365201375514,0.6700585628951917,0.6709886547811994,trend_exit
2019-02-25,2019-02-25,2019-03-19,9831.T,441.2158910827636,453.81097412109375,0.027517757881326155,0.6958336212958603,0.5518223234624143,trend_exit
2019-03-11,2019-03-11,2019-03-21,9508.T,1090.1731905517577,1089.907470703125,-0.0012434972085946239,0.6909996199924902,0.6585879873551106,trend_exit
2019-03-11,2019-03-11,2019-03-21,8410.T,248.92415155029295,251.70806884765625,0.010172613676676656,0.6758546580337106,0.6356877323420075,trend_exit
2019-03-11,2019-03-11,2019-03-21,9504.T,1176.8088118896483,1192.8016357421875,0.01257640329275933,0.6692625226081632,0.5518223234624143,trend_exit
2019-03-11,2019-03-11,2019-03-24,1911.T,380.9730607299804,380.33197021484375,-0.002681088482724525,0.6826535739450355,0.6585879873551106,trend_exit
2019-03-18,2019-03-18,2019-03-24,9101.T,329.97606976318355,322.6454772949219,-0.02319331202122976,0.7216382949928171,0.7,trend_exit
2019-03-12,2019-03-12,2019-03-28,3110.T,1738.143755981445,1793.332763671875,0.03071994174417858,0.6910653077135307,0.7,trend_exit
2019-03-12,2019-03-12,2019-03-28,7581.T,1953.00097668457,2038.0391845703125,0.04249878504519433,0.6793397103422285,0.7,trend_exit
2019-03-12,2019-03-12,2019-03-28,9507.T,1108.1911905517577,1125.781494140625,0.014857113316817605,0.6580530205351861,0.6709886547811994,trend_exit
2019-03-13,2019-03-13,2019-03-28,4681.T,647.993659790039,658.1764526367188,0.014698625904965068,0.7447896351544167,0.7,trend_exit
2019-03-25,2019-03-25,2019-03-28,4186.T,907.7797977294922,863.9609375,-0.04922209249286158,0.6777320202292424,0.5518223234624143,trend_exit
2019-03-26,2019-03-26,2019-03-31,7189.T,749.4783438720702,747.1953125,-0.004043114399963854,0.7164080032645435,0.7,trend_exit
2019-03-26,2019-03-26,2019-04-01,8227.T,4436.662210449218,4224.3212890625,-0.048812650682697134,0.7527568822254875,0.7904761904761904,trend_exit
2019-03-28,2019-03-28,2019-04-02,2871.T,1218.3399255371091,1169.383544921875,-0.04114267546313721,0.6750215942279287,0.6709886547811994,trend_exit
2019-03-28,2019-03-28,2019-04-04,8242.T,1312.4174295654295,1302.6036376953125,-0.008470167537696582,0.7076593611364733,0.7904761904761904,trend_exit
2019-03-31,2019-03-31,2019-04-04,8410.T,255.0092863922119,247.80667114257812,-0.029216276890079107,0.7387578965150237,0.6709886547811994,trend_exit
2019-04-01,2019-04-01,2019-04-08,4578.T,3769.712235351562,3744.287841796875,-0.0077376413835905655,0.6172665966878454,0.5654181631605951,trend_exit
2019-03-27,2019-03-27,2019-04-09,4689.T,243.57369841003415,253.3928985595703,0.03927274296616967,0.7076297106172,0.7,trend_exit
2019-03-31,2019-03-31,2019-04-09,6460.T,1146.8764436035156,1139.6595458984375,-0.007286362273445923,0.677808398937432,0.699641912394362,trend_exit
2019-03-26,2019-03-26,2019-04-10,6592.T,773.7076881713866,777.8390502929688,0.0043343540752645016,0.7269954098966083,0.6709886547811994,trend_exit
2019-03-31,2019-03-31,2019-04-10,6465.T,3154.656876464843,3249.98974609375,0.029189507286764727,0.7947842985554682,0.6709886547811994,trend_exit
2019-04-03,2019-04-03,2019-04-14,9433.T,964.7780231933592,959.789794921875,-0.006165167451387954,0.6155810675804685,0.5654181631605951,trend_exit
2019-04-11,2019-04-11,2019-04-16,2871.T,1165.6401837158203,1110.9366455078125,-0.04788310804075968,0.6163853583488093,0.5654181631605951,trend_exit
2019-03-27,2019-03-27,2019-04-17,4704.T,4072.0794860839837,4199.9892578125,0.03038000188686696,0.6781808015588855,0.6366090712742979,trend_exit
2019-04-14,2019-04-14,2019-04-17,6465.T,3342.86125024414,3232.083740234375,-0.03410539212229435,0.6223742224659246,0.5654181631605951,trend_exit
2019-04-14,2019-04-14,2019-04-17,7741.T,7233.975772460937,7046.5546875,-0.026882539528091498,0.6187705339003955,0.5654181631605951,trend_exit
2019-04-11,2019-04-11,2019-04-18,4681.T,684.3096025390624,687.1361694335938,0.003126407575108514,0.6266911919132433,0.5561224489795918,trend_exit
2019-04-15,2019-04-15,2019-04-18,2212.T,1580.6684448242186,1534.36376953125,-0.030265068692390984,0.602838537662739,0.5654181631605951,trend_exit
2019-04-16,2019-04-16,2019-04-21,2264.T,1534.6307539062498,1499.7213134765625,-0.023725030695812666,0.6052232291892319,0.5654181631605951,trend_exit
2019-04-14,2019-04-14,2019-04-25,4403.T,1148.2729803466796,1169.2998046875,0.01729338308573425,0.6204719047790401,0.5654181631605951,trend_exit
2019-04-22,2019-04-22,2019-04-25,6988.T,1025.9227249755859,1010.2249755859376,-0.016285801999007088,0.6052377857200443,0.5654181631605951,trend_exit
2019-04-10,2019-04-10,2019-05-06,2229.T,2679.1295781249996,2706.022216796875,0.009027788970179529,0.6099281993750587,0.5654181631605951,trend_exit
2019-03-31,2019-03-31,2019-05-07,9101.T,332.18836285400386,361.64105224609375,0.08757395379509192,0.7303831213617044,0.7560975609756098,trend_exit
2019-04-24,2019-04-24,2019-05-07,5333.T,1387.1373385009765,1304.7232666015625,-0.06035364548436639,0.6134272931101952,0.5654181631605951,trend_exit
2019-04-14,2019-04-14,2019-05-08,2802.T,783.769925415039,785.7190551757812,0.0014843778356898873,0.6527456136813046,0.5654181631605951,trend_exit
2019-04-22,2019-04-22,2019-05-08,3382.T,1092.2272445068359,1056.7425537109375,-0.0334558889035117,0.6067279399384075,0.5654181631605951,trend_exit
2019-04-23,2019-04-23,2019-05-08,2871.T,1124.5527506103515,1120.30615234375,-0.004772479028691601,0.6211939733214127,0.5654181631605951,trend_exit
2019-04-25,2019-04-25,2019-05-08,6465.T,3226.353745849609,3106.739990234375,-0.03803690025104545,0.6357105633206541,0.5654181631605951,trend_exit
2019-04-22,2019-04-22,2019-05-09,6544.T,493.5746550598144,524.0032348632812,0.060587747490761235,0.6194531817078689,0.5654181631605951,trend_exit
2019-04-21,2019-04-21,2019-05-14,4689.T,258.224763671875,284.49530029296875,0.10063342086671878,0.6048070525510909,0.5654181631605951,trend_exit
2019-05-15,2019-05-15,2019-05-21,4578.T,3374.2698247070307,3314.587890625,-0.018669675291342558,0.6015745062324714,0.5654181631605951,trend_exit
2019-05-19,2019-05-19,2019-05-22,9418.T,255.08008160400388,244.6702880859375,-0.041769093608385766,0.6057299407784981,0.5654181631605951,trend_exit
2019-05-19,2019-05-19,2019-05-22,5947.T,2208.0581472167964,2137.0126953125,-0.033143359332204914,0.6010973453977955,0.5,trend_exit
2019-05-19,2019-05-19,2019-05-22,7453.T,894.4902763671874,866.65185546875,-0.03209098356047724,0.6367180156645033,0.4931756141947225,trend_exit
2019-05-14,2019-05-14,2019-05-23,8804.T,955.1467584838866,962.8455810546876,0.0070522952938021355,0.6034674282276787,0.5654181631605951,trend_exit
2019-05-16,2019-05-16,2019-05-23,6902.T,911.6092459106444,903.1024780273438,-0.010322262969073015,0.603443312321697,0.5654181631605951,trend_exit
2019-05-19,2019-05-19,2019-05-26,3148.T,2142.9738408203125,2139.064697265625,-0.0028223434821013083,0.628506948831743,0.5654181631605951,trend_exit
2019-05-16,2019-05-16,2019-05-28,8233.T,516.1975666503905,516.54931640625,-0.0003192567559280324,0.6038426536846198,0.5654181631605951,trend_exit
2019-05-20,2019-05-20,2019-05-30,3099.T,824.511492980957,811.9337768554688,-0.016239494556873235,0.612273502858431,0.5654181631605951,trend_exit
2019-07-09,2019-07-09,2019-07-16,9684.T,1135.298837524414,1088.798095703125,-0.04191807332487363,0.6939142871715624,0.6821917808219178,trend_exit
2019-07-10,2019-07-10,2019-07-16,7733.T,1173.5410209960937,1141.6934814453125,-0.028110847803364813,0.6461817775154144,0.6823529411764706,trend_exit
2019-07-10,2019-07-10,2019-07-16,4186.T,1015.2096300048826,995.2518920898438,-0.020639077081083146,0.6263758987095674,0.6095979247730223,trend_exit
2019-07-02,2019-07-02,2019-07-18,8804.T,988.4272591552734,1040.167236328125,0.051293415339285886,0.6571637286627241,0.6095979247730223,trend_exit
2019-07-16,2019-07-16,2019-07-21,3148.T,2260.620666992187,2223.6181640625,-0.017351925365674425,0.7118190954606303,0.6095979247730223,trend_exit
2019-07-16,2019-07-16,2019-07-24,9143.T,1312.9609412841796,1296.572509765625,-0.013469558364030965,0.6241785247330427,0.6810344827586206,trend_exit
2019-07-15,2019-07-15,2019-07-25,5714.T,2946.8535776367185,2952.4306640625,0.0008906637851426868,0.6307199272516979,0.6095979247730223,trend_exit
2019-07-21,2019-07-21,2019-07-30,5384.T,616.9957128295898,622.4221801757812,0.007786188892600077,0.6462241014065897,0.6095979247730223,trend_exit
2019-07-15,2019-07-15,2019-07-31,7966.T,1803.0742221679686,1827.78564453125,0.012691455757841918,0.7244603670347086,0.6057692307692307,trend_exit
2019-07-16,2019-07-16,2019-07-31,5947.T,2127.1658122558592,2178.9150390625,0.023303454522432876,0.6989342779945743,0.6095979247730223,trend_exit
2019-07-21,2019-07-21,2019-07-31,6871.T,823.4477471923827,892.2516479492188,0.08247232364219514,0.7623994110807515,0.6823529411764706,trend_exit
2019-07-18,2019-07-18,2019-08-01,2811.T,2288.1095541992186,2245.912841796875,-0.019423294292258753,0.6539677792941287,0.6095979247730223,trend_exit
2019-07-18,2019-07-18,2019-08-01,3923.T,336.1557356872558,338.6710510253906,0.0064751067913786375,0.6348849527280308,0.6095979247730223,trend_exit
2019-07-21,2019-07-21,2019-08-01,4186.T,1000.6229754028319,1006.9093017578124,0.005276130153914593,0.6381948154427511,0.6821917808219178,trend_exit
2019-07-25,2019-07-25,2019-08-04,9468.T,651.7898716430664,641.3787231445312,-0.016957193878784582,0.6321156487154842,0.6447368421052632,trend_exit
2019-07-30,2019-07-30,2019-08-04,5444.T,2110.369002929687,2040.01318359375,-0.03430482177241456,0.6842577432277387,0.6057692307692307,trend_exit
2019-07-18,2019-07-18,2019-08-05,5344.T,5537.978246582031,5998.3369140625,0.08204444119057919,0.6526031893717105,0.5911602209944752,trend_exit
2019-07-31,2019-07-31,2019-08-05,3994.T,1676.6749999999997,1575.0,-0.06158021083394205,0.7077610385793591,0.6821917808219178,trend_exit
2019-07-31,2019-07-31,2019-08-12,8604.T,278.1223574523925,271.1690979003906,-0.02597572060037967,0.6426054085123247,1.0,trend_exit
2019-08-08,2019-08-08,2019-08-14,7309.T,14347.995771484373,13857.400390625,-0.03515841440743683,0.6708972463306129,0.6810344827586206,trend_exit
2019-07-24,2019-07-24,2019-08-15,9684.T,1097.455612182617,1270.2645263671875,0.15630577469739104,0.6168777635496197,0.6095979247730223,trend_exit
2019-08-12,2019-08-12,2019-08-15,4186.T,991.8713125610351,982.1373901367188,-0.010803881187755993,0.675147465119396,0.6821917808219178,trend_exit
2019-08-12,2019-08-12,2019-08-15,5444.T,2050.9637097167965,2013.3074951171875,-0.019341893718930803,0.693360465543749,0.6057692307692307,trend_exit
2019-08-08,2019-08-08,2019-08-18,4206.T,2469.827711914062,2439.04638671875,-0.013450481352112575,0.7335927471444352,0.6095979247730223,trend_exit
2019-08-08,2019-08-08,2019-08-19,4540.T,2563.07442993164,2524.547119140625,-0.016016646817100355,0.6509108271196723,0.6095979247730223,trend_exit
2019-08-07,2019-08-07,2019-08-21,3994.T,1661.6599999999999,1590.0,-0.044082423600495746,0.7398774180841811,0.6821917808219178,trend_exit
2019-08-19,2019-08-19,2019-08-22,4202.T,630.8974180297851,621.0099487304688,-0.016656399198562988,0.6168119808345683,0.5,trend_exit
2019-08-07,2019-08-07,2019-08-25,4151.T,1589.001965332031,1608.627197265625,0.011338314948253547,0.6484372539574894,0.6821917808219178,trend_exit
2019-08-18,2019-08-18,2019-08-25,6432.T,1257.7136104736326,1245.02001953125,-0.01108249989969079,0.630036877613698,0.46534653465346537,trend_exit
2019-08-20,2019-08-20,2019-08-25,9301.T,445.83977304077143,433.2150573730469,-0.029288393532138857,0.6001601601365252,0.4583333333333333,trend_exit
2019-08-18,2019-08-18,2019-08-27,6871.T,663.4046242065428,637.8138427734375,-0.039536346776673725,0.6295894855915193,0.5,trend_exit
2019-08-12,2019-08-12,2019-09-03,3231.T,325.29048065185543,352.3476257324219,0.08209523193337787,0.6338752768530407,0.6095979247730223,trend_exit
2019-08-27,2019-08-27,2019-09-03,7189.T,499.14033480834956,493.2716064453125,-0.012745914376815826,0.6410714071335789,0.5,trend_exit
2019-08-14,2019-08-14,2019-09-09,8801.T,660.7167583618163,729.6358642578125,0.10320529813835444,0.6854133192483098,0.6095979247730223,trend_exit
2019-08-29,2019-08-29,2019-09-16,3132.T,365.3400116577148,390.3948669433594,0.06751097506891535,0.6323774607364852,0.5137614678899084,trend_exit
2019-08-20,2019-08-20,2019-09-18,7259.T,793.7802919921874,942.20263671875,0.18579466330627348,0.6610532632816912,0.4583333333333333,trend_exit
2019-08-29,2019-08-29,2019-09-18,6981.T,1320.9446249999999,1493.3458251953125,0.1293830574995658,0.6691002623135918,0.46534653465346537,trend_exit
2019-09-01,2019-09-01,2019-09-18,4980.T,198.84693319702143,218.7080841064453,0.0987817237586226,0.6442325222882074,0.46534653465346537,trend_exit
2019-09-01,2019-09-01,2019-09-19,5333.T,1175.2594124755858,1294.80126953125,0.10061357903703616,0.6093943360781164,0.5,trend_exit
2019-08-08,2019-08-08,2019-09-23,2282.T,3338.139247802734,3789.55029296875,0.1340931164473398,0.7435997849519035,0.6057692307692307,trend_exit
2019-09-18,2019-09-18,2019-09-29,9449.T,1643.0387362060544,1681.192626953125,0.022198319075749096,0.6265056486795767,0.5,trend_exit
2019-09-11,2019-09-11,2019-10-01,9684.T,1282.1307033691405,1460.7335205078125,0.13816226625934158,0.6261316375145018,0.5,trend_exit
2019-09-30,2019-09-30,2019-10-03,6988.T,917.5644138793945,897.56884765625,-0.02277021073917418,0.6026737361325502,0.7775862068965518,trend_exit
2019-10-01,2019-10-01,2019-10-06,9143.T,1172.440067626953,1151.29150390625,-0.019020038499489966,0.6187766568583962,0.8607456140350878,trend_exit
2019-10-01,2019-10-01,2019-10-06,3132.T,386.51396597290034,377.1417236328125,-0.025223885608325447,0.6185829298157831,0.8607456140350878,trend_exit
2019-10-01,2019-10-01,2019-10-06,2264.T,1877.639924316406,1844.612548828125,-0.018572244648986658,0.6903369254796792,0.7775862068965518,trend_exit
2019-10-01,2019-10-01,2019-10-06,3659.T,1292.2520206298827,1264.9100341796875,-0.022137242602593088,0.684675438710343,0.7775862068965518,trend_exit
2019-10-03,2019-10-03,2019-10-09,9468.T,725.7617799072265,703.1926879882812,-0.0320660101581931,0.6071127016011372,0.8607456140350878,trend_exit
2019-10-08,2019-10-08,2019-10-14,6544.T,661.6710808715819,636.7484130859375,-0.03862858289811055,0.6357053185686521,0.8607456140350878,trend_exit
2019-10-07,2019-10-07,2019-10-15,2181.T,173.46928598022458,169.88128662109375,-0.021663089373529343,0.6398308534771266,0.8296089385474859,trend_exit
2019-10-09,2019-10-09,2019-10-20,4528.T,1598.2461856689451,1625.9263916015625,0.016301793662727215,0.6754511075924166,0.8607456140350878,trend_exit
2019-10-14,2019-10-14,2019-10-20,7309.T,14577.198377929686,14434.412109375,-0.010785383898053946,0.6261446871167148,0.8607456140350878,trend_exit
2019-10-01,2019-10-01,2019-10-22,6146.T,6205.015711425781,6357.9140625,0.023616448986887084,0.7037075734046483,0.926829268292683,trend_exit
2019-10-01,2019-10-01,2019-10-22,9418.T,261.14934671020507,284.8377990722656,0.08961774118071641,0.6356007428537466,0.8296089385474859,trend_exit
2019-10-07,2019-10-07,2019-10-22,9984.T,1007.871671936035,1006.62451171875,-0.0022361822360523753,0.6668945071668142,0.8607456140350878,trend_exit
2019-10-07,2019-10-07,2019-10-22,7741.T,8451.118457031249,8475.0849609375,0.001833061389930668,0.6526379957885005,0.8607456140350878,trend_exit
2019-10-06,2019-10-06,2019-10-24,3288.T,2285.072340332031,2400.66015625,0.049533292125566675,0.6185578166767615,0.8607456140350878,trend_exit
2019-10-22,2019-10-22,2019-10-27,9468.T,706.2219959716796,691.1087646484375,-0.02237871402765579,0.618895849629291,0.8607456140350878,trend_exit
2019-10-17,2019-10-17,2019-10-29,2181.T,171.41842430114744,174.2350616455078,0.015414925749595687,0.6071790825114972,0.6564156945917285,trend_exit
2019-10-20,2019-10-20,2019-10-29,6544.T,674.528285583496,686.6988525390625,0.017025035641156983,0.6288576398936514,0.8607456140350878,trend_exit
2019-10-22,2019-10-22,2019-10-29,9697.T,648.439112121582,614.0764770507812,-0.05393985478977914,0.6111931139786991,0.8218623481781376,trend_exit
2019-10-27,2019-10-27,2019-10-30,6383.T,1796.1666867675779,1776.0308837890625,-0.012199220720287007,0.6320790482832263,0.8218623481781376,trend_exit
2019-10-24,2019-10-24,2019-10-31,4186.T,1270.4701286621093,1235.6861572265625,-0.028351439974983572,0.6152375344347272,0.8296089385474859,trend_exit
2019-10-29,2019-10-29,2019-11-04,9468.T,716.9223829345702,699.4745483398438,-0.02531279476696502,0.6348501723176623,0.8218623481781376,trend_exit
2019-10-29,2019-10-29,2019-11-04,4733.T,4194.470553710937,4050.9130859375,-0.03519118300372415,0.6205649448467173,0.8081632653061225,trend_exit
2019-10-07,2019-10-07,2019-11-05,4503.T,1254.9889647216796,1492.153076171875,0.18778807224515215,0.6121726907410683,0.8607456140350878,trend_exit
2019-10-08,2019-10-08,2019-11-05,6465.T,3799.927479003906,4087.10888671875,0.0744999214833264,0.6351444804820063,0.8607456140350878,trend_exit
2019-10-23,2019-10-23,2019-11-05,2802.T,939.1966812744139,899.9387817382812,-0.04275764503701174,0.6119385424886749,0.8296089385474859,trend_exit
2019-10-23,2019-10-23,2019-11-07,7309.T,14604.702416992186,16284.5068359375,0.11390303373616928,0.6169256219328547,0.7775862068965518,trend_exit
2019-11-05,2019-11-05,2019-11-11,8174.T,872.9052363281249,851.204345703125,-0.025835673830493233,0.6245542464300823,0.8218623481781376,trend_exit
2019-10-20,2019-10-20,2019-11-12,6098.T,3442.893800048828,3589.4189453125,0.04151615896962402,0.6060344256567337,0.8296089385474859,trend_exit
2019-10-29,2019-10-29,2019-11-12,9433.T,1221.7599681396482,1303.6043701171875,0.06592194842499222,0.6155355116088904,0.8607456140350878,trend_exit
2019-11-04,2019-11-04,2019-11-12,7181.T,1390.4960405273437,1390.6937255859375,-0.0008579734369754677,0.6388663307713666,0.7775862068965518,trend_exit
2019-11-04,2019-11-04,2019-11-12,3994.T,1996.995,2055.0,0.028017095686268867,0.6192018444142086,0.7775862068965518,trend_exit
2019-11-07,2019-11-07,2019-11-13,9104.T,650.0489967651366,636.7753295898438,-0.021399067722749687,0.6637993512730935,0.8607456140350878,trend_exit
2019-11-04,2019-11-04,2019-11-14,4021.T,3899.226630126953,3990.12841796875,0.02228946087727124,0.6073097588419565,0.7775862068965518,trend_exit
2019-11-06,2019-11-06,2019-11-17,3107.T,786.5195595092772,837.2439575195312,0.06342773482182684,0.6417288767140303,0.8218623481781376,trend_exit
2019-10-30,2019-10-30,2019-11-18,4689.T,305.84069140624996,354.9330139160156,0.1593554777546311,0.6145094130966507,0.7575757575757576,trend_exit
2019-11-11,2019-11-11,2019-11-20,6920.T,3856.1633461914057,4113.56494140625,0.0656839473679458,0.6198223604950053,0.8225255972696246,trend_exit
2019-11-06,2019-11-06,2019-11-21,6406.T,1369.9099232177732,1440.9735107421875,0.05082276785771134,0.6409497217407231,0.8607456140350878,trend_exit
2019-11-18,2019-11-18,2019-11-21,9064.T,1620.1053032226562,1604.2972412109375,-0.010747671289201843,0.7324917560291192,0.7655228758169934,trend_exit
2019-11-14,2019-11-14,2019-11-25,4307.T,2218.363119628906,2165.86474609375,-0.02464169990817111,0.6788555878949338,0.7655228758169934,trend_exit
2019-11-14,2019-11-14,2019-11-25,3349.T,5436.8039311523435,5440.9560546875,-0.00023705701655818423,0.6846583166769662,0.732484076433121,trend_exit
2019-11-17,2019-11-17,2019-11-27,2802.T,840.2009338378905,835.9196166992188,-0.006090491630372674,0.8369719003842975,0.7655228758169934,trend_exit
2019-11-12,2019-11-12,2019-11-28,7581.T,2371.7531728515623,2489.730224609375,0.04869280785839636,0.6209878536678626,0.7376543209876543,trend_exit
2019-11-17,2019-11-17,2019-11-28,4568.T,2077.191571533203,2140.948486328125,0.02966311203694838,0.7326813383981106,0.6592592592592592,trend_exit
2019-11-25,2019-11-25,2019-11-28,3382.T,1209.39177734375,1183.79931640625,-0.022140269807949475,0.7114211783481056,0.7655228758169934,trend_exit
2019-11-13,2019-11-13,2019-12-01,9684.T,1492.5305903320311,1657.7205810546875,0.10956711453747947,0.6378391521136653,0.8607456140350878,trend_exit
2019-11-17,2019-11-17,2019-12-02,8174.T,867.345299621582,941.4625244140624,0.08436750888024935,0.7017021833046351,0.6712328767123288,trend_exit
2019-11-21,2019-11-21,2019-12-02,1911.T,421.361003540039,424.6866149902344,0.006884654277052649,0.6718604305703344,0.6807065217391303,trend_exit
2019-11-24,2019-11-24,2019-12-03,6504.T,3014.2282580566402,2936.046630859375,-0.02691158959554829,0.68820155975422,0.7655228758169934,trend_exit
2019-11-20,2019-11-20,2019-12-05,2181.T,165.6076266326904,172.1862030029297,0.03868414938066489,0.666122570992761,0.7655228758169934,trend_exit
2019-11-25,2019-11-25,2019-12-08,6920.T,4355.420405273437,4550.57275390625,0.0437619697166618,0.6944890557642572,0.732484076433121,trend_exit
2019-12-03,2019-12-03,2019-12-08,4680.T,334.3207421264648,326.51837158203125,-0.024314641276252713,0.6549274626246222,0.732484076433121,trend_exit
2019-12-01,2019-12-01,2019-12-09,4689.T,350.70952053833,343.9557189941406,-0.020238279395120684,0.7016551466248174,0.7241590214067278,trend_exit
2019-12-08,2019-12-08,2019-12-11,6432.T,1385.284168823242,1344.68701171875,-0.030276707884303034,0.8386976024912469,0.813953488372093,trend_exit
2019-11-28,2019-11-28,2019-12-17,8088.T,802.7139603881835,818.3671875,0.01848087943698218,0.6961231983494791,0.732484076433121,trend_exit
2019-12-08,2019-12-08,2019-12-18,5713.T,2756.196558349609,2890.422607421875,0.047651037828552845,0.6971329461029796,0.7241590214067278,trend_exit
2019-12-12,2019-12-12,2019-12-18,9064.T,1668.930080200195,1634.44970703125,-0.021639506234823358,0.7641296251767936,0.7655228758169934,trend_exit
2019-12-04,2019-12-04,2019-12-22,1878.T,2115.714919677734,2123.00537109375,0.0024424113082821552,0.7320124079310026,0.7655228758169934,trend_exit
2019-12-09,2019-12-09,2019-12-22,4062.T,1241.9595909423826,1237.8701171875,-0.004289466348923465,0.6527740312243661,0.6641123882503192,trend_exit
2019-12-02,2019-12-02,2019-12-23,6370.T,2827.8885400390623,2942.964111328125,0.039652414014940573,0.7217107614871481,0.7655228758169934,trend_exit
2019-12-03,2019-12-03,2019-12-23,9697.T,629.5864770507811,710.33837890625,0.1271335493918282,0.7116869890498325,0.7655228758169934,trend_exit
2019-12-17,2019-12-17,2019-12-23,8227.T,4426.567164550781,4284.5458984375,-0.03305175468326271,0.7378883503680009,0.7655228758169934,trend_exit
2019-12-05,2019-12-05,2019-12-24,9984.T,1023.7437904052734,1115.9356689453125,0.08896360957172611,0.7544969378613384,0.7241590214067278,trend_exit
2019-12-01,2019-12-01,2019-12-29,3774.T,594.4941077270507,685.090576171875,0.15124014973405475,0.6768830398482819,0.7241590214067278,trend_exit
2019-12-05,2019-12-05,2019-12-29,6857.T,1268.8656204833983,1440.6650390625,0.13426067409339848,0.6773984390891845,0.7655228758169934,trend_exit
2019-12-19,2019-12-19,2020-01-05,3769.T,7012.369622070311,7081.09814453125,0.008791240000011191,0.6875687808073221,0.7655228758169934,trend_exit
2019-12-19,2019-12-19,2020-01-05,3064.T,1376.300584838867,1382.3023681640625,0.003356447717830502,0.690709854465464,0.7488151658767772,trend_exit
2019-12-22,2019-12-22,2020-01-05,4684.T,2720.909353271484,2755.401611328125,0.011664062386772978,0.7118225569294561,0.6824324324324326,trend_exit
2019-12-23,2019-12-23,2020-01-05,2264.T,1995.6883968505856,1924.71630859375,-0.03652714756495479,0.7100277198783818,0.732484076433121,trend_exit
2019-12-23,2019-12-23,2020-01-05,4704.T,4507.263502929687,4471.04541015625,-0.00902745937909899,0.7087394004818041,0.7241590214067278,trend_exit
2019-12-25,2019-12-25,2020-01-05,6988.T,1085.6611146240234,1041.606201171875,-0.041538302372502,0.6733217452184839,0.7655228758169934,trend_exit
2019-12-23,2019-12-23,2020-01-07,4816.T,950.3493633422851,1030.2401123046875,0.08298054577818958,0.7236073093205341,0.6820809248554913,trend_exit
2020-01-08,2020-01-08,2020-01-14,9605.T,3169.818751708984,3071.341064453125,-0.03203622549887519,0.7348768016126139,0.5855646100116416,trend_exit
2020-01-09,2020-01-09,2020-01-15,7974.T,3676.960152099609,3632.6982421875,-0.013025598911358238,0.7310645867988114,0.5855646100116416,trend_exit
2019-12-25,2019-12-25,2020-01-20,3549.T,2216.573489990234,2279.5830078125,0.027398114742733348,0.6758887551223844,0.732484076433121,trend_exit
2020-01-08,2020-01-08,2020-01-20,3382.T,1168.7105117187498,1229.664794921875,0.051103004387604845,0.7161758663320812,0.5395833333333335,trend_exit
2020-01-09,2020-01-09,2020-01-20,2802.T,835.8368328857421,825.364501953125,-0.013516627875281184,0.8539690990050013,0.6026490066225165,trend_exit
2020-01-14,2020-01-14,2020-01-20,9759.T,1545.4749613037109,1531.80810546875,-0.009834299694903237,0.7734913549937373,0.5855646100116416,trend_exit
2020-01-16,2020-01-16,2020-01-21,5803.T,400.8371432495116,386.9691162109375,-0.035563061943866936,0.8104992245414069,0.6026490066225165,trend_exit
2020-01-09,2020-01-09,2020-01-22,4704.T,4531.460527343749,4630.7255859375,0.020883848030181618,0.7082030634224359,0.5855646100116416,trend_exit
2020-01-09,2020-01-09,2020-01-22,7269.T,1007.7097670288085,1078.830078125,0.06950560896574509,0.7384691609868221,0.5395833333333335,trend_exit
2020-01-09,2020-01-09,2020-01-22,9301.T,488.67199118041987,479.2921752929687,-0.02017530826542524,0.700780972080993,0.45417680454176806,trend_exit
2020-01-09,2020-01-09,2020-01-23,6504.T,2956.6883537597655,3099.65185546875,0.04730422456450745,0.7358436073824128,0.5395833333333335,trend_exit
2020-01-21,2020-01-21,2020-01-26,2875.T,4116.661376953125,4018.470458984375,-0.02482822342394908,0.7346844483365558,0.5855646100116416,trend_exit
2020-01-21,2020-01-21,2020-01-26,8354.T,1590.5949874267576,1530.5052490234375,-0.03874037334421121,0.7385580890514333,0.5672514619883042,trend_exit
2020-01-21,2020-01-21,2020-01-26,8078.T,2316.647585205078,2211.928955078125,-0.046157456043347866,0.6928429059835968,0.5672514619883042,trend_exit
2020-01-21,2020-01-21,2020-01-26,7974.T,3666.8025437011715,3585.344482421875,-0.023192796652714787,0.7663680095972316,0.5395833333333335,trend_exit
2020-01-21,2020-01-21,2020-01-26,6370.T,2995.8373269042963,2933.894287109375,-0.021655693217852545,0.7086568110054554,0.5395833333333335,trend_exit
2020-01-08,2020-01-08,2020-01-27,4186.T,1273.3268643798826,1385.8157958984375,0.08725419908325294,0.735739859043997,0.5094991364421417,trend_exit
2020-01-29,2020-01-29,2020-02-02,3092.T,534.2703699340819,462.9228515625,-0.13440842926027208,0.7065862902561388,0.5094991364421417,stoploss
2020-01-27,2020-01-27,2020-02-09,8227.T,3861.3721630859372,3904.962646484375,0.010277569494942851,0.7144840502654317,0.5672514619883042,trend_exit
2020-02-03,2020-02-03,2020-02-11,3288.T,2535.4799685058592,2543.12255859375,0.002011243469733248,0.7761524678451786,0.5855646100116416,trend_exit
2020-02-03,2020-02-03,2020-02-11,4324.T,3099.847238769531,3079.7119140625,-0.00748909053670288,0.6832012208498236,0.5094991364421417,trend_exit
2020-02-04,2020-02-04,2020-02-11,5214.T,1717.7610889892576,1633.4755859375,-0.05001800261307021,0.7358410607660588,0.5672514619883042,trend_exit
2020-02-04,2020-02-04,2020-02-11,5344.T,7899.698936035155,7891.80712890625,-0.0019980019980019303,0.7372788032266854,0.5395833333333335,trend_exit
2020-02-03,2020-02-03,2020-02-12,4088.T,1258.875904418945,1254.31494140625,-0.0046194211309377176,0.7999291155998949,0.5855646100116416,trend_exit
2020-02-03,2020-02-03,2020-02-13,8795.T,977.3557128295897,1013.7760620117188,0.03622690557321251,0.731154883025392,0.5672514619883042,trend_exit
2020-02-03,2020-02-03,2020-02-13,8750.T,329.83912265014646,344.6320495605469,0.04380406649384905,0.6965644975391343,0.5672514619883042,trend_exit
2020-02-04,2020-02-04,2020-02-17,3769.T,6898.655435546874,6730.82958984375,-0.025302999537203386,0.7556438627068869,0.5855646100116416,trend_exit
2020-02-03,2020-02-03,2020-02-18,8111.T,2042.77425402832,2208.758056640625,0.08017285523973205,0.8427579480172036,0.5855646100116416,trend_exit
2020-02-16,2020-02-16,2020-02-24,5803.T,347.8116365356445,331.3030700683594,-0.04841663638711435,0.737860748311403,0.47619047619047616,trend_exit
2020-05-18,2020-05-18,2020-05-27,4680.T,291.5777855224609,281.5668640136719,-0.035299288504987314,0.727623293159807,0.7377777777777776,trend_exit
2020-05-18,2020-05-18,2020-06-02,8630.T,848.6458327026367,1004.9969482421876,0.1830517662433886,0.6512892382931946,0.7497785651018598,trend_exit
2020-05-19,2020-05-19,2020-06-02,5631.T,1256.7174981689452,1483.6453857421875,0.17939134492515252,0.6542754702511143,0.7497785651018598,trend_exit
2020-05-19,2020-05-19,2020-06-03,3291.T,1166.0139702148435,1321.734130859375,0.1324155888846028,0.6692606710060194,0.7497785651018598,trend_exit
2020-05-27,2020-05-27,2020-06-03,1951.T,999.8792514648436,983.35595703125,-0.017508764548296418,0.628794857091611,0.7048543689320388,trend_exit
2020-05-19,2020-05-19,2020-06-07,4324.T,1972.474898925781,2645.230224609375,0.3397306073825983,0.7057548988852851,0.773955773955774,trend_exit
2020-06-02,2020-06-02,2020-06-09,3563.T,2315.276831054687,2289.02001953125,-0.012329338401388723,0.6719940876703584,0.773955773955774,trend_exit
2020-05-18,2020-05-18,2020-06-10,7186.T,263.7697623596191,294.7001037597656,0.1161453876377938,0.6583519815263523,1.0,trend_exit
2020-05-18,2020-05-18,2020-06-10,7911.T,1412.380940673828,1693.3458251953125,0.197731030385508,0.7414430144871761,0.7497785651018598,trend_exit
2020-05-18,2020-05-18,2020-06-10,5901.T,864.8747529296874,1040.6851806640625,0.20207520448676974,0.6585311457288987,0.7497785651018598,trend_exit
2020-05-19,2020-05-19,2020-06-10,8601.T,319.95223147583005,353.93865966796875,0.10511722133437096,0.6483157379337848,0.773955773955774,trend_exit
2020-06-02,2020-06-02,2020-06-10,4680.T,286.40901718139645,273.06207275390625,-0.04755439138851525,0.6777176549807825,0.7497785651018598,trend_exit
2020-06-07,2020-06-07,2020-06-10,7164.T,1923.91723449707,1791.7264404296875,-0.06964048042473958,0.6290053608924544,0.6457311089303239,trend_exit
2020-05-18,2020-05-18,2020-06-11,7912.T,979.1564008789062,1135.225341796875,0.1582318365453168,0.66326651903082,0.7497785651018598,trend_exit
2020-06-03,2020-06-03,2020-06-11,4681.T,639.3659611206054,649.10205078125,0.0142124982598959,0.7524880049212435,0.773955773955774,trend_exit
2020-06-03,2020-06-03,2020-06-14,9412.T,377.00477145385736,358.29669189453125,-0.05057330223618728,0.6571028841269287,0.7497785651018598,trend_exit
2020-06-11,2020-06-11,2020-06-16,5384.T,884.8381778564452,874.0220947265625,-0.013211574180636121,0.6266878269181086,0.7497785651018598,trend_exit
2020-06-16,2020-06-16,2020-06-22,8078.T,1663.561435668945,1631.154296875,-0.020461097715415932,0.6260899427432226,0.7497785651018598,trend_exit
2020-06-16,2020-06-16,2020-06-23,2802.T,854.7510529174804,846.0313720703125,-0.011191226014391042,0.6970891998063159,0.7497785651018598,trend_exit
2020-06-17,2020-06-17,2020-06-23,9766.T,3429.359771728515,3402.65966796875,-0.008777954321357528,0.6643647709339865,0.7497785651018598,trend_exit
2020-06-17,2020-06-17,2020-06-24,1911.T,360.9007623901366,354.8431701660156,-0.01776786325365287,0.7114914454309886,0.7497785651018598,trend_exit
2020-06-17,2020-06-17,2020-06-24,4118.T,2453.037745361328,2351.376708984375,-0.04240147273829098,0.6565663268348887,0.7497785651018598,trend_exit
2020-06-17,2020-06-17,2020-06-25,3563.T,2270.217656738281,2307.21728515625,0.01528153524391862,0.6623578528358465,0.7497785651018598,trend_exit
2020-06-16,2020-06-16,2020-06-28,4812.T,742.0268690795898,749.1796264648438,0.008629846203186853,0.6237795087030935,0.7497785651018598,trend_exit
2020-06-22,2020-06-22,2020-06-28,7936.T,305.3315157470703,277.1477355957031,-0.09321320079693063,0.7131075462245537,0.773955773955774,stoploss
2020-06-23,2020-06-23,2020-06-28,7276.T,2005.7228353271482,1935.48828125,-0.035982061472928595,0.6211074446327679,0.7048543689320388,trend_exit
2020-06-17,2020-06-17,2020-06-29,8111.T,2021.0610341796873,2166.7763671875,0.07102633429320893,0.6468542051872394,0.7497785651018598,trend_exit
2020-06-16,2020-06-16,2020-07-01,7733.T,1829.238055175781,1922.3724365234375,0.049863389105125666,0.6704566850650346,0.7497785651018598,trend_exit
2020-06-17,2020-06-17,2020-07-02,6504.T,2590.5752919921874,2587.9873046875,-0.0019980019980019303,0.6364481889748851,0.7497785651018598,trend_exit
2020-06-29,2020-06-29,2020-07-02,3132.T,430.78554928588864,414.0055541992187,-0.03991313234478633,0.6004083660812933,0.45686900958466453,trend_exit
2020-07-05,2020-07-05,2020-07-08,6417.T,427.54066946411126,418.1920776367187,-0.02284410490649036,0.6632597388496074,0.48426573426573427,trend_exit
2020-07-05,2020-07-05,2020-07-08,7936.T,302.2828463439941,287.22149658203125,-0.050775528430344385,0.6447528040810635,0.48426573426573427,trend_exit
2020-07-05,2020-07-05,2020-07-08,8801.T,561.9429122924804,533.8236083984375,-0.05098939211733999,0.6353642916280391,0.48426573426573427,trend_exit
2020-07-05,2020-07-05,2020-07-08,6113.T,718.4513762207031,668.4613037109375,-0.07051073390652762,0.6223239987496614,0.48426573426573427,trend_exit
2020-07-05,2020-07-05,2020-07-08,9101.T,317.82916937255857,307.1827392578125,-0.034463837525133156,0.6170213000236774,0.48426573426573427,trend_exit
2020-07-05,2020-07-05,2020-07-08,7731.T,770.8067188110351,713.279296875,-0.07555811309318383,0.6069905538676046,0.48426573426573427,stoploss
2020-07-05,2020-07-05,2020-07-08,8242.T,644.2290957641601,605.5191040039062,-0.06102722016555795,0.6035688928987073,0.48426573426573427,trend_exit
2020-07-05,2020-07-05,2020-07-08,7762.T,285.12333947753905,271.0821228027344,-0.0501968685686458,0.618517124210636,0.4828009828009828,trend_exit
2020-07-05,2020-07-05,2020-07-09,5406.T,291.5896687316894,274.94207763671875,-0.058035434678513576,0.6069159864017645,0.48426573426573427,trend_exit
2020-07-02,2020-07-02,2020-07-13,7735.T,2272.4501115722655,2336.689208984375,0.02724038159865083,0.6058598909506238,0.45686900958466453,trend_exit
2020-07-14,2020-07-14,2020-07-19,9101.T,311.4188958740234,304.4972229003906,-0.023204019705523438,0.6140906540737312,0.4828009828009828,trend_exit
2020-07-13,2020-07-13,2020-07-21,7012.T,1440.2397042236325,1478.9705810546875,0.02586507380733627,0.6072126927298642,0.48426573426573427,trend_exit
2020-07-13,2020-07-13,2020-07-21,7261.T,567.5453108520508,588.9149169921875,0.03661503465150062,0.6156259381852263,0.4828009828009828,trend_exit
2020-07-14,2020-07-14,2020-07-21,3086.T,577.668155517578,574.5413208007812,-0.006407443446975636,0.6840694600396119,0.5174418604651163,trend_exit
2020-07-14,2020-07-14,2020-07-21,5803.T,292.0898937988281,282.8196716308594,-0.03270582804271582,0.6061858574517165,0.48426573426573427,trend_exit
2020-07-15,2020-07-15,2020-07-21,3099.T,555.4152119140624,540.1619873046875,-0.028435279153145143,0.6209800719640678,0.48426573426573427,trend_exit
2020-07-14,2020-07-14,2020-07-27,7936.T,293.3715391540527,292.3755798339844,-0.0043914788176701025,0.6496613375273166,0.48426573426573427,trend_exit
2020-07-12,2020-07-12,2020-07-30,3132.T,426.347277557373,438.1142578125,0.026571920576624164,0.6108307675815771,0.4828009828009828,trend_exit
2020-08-04,2020-08-04,2020-08-17,9201.T,1620.860085571289,1786.6849365234375,0.10120439603385512,0.6359027281588184,0.48426573426573427,trend_exit
2020-08-04,2020-08-04,2020-08-17,7012.T,1400.9439780273435,1347.5064697265625,-0.039105785548719685,0.6229846685904857,0.48426573426573427,trend_exit
2020-08-04,2020-08-04,2020-08-17,9022.T,2577.7238303222653,2790.22216796875,0.08135398874451893,0.6154811170329633,0.48426573426573427,trend_exit
2020-08-04,2020-08-04,2020-08-18,8233.T,334.3849236755371,361.9622497558594,0.08138932680163014,0.6522972722205813,0.5174418604651163,trend_exit
2020-08-04,2020-08-04,2020-08-18,9021.T,2100.4631108398435,2271.129638671875,0.08017060491294647,0.621938742436459,0.48426573426573427,trend_exit
2020-08-04,2020-08-04,2020-08-18,7581.T,1668.2262520751951,1816.752197265625,0.08794322281564915,0.6173799812897641,0.48426573426573427,trend_exit
2020-08-04,2020-08-04,2020-08-18,9005.T,1185.646620361328,1284.1070556640625,0.08196061674553246,0.6018785344212113,0.47126436781609193,trend_exit
2020-08-05,2020-08-05,2020-08-18,8242.T,564.4757160034179,632.0770263671875,0.1186397066140521,0.6240863355637062,0.48426573426573427,trend_exit
2020-08-05,2020-08-05,2020-08-18,3086.T,552.9959860229492,612.7872924804688,0.10701437381244072,0.674279248123642,0.4828009828009828,trend_exit
2020-08-10,2020-08-10,2020-08-18,7327.T,262.0227778625488,269.7969665527344,0.028640226566750693,0.64560761964873,0.4828009828009828,trend_exit
2020-08-17,2020-08-17,2020-08-20,2875.T,5828.346449707031,5641.9794921875,-0.03294398139653654,0.696339619335351,0.4674028268551237,trend_exit
2020-08-17,2020-08-17,2020-08-25,3994.T,3993.99,3885.0,-0.02826121247173874,0.7197880483493433,0.4674028268551237,trend_exit
2020-08-18,2020-08-18,2020-08-26,4385.T,5025.0199999999995,4990.0,-0.00796215736454764,0.6894715196893584,0.4674028268551237,trend_exit
2020-08-18,2020-08-18,2020-08-26,7309.T,21381.176222656246,21211.48046875,-0.008928752674172591,0.6845270876442061,0.4674028268551237,trend_exit
2020-08-17,2020-08-17,2020-08-27,3923.T,641.5861967163086,701.8101806640625,0.09277346375550044,0.727360885301646,0.4686595949855352,trend_exit
2020-08-18,2020-08-18,2020-08-27,6532.T,1118.3780029296875,1034.9532470703125,-0.07551982324866524,0.6730955839194012,0.4674028268551237,stoploss
2020-08-24,2020-08-24,2020-08-27,3086.T,627.8630756835937,615.4127807617188,-0.02080980425295953,0.8113151634685792,0.4674028268551237,trend_exit
2020-08-20,2020-08-20,2020-08-30,9412.T,333.6324935302734,337.4654541015625,0.010477082373484103,0.652213490639002,0.4686595949855352,trend_exit
2020-08-26,2020-08-26,2020-08-31,6951.T,2894.752456298828,2822.4560546875,-0.025950010855871453,0.7174239564831313,0.4686595949855352,trend_exit
2020-08-30,2020-08-30,2020-09-03,3382.T,1024.92972857666,1007.8001098632812,-0.017696255965206298,0.6796849977434019,0.4674028268551237,trend_exit
2020-08-26,2020-08-26,2020-09-06,7741.T,9934.011000976561,10053.34375,0.011000531936465219,0.7668037954880705,0.4686595949855352,trend_exit
2020-08-31,2020-08-31,2020-09-07,7071.T,657.4564822998046,662.7144775390625,0.006989482780129119,0.6898292835787855,0.4674028268551237,trend_exit
2020-08-31,2020-08-31,2020-09-08,6532.T,1139.6810229492187,1131.9505615234375,-0.007776221424105834,0.6873788010252271,0.4674028268551237,trend_exit
2020-08-30,2020-08-30,2020-09-14,9142.T,1978.1671088867186,1962.6669921875,-0.008827759602794027,0.668221694904301,0.4674028268551237,trend_exit
2020-08-23,2020-08-23,2020-09-15,4202.T,593.6006370239257,640.35205078125,0.07768027665489918,0.7003015513046682,0.4674028268551237,trend_exit
2020-09-06,2020-09-06,2020-09-15,3086.T,626.3671354370116,623.1592407226562,-0.0061163074151473484,0.7151303464689706,0.4674028268551237,trend_exit
2020-08-24,2020-08-24,2020-09-16,8591.T,1057.0704187011718,1122.1416015625,0.060496481718162354,0.7320815653237013,0.4686595949855352,trend_exit
2020-08-25,2020-08-25,2020-09-16,4118.T,2291.7650615234375,2514.18359375,0.09595414134057534,0.7530803158241797,0.4674028268551237,trend_exit
2020-09-03,2020-09-03,2020-09-16,5631.T,1400.4983424072263,1419.099609375,0.012268609564267896,0.6913626661034494,0.4674028268551237,trend_exit
2020-08-31,2020-08-31,2020-09-17,4063.T,2318.287895751953,2512.09033203125,0.08251362839696808,0.6521721169608166,0.4686595949855352,trend_exit
2020-08-23,2020-08-23,2020-09-23,7581.T,1842.6623547363279,2070.072509765625,0.12229049013799154,0.7186872651780585,0.4686595949855352,trend_exit
2020-09-07,2020-09-07,2020-09-24,6920.T,7667.834979492187,8204.6015625,0.06893236263677616,0.7165957855412077,0.4674028268551237,trend_exit
2020-09-17,2020-09-17,2020-09-24,8630.T,1046.887516479492,994.7857055664062,-0.05071853067577603,0.6697724496023498,0.4674028268551237,trend_exit
2020-09-14,2020-09-14,2020-09-27,6857.T,1197.9904948730468,1189.7120361328125,-0.007903377211160967,0.7162787909753648,0.4686595949855352,trend_exit
2020-09-22,2020-09-22,2020-09-29,7309.T,19812.84969726562,19209.0,-0.03144720253702871,0.673088957140498,0.4674028268551237,trend_exit
2020-09-23,2020-09-23,2020-09-29,9101.T,390.8244550170898,379.4718017578125,-0.030018912354197735,0.6789460947927655,0.4686595949855352,trend_exit
2020-09-08,2020-09-08,2020-10-01,6951.T,2778.962709960937,3198.45947265625,0.14980348665006327,0.7586149935932941,0.4686595949855352,trend_exit
2020-09-15,2020-09-15,2020-10-01,3626.T,1917.2884199218747,2025.541748046875,0.05540521982669766,0.6823202073031455,0.4686595949855352,trend_exit
2020-09-16,2020-09-16,2020-10-01,6532.T,1107.6303275146483,1326.8868408203125,0.19675303307543435,0.7043636709101112,0.4674028268551237,trend_exit
2020-09-24,2020-09-24,2020-10-01,4186.T,1638.9096112060545,1616.358642578125,-0.014745979342157378,0.6631532219069619,0.4686595949855352,trend_exit
2020-09-15,2020-09-15,2020-10-04,8035.T,7634.995532226561,8015.50439453125,0.04878763272851949,0.7251236685171373,0.4686595949855352,trend_exit
2020-09-23,2020-09-23,2020-10-04,6305.T,3140.9268515624995,3158.78125,0.004678751808622872,0.6467453111945057,0.4686595949855352,trend_exit
2020-09-28,2020-09-28,2020-10-04,4203.T,1350.0768775634765,1287.199462890625,-0.047526637336047006,0.6782665309747576,0.6778398510242085,trend_exit
2020-10-06,2020-10-06,2020-10-11,9020.T,2021.7032773437497,1963.9154052734375,-0.02955517169368771,0.7006500040788528,0.6778398510242085,trend_exit
2020-10-05,2020-10-05,2020-10-12,1605.T,457.71962197875973,440.1426696777344,-0.039362732348711016,0.7313537287054046,0.6330409356725144,trend_exit
2020-10-05,2020-10-05,2020-10-12,1969.T,658.2792647094726,649.4603881835938,-0.014383465227696624,0.6764177278698447,0.6330409356725144,trend_exit
2020-10-04,2020-10-04,2020-10-13,8591.T,1134.4739167480468,1115.140869140625,-0.0180243795601549,0.7019693885003,0.5718309859154928,trend_exit
2020-09-28,2020-09-28,2020-10-14,8570.T,781.0511448974609,893.6018676757812,0.14295750238648375,0.7915300304985784,0.6778398510242085,trend_exit
2020-10-01,2020-10-01,2020-10-15,6920.T,8279.7323984375,8854.091796875,0.06829994973597753,0.7540815553883994,0.6612903225806451,trend_exit
2020-10-05,2020-10-05,2020-10-15,6857.T,1216.6148134765624,1301.0247802734375,0.06831163084321834,0.7049010781397045,0.6308900523560209,trend_exit
2020-10-05,2020-10-05,2020-10-15,6146.T,7879.066507812499,8490.107421875,0.0764748978883687,0.6437250894804051,0.6308900523560209,trend_exit
2020-10-11,2020-10-11,2020-10-15,2327.T,1470.872357055664,1444.3822021484375,-0.018991815962394742,0.6663320940172154,0.531868131868132,trend_exit
2020-10-05,2020-10-05,2020-10-21,7729.T,2848.8484438476557,3058.390380859375,0.0724796529898879,0.6655899873741755,0.6778398510242085,trend_exit
2020-10-18,2020-10-18,2020-10-21,7182.T,667.9645384521484,663.2283325195312,-0.008083414544204137,0.6808334630198494,0.5718309859154928,trend_exit
2020-09-29,2020-09-29,2020-10-22,4062.T,1709.1008260498045,1976.728759765625,0.15543331376771197,0.69514104572999,0.6612903225806451,trend_exit
2020-10-18,2020-10-18,2020-10-26,7267.T,703.7084375610351,690.7674560546875,-0.01937130242412355,0.6729444178297781,0.6612903225806451,trend_exit
2020-10-18,2020-10-18,2020-10-26,8309.T,1171.5753121337889,1166.73583984375,-0.00512660865048753,0.6849769576023377,0.5715402658326819,trend_exit
2020-10-20,2020-10-20,2020-10-26,6326.T,1718.2850499267577,1666.146240234375,-0.031313172360377894,0.6634926380604638,0.6730366924614192,trend_exit
2020-10-13,2020-10-13,2020-10-27,8725.T,776.6210600585937,772.9094848632812,-0.005774353685228828,0.6468812772930372,0.5703971119133574,trend_exit
2020-10-20,2020-10-20,2020-10-27,7012.T,1220.9141524658203,1155.7882080078125,-0.05428861032706489,0.8456149562017641,0.6778398510242085,trend_exit
2020-10-19,2020-10-19,2020-10-28,6954.T,3745.7686379394527,3837.2158203125,0.023389049090049907,0.6432891128327505,0.5962877030162411,trend_exit
2020-10-20,2020-10-20,2020-10-28,7011.T,199.78445425415035,203.7111663818359,0.01863508837663419,0.8464886547509909,0.75,trend_exit
2020-10-21,2020-10-21,2020-10-29,3132.T,526.0025278320312,521.2664184570312,-0.009994962980740318,0.6816145278754959,0.5715402658326819,trend_exit
2020-10-22,2020-10-22,2020-10-29,4902.T,232.6037092285156,234.1451873779297,0.00562043041519944,0.79524808249406,0.6778398510242085,trend_exit
2020-10-22,2020-10-22,2020-10-29,6971.T,1336.8436868896483,1256.5748291015625,-0.06098351917782363,0.6947684886681852,0.5689783743475018,trend_exit
2020-10-26,2020-10-26,2020-10-29,9983.T,23426.397134765622,23110.572265625,-0.014468099360582243,0.7440418173794869,0.5703971119133574,trend_exit
2020-10-27,2020-10-27,2020-11-01,4816.T,1374.9213994140623,1322.0396728515625,-0.03942317448724775,0.6874289142169213,0.6330409356725144,trend_exit
2020-10-28,2020-10-28,2020-11-03,8035.T,8576.661843749998,8247.47265625,-0.03934358918466008,0.6895122156396041,0.6330409356725144,trend_exit
2020-10-27,2020-10-27,2020-11-10,2802.T,988.8303718261718,1049.597412109375,0.06039199904510184,0.6496447849396578,0.5689783743475018,trend_exit
2020-11-03,2020-11-03,2020-11-11,6871.T,905.8464698486326,818.8807983398438,-0.09690886395108167,0.6570812245198123,0.5715402658326819,stoploss
2020-10-28,2020-10-28,2020-11-15,9766.T,3915.1231259765623,4893.69287109375,0.24869615103183418,0.7192468516634644,0.6612903225806451,trend_exit
2020-10-28,2020-10-28,2020-11-16,6951.T,3155.190124023437,3388.78857421875,0.0729622154520233,0.6251956861136874,0.4966101694915255,trend_exit
2020-11-01,2020-11-01,2020-11-16,7337.T,482.9754128417968,487.4500427246094,0.008255450969289813,0.6782742166522797,0.6778398510242085,trend_exit
2020-11-03,2020-11-03,2020-11-16,7731.T,566.728882446289,616.8511352539062,0.08735288284350862,0.7881496235164921,0.5389610389610391,trend_exit
2020-11-03,2020-11-03,2020-11-18,2501.T,330.47950238037106,379.24566650390625,0.14641428018533964,0.8164895974828219,0.5718309859154928,trend_exit
2020-11-03,2020-11-03,2020-11-18,4503.T,1269.002598144531,1335.9329833984375,0.05168976987629259,0.634742246725538,0.5689783743475018,trend_exit
2020-11-10,2020-11-10,2020-11-18,4186.T,1830.3154254150388,1831.4747314453125,-0.0003672420020276457,0.6865225473968288,0.6778398510242085,trend_exit
2020-10-29,2020-10-29,2020-11-19,9532.T,1732.934816894531,1920.7451171875,0.10726863662933428,0.6412152968176439,0.5703971119133574,trend_exit
2020-11-16,2020-11-16,2020-11-26,6406.T,1884.2059320068358,1822.70654296875,-0.03360678071616685,0.7245947876809304,0.5198573512724914,trend_exit
2020-11-18,2020-11-18,2020-11-29,4403.T,1405.6700128173827,1411.889404296875,0.003420078703649354,0.6773503149135346,0.5198573512724914,trend_exit
2020-10-26,2020-10-26,2020-12-02,3038.T,2745.035017333984,3214.197265625,0.16974211552241925,0.6520985408504572,0.5718309859154928,trend_exit
2020-11-19,2020-11-19,2020-12-02,4816.T,1329.090580200195,1409.794189453125,0.05966020393548588,0.7271931995672952,0.5198573512724914,trend_exit
2020-11-15,2020-11-15,2020-12-03,4062.T,2137.5797802734373,2380.73193359375,0.1126373965587939,0.7102255363945519,0.5198573512724914,trend_exit
2020-11-17,2020-11-17,2020-12-03,2413.T,7713.950873535156,8577.2255859375,0.11079892792015089,0.7125681438759347,0.5198573512724914,trend_exit
2020-11-29,2020-11-29,2020-12-03,3563.T,3200.654977050781,3101.148681640625,-0.032058264582564666,0.7010236537887673,0.5198573512724914,trend_exit
2020-11-11,2020-11-11,2020-12-07,4980.T,348.29029464721674,384.9260559082031,0.10408224335334038,0.6989116850869979,0.5198573512724914,trend_exit
2020-11-19,2020-11-19,2020-12-09,6951.T,3522.2883007812497,4154.7470703125,0.17837949900965766,0.7204055202352014,0.5198573512724914,trend_exit
2020-11-29,2020-11-29,2020-12-09,6315.T,568.1097174682617,616.0366821289062,0.0832778009666042,0.7898612901026337,0.5198573512724914,trend_exit
2020-11-16,2020-11-16,2020-12-10,5384.T,996.1195751342773,1104.415283203125,0.10760886088519572,0.6850125278001031,0.5198573512724914,trend_exit
2020-12-08,2020-12-08,2020-12-13,6005.T,5320.446479003906,5213.0947265625,-0.021157030262814014,0.6612395977924594,0.5198573512724914,trend_exit
2020-12-02,2020-12-02,2020-12-14,5631.T,2489.4774689941405,2638.5244140625,0.05881090408641154,0.6869059552242859,0.540268456375839,trend_exit
2020-12-08,2020-12-08,2020-12-15,6920.T,11272.290326171873,11079.5537109375,-0.01808116745113386,0.7970622082557882,0.5198573512724914,trend_exit
2020-12-09,2020-12-09,2020-12-15,4062.T,2421.627460205078,2392.756103515625,-0.012910372593116004,0.7231558484175763,0.5198573512724914,trend_exit
2020-12-09,2020-12-09,2020-12-15,4716.T,9010.133945312498,8913.35546875,-0.011730328613620111,0.6916750632564638,0.5198573512724914,trend_exit
2020-12-08,2020-12-08,2020-12-17,8078.T,2226.203227294922,2360.450927734375,0.05924313103794043,0.6546189496376447,0.5198573512724914,trend_exit
2020-12-15,2020-12-15,2020-12-20,3288.T,3431.357372802734,3301.292724609375,-0.038866817538458664,0.7056729698613415,0.5198573512724914,trend_exit
2020-12-06,2020-12-06,2020-12-21,9697.T,1398.688184448242,1540.78369140625,0.100490391517855,0.7796770639665934,0.5198573512724914,trend_exit
2020-12-07,2020-12-07,2020-12-21,4403.T,1454.5099416503904,1539.9658203125,0.05769359867460255,0.7323552396890481,0.5198573512724914,trend_exit
2020-12-14,2020-12-14,2020-12-21,3923.T,1103.627793823242,1083.147705078125,-0.01953850434981763,0.6687997966941599,0.5198573512724914,trend_exit
2020-12-16,2020-12-16,2020-12-21,8035.T,11018.47230859375,10652.8623046875,-0.03414836972612567,0.7418639137087647,0.5198573512724914,trend_exit
2020-12-16,2020-12-16,2020-12-21,9766.T,5685.356923339843,5277.32958984375,-0.07269634407458503,0.7064282947433399,0.5198573512724914,stoploss
2020-11-19,2020-11-19,2020-12-22,6871.T,851.0257126464843,1073.5858154296875,0.2602583137928982,0.7346871050658609,0.5198573512724914,trend_exit
2020-12-10,2020-12-10,2020-12-22,2413.T,8758.235814453124,9083.361328125,0.036085138495838054,0.7201631792893669,0.5198573512724914,trend_exit
2020-12-22,2020-12-22,2020-12-27,4684.T,3951.5479421386713,3883.68603515625,-0.018156326095020603,0.691366041557522,0.5198573512724914,trend_exit
2020-12-22,2020-12-22,2020-12-28,3038.T,3149.5748952636714,3088.34033203125,-0.02042272551168145,0.7151901511401322,0.5198573512724914,trend_exit
2020-12-22,2020-12-22,2021-01-03,7550.T,2564.855017333984,2516.05517578125,-0.02000732843833608,0.7272503686444237,0.5198573512724914,trend_exit
2020-12-22,2020-12-22,2021-01-04,9719.T,1738.3117705078123,1721.630615234375,-0.01058658533002721,0.7367132420221553,0.5198573512724914,trend_exit
2020-12-21,2020-12-21,2021-01-05,9983.T,26859.383332031248,27639.87890625,0.028029522718590494,0.7059988967458588,0.5198573512724914,trend_exit
2020-12-23,2020-12-23,2021-01-06,6951.T,4289.013732910155,4544.6904296875,0.0585523903597438,0.7457554484180391,0.5198573512724914,trend_exit
2020-12-13,2020-12-13,2021-01-11,6532.T,1522.4027177734374,1699.80908203125,0.11541397891929539,0.8046872848203646,0.5198573512724914,trend_exit
2020-12-27,2020-12-27,2021-01-13,9104.T,677.5858444824217,701.084228515625,0.033644887936083556,0.6810490370248405,0.6864077669902913,trend_exit
2020-12-28,2020-12-28,2021-01-13,2413.T,9565.183557617187,9953.376953125,0.03954341453839416,0.7041607338714955,0.6230248306997742,trend_exit
2021-01-03,2021-01-03,2021-01-14,4812.T,965.9540026855468,1050.494384765625,0.08643257076754574,0.7809991405564293,0.5800354400472535,trend_exit
2021-01-05,2021-01-05,2021-01-14,8078.T,2374.616873535156,2400.044189453125,0.009697257686135385,0.6779300557683028,0.6230248306997742,trend_exit
2021-01-04,2021-01-04,2021-01-17,8473.T,1016.4644846801757,1081.1802978515625,0.06260389205192696,0.6655164387238721,0.48266100495399844,trend_exit
2021-01-11,2021-01-11,2021-01-17,4401.T,1581.2047471923827,1521.949462890625,-0.038437295279163286,0.6976306904185134,0.6230248306997742,trend_exit
2020-12-17,2020-12-17,2021-01-21,7735.T,3146.811392333984,3733.3818359375,0.18521512385122318,0.7602212821463665,0.5198573512724914,trend_exit
2020-12-23,2020-12-23,2021-01-21,8035.T,10796.62568359375,12857.3095703125,0.18967283271293356,0.7930191117050776,0.5198573512724914,trend_exit
2021-01-18,2021-01-18,2021-01-24,6920.T,14567.038814453123,14408.9697265625,-0.011840296426344099,0.6943152334185316,0.6864077669902913,trend_exit
2020-12-22,2020-12-22,2021-01-25,6857.T,1761.8298940429686,2164.41064453125,0.22727298543271535,0.7504218802966685,0.5198573512724914,trend_exit
2021-01-13,2021-01-13,2021-01-25,2502.T,1238.9712540283201,1244.19091796875,0.0032086886677438198,0.6794029615895533,0.5797872340425532,trend_exit
2021-01-18,2021-01-18,2021-01-25,3994.T,4714.709999999999,4485.0,-0.049673256679625855,0.7059353829699478,0.6230248306997742,trend_exit
2021-01-06,2021-01-06,2021-01-26,6098.T,4283.455934570312,4527.31591796875,0.05587373166346765,0.708865201242628,0.6864077669902913,trend_exit
2021-01-18,2021-01-18,2021-01-27,7071.T,1243.3894862060545,1303.88427734375,0.047604477532587675,0.7925108103906671,0.6230248306997742,trend_exit
2021-01-24,2021-01-24,2021-01-27,9697.T,1695.3794768066405,1611.3538818359375,-0.05051196503442501,0.6843073969873845,0.6230248306997742,trend_exit
2021-01-21,2021-01-21,2021-01-28,6201.T,7779.070126953124,7489.20361328125,-0.03822509791432127,0.6990624327508359,0.6230248306997742,trend_exit
2021-01-25,2021-01-25,2021-01-28,7741.T,13132.627320312498,12874.416015625,-0.02064215439083006,0.8800788429646094,0.6864077669902913,trend_exit
2021-01-25,2021-01-25,2021-01-28,9759.T,1820.6836108398436,1773.768798828125,-0.026741922935247242,0.7831133241330754,0.5800354400472535,trend_exit
2021-01-21,2021-01-21,2021-01-31,4203.T,1693.733056640625,1676.4359130859375,-0.01120222539991389,0.6963001049767195,0.6230248306997742,trend_exit
2021-01-25,2021-01-25,2021-02-02,3132.T,627.4377850952147,641.4075927734375,0.021242584367829664,0.7701293204361868,0.6864077669902913,trend_exit
2021-02-01,2021-02-01,2021-02-03,6323.T,812.4099870605468,744.6821899414062,-0.08428315801093034,0.6873672140707614,0.6864077669902913,stoploss
2021-02-01,2021-02-01,2021-02-04,3107.T,1530.5056612548826,1495.261474609375,-0.024004777669357824,0.7394522738599819,0.6230248306997742,trend_exit
2021-02-01,2021-02-01,2021-02-04,6951.T,4107.787277343749,3917.996337890625,-0.047156515835034774,0.6919613132744071,0.5797872340425532,trend_exit
2021-01-26,2021-01-26,2021-02-07,4980.T,417.8891513671875,420.134521484375,0.004367750609776788,0.7317808863658335,0.6230248306997742,trend_exit
2021-02-02,2021-02-02,2021-02-07,4062.T,2445.699604003906,2344.660400390625,-0.042271693483705075,0.7089235167452429,0.6864077669902913,trend_exit
2021-01-14,2021-01-14,2021-02-11,2222.T,1023.984814880371,1258.587890625,0.2278788556852427,0.7187150419917373,0.6349557522123894,trend_exit
2021-02-01,2021-02-01,2021-02-11,7912.T,838.7960880126952,883.4747314453125,0.052211937236060546,0.6990621496529352,0.48266100495399844,trend_exit
2021-02-07,2021-02-07,2021-02-11,3038.T,2941.218064941406,2816.295654296875,-0.043430545943342835,0.7418762724777949,0.6349557522123894,trend_exit
2021-02-07,2021-02-07,2021-02-15,9697.T,1610.6103441162109,1623.1156005859375,0.006756532335021159,0.7504965007264934,0.6349557522123894,trend_exit
2021-02-11,2021-02-11,2021-02-16,9435.T,19853.12821679687,18835.447265625,-0.05220922300600184,0.617320592584913,0.6579700095345409,trend_exit
2021-02-11,2021-02-11,2021-02-16,8227.T,5632.445177734375,5559.83203125,-0.013879048272791072,0.6031959758469552,0.6579700095345409,trend_exit
2021-02-08,2021-02-08,2021-02-17,6146.T,10795.76251660156,10570.50390625,-0.021844600035908157,0.7975376170502702,0.6349557522123894,trend_exit
2021-02-07,2021-02-07,2021-02-18,7741.T,12569.798452148436,12807.13671875,0.017862747023158265,0.7716553249961222,0.5127272727272727,trend_exit
2021-01-18,2021-01-18,2021-02-21,4680.T,258.77026101684567,341.1986999511719,0.3172205334253275,0.7241139778419707,0.5800354400472535,trend_exit
2021-01-31,2021-01-31,2021-02-21,8136.T,500.4680772399902,553.6624755859375,0.10518300420012294,0.7200733193727169,0.5797872340425532,trend_exit
2021-02-16,2021-02-16,2021-02-21,7012.T,2242.6075546875,2106.1640625,-0.061780607115321295,0.6006768663712576,0.6579700095345409,trend_exit
2021-02-01,2021-02-01,2021-02-23,5844.T,1295.0661112060545,1506.7294921875,0.16227484424987826,0.6772075299742616,0.5800354400472535,trend_exit
2021-02-07,2021-02-07,2021-02-23,6857.T,2104.6723940429683,2223.871826171875,0.05557898732069688,0.6979299133033028,0.6230248306997742,trend_exit
2021-02-11,2021-02-11,2021-02-23,7735.T,3865.8280305175776,3853.09814453125,-0.004289633165249329,0.6083236356564596,0.6579700095345409,trend_exit
2021-02-21,2021-02-21,2021-02-23,6920.T,13963.670423828124,12801.5947265625,-0.08413814250351626,0.6125265728751323,0.6579700095345409,stoploss
2021-02-18,2021-02-18,2021-02-24,3038.T,2869.505066162109,2731.099853515625,-0.049184897480862855,0.6175684371555423,0.6579700095345409,trend_exit
2021-02-21,2021-02-21,2021-02-25,8035.T,13695.442502929685,12869.1318359375,-0.0612743836972488,0.6234689127722881,0.6579700095345409,trend_exit
2021-03-02,2021-03-02,2021-03-07,6504.T,4193.976407714843,4003.472900390625,-0.04637770013842035,0.6058118363209799,0.6579700095345409,trend_exit
2021-02-23,2021-02-23,2021-03-08,2222.T,1359.5603505859374,1388.8526611328125,0.02052388323454446,0.6053824824626179,0.6579700095345409,trend_exit
2021-03-10,2021-03-10,2021-03-21,6504.T,4225.817298828125,4294.30419921875,0.015190575373243975,0.6309048306265972,0.6579700095345409,trend_exit
2021-03-11,2021-03-11,2021-03-21,8035.T,12488.587439453124,12263.349609375,-0.019017457405727134,0.6377007628103768,0.6579700095345409,trend_exit
2021-03-11,2021-03-11,2021-03-21,7832.T,2429.421623535156,2401.90576171875,-0.012314769609480192,0.6180821547372024,0.6579700095345409,trend_exit
2021-02-23,2021-02-23,2021-03-22,7011.T,278.44118792724606,316.37567138671875,0.1351025258443992,0.6050521692025003,0.6579700095345409,trend_exit
2021-02-24,2021-02-24,2021-03-22,7012.T,2184.120415039062,2527.031494140625,0.1558449091284806,0.6067069788762167,0.6579700095345409,trend_exit
2021-03-04,2021-03-04,2021-03-22,9418.T,596.9444315795898,682.4588012695312,0.14211023070304218,0.6267908552253818,0.6579700095345409,trend_exit
2021-03-09,2021-03-09,2021-03-22,7741.T,11424.903724609374,12172.7880859375,0.06439542870347847,0.6476520443742793,0.6579700095345409,trend_exit
2021-03-01,2021-03-01,2021-03-23,3107.T,1368.511553588867,1505.376220703125,0.09890986344878172,0.6174100590778626,0.6579700095345409,trend_exit
2021-03-04,2021-03-04,2021-03-23,6532.T,2066.8330788574217,2311.025390625,0.1170299086323261,0.6001988453204365,0.6579700095345409,trend_exit
2021-03-25,2021-03-25,2021-03-30,5991.T,733.0333264160156,712.4978637695312,-0.0289863499305556,0.7788343946387151,0.6331417624521073,trend_exit
2021-03-25,2021-03-25,2021-03-31,5019.T,483.21891171264645,465.2621154785156,-0.03812362865583441,0.7036789023253732,0.6331417624521073,trend_exit
2021-03-28,2021-03-28,2021-03-31,8053.T,1315.3408823242187,1265.9627685546875,-0.03850262484702627,0.6703953530470257,0.6331417624521073,trend_exit
2021-03-28,2021-03-28,2021-04-06,6861.T,50778.20794921875,49311.6015625,-0.02985371184814667,0.6705384871303204,0.6172422747338354,trend_exit
2021-03-23,2021-03-23,2021-04-07,8035.T,13089.05742675781,14832.947265625,0.13209941978456552,0.6162773143569134,0.6579700095345409,trend_exit
2021-03-30,2021-03-30,2021-04-07,3994.T,4184.179999999999,4185.0,-0.0008042197037412269,0.7473786541655107,0.6172422747338354,trend_exit
2021-04-01,2021-04-01,2021-04-08,6055.T,1344.040573852539,1312.1168212890625,-0.024728322962378035,0.7589470003085584,0.6331417624521073,trend_exit
2021-03-11,2021-03-11,2021-04-11,7735.T,3785.937673095703,4830.57958984375,0.27465093906523963,0.6240682970801494,0.6579700095345409,trend_exit
2021-03-23,2021-03-23,2021-04-11,4186.T,2044.3191323242186,2244.991943359375,0.09706303480425849,0.6186061260450233,0.6818181818181818,trend_exit
2021-03-28,2021-03-28,2021-04-11,6323.T,745.5544409790039,855.1873779296875,0.1459018196309252,0.6639994752099541,0.6172422747338354,trend_exit
2021-04-06,2021-04-06,2021-04-11,2222.T,1392.072933227539,1352.2125244140625,-0.02960521705018604,0.8407681532817969,0.6331417624521073,trend_exit
2021-04-05,2021-04-05,2021-04-12,7581.T,2223.9047885742184,2215.852294921875,-0.004617259695658182,0.7269151875091966,0.6331417624521073,trend_exit
2021-04-07,2021-04-07,2021-04-12,1605.T,621.3488164672851,590.90087890625,-0.04995396726819967,0.7989917155356974,0.6331417624521073,trend_exit
2021-03-23,2021-03-23,2021-04-14,6920.T,13369.878983398436,17221.875,0.2868219036509798,0.6087423582860068,0.6579700095345409,trend_exit
2021-03-28,2021-03-28,2021-04-14,6504.T,4253.110678222656,4524.1669921875,0.06266757842380866,0.7832658599709128,0.6507246376811595,trend_exit
2021-04-11,2021-04-11,2021-04-14,2587.T,3594.706838378906,3486.96044921875,-0.030943649819170638,0.7167598747799491,0.6172422747338354,trend_exit
2021-04-11,2021-04-11,2021-04-18,7867.T,913.2158313598632,903.22607421875,-0.011928158537408695,0.7205635696140643,0.6172422747338354,trend_exit
2021-04-12,2021-04-12,2021-04-18,3099.T,712.6802910766601,683.1173706054688,-0.0424398404452907,0.7275414165821703,0.6172422747338354,trend_exit
2021-04-07,2021-04-07,2021-04-19,7751.T,2128.104982910156,2130.147216796875,-4.131061709089501e-05,0.701513518343321,0.6172422747338354,trend_exit
2021-04-08,2021-04-08,2021-04-19,7733.T,2245.277458251953,2191.186279296875,-0.02506699785700106,0.7163368426588058,0.6172422747338354,trend_exit
2021-04-13,2021-04-13,2021-04-19,8801.T,740.6810421752929,722.2550048828125,-0.025852278115728433,0.7216078471261153,0.6507246376811595,trend_exit
2021-04-13,2021-04-13,2021-04-19,5803.T,495.2046708984374,474.05963134765625,-0.043656896739091344,0.7368206817548149,0.6331417624521073,trend_exit
2021-04-14,2021-04-14,2021-04-19,3231.T,461.73712423706047,443.8211975097656,-0.03976233870114054,0.7098831962238019,0.6507246376811595,trend_exit
2021-04-13,2021-04-13,2021-04-20,3132.T,648.4432055664062,637.5759887695312,-0.017742174930486243,0.7977326260536335,0.6331417624521073,trend_exit
2021-04-14,2021-04-14,2021-04-20,4188.T,714.0950344848632,694.793701171875,-0.028002053016073614,0.6926861504710196,0.6331417624521073,trend_exit
2021-04-14,2021-04-14,2021-04-21,3110.T,3668.4220815429685,3641.620849609375,-0.008298623251771109,0.7489945300667272,0.6331417624521073,trend_exit
2021-04-18,2021-04-18,2021-04-21,4704.T,4487.200002441406,4318.8154296875,-0.038488007686224956,0.7172387695541036,0.6331417624521073,trend_exit
2021-04-18,2021-04-18,2021-04-21,7762.T,313.21096936035156,294.8304443359375,-0.0596254834461557,0.7370017833131642,0.6172422747338354,trend_exit
2021-04-19,2021-04-19,2021-04-22,4403.T,1831.2649824218747,1814.0877685546875,-0.010370591813875896,0.6684002510298885,0.6172422747338354,trend_exit
2021-04-21,2021-04-21,2021-04-26,4568.T,2881.2985861816405,2754.219482421875,-0.04506069723729855,0.797178236249867,0.6172422747338354,trend_exit
2021-04-21,2021-04-21,2021-04-26,4519.T,3942.2554558105467,3773.172607421875,-0.04384698630864181,0.6955434860328805,0.6172422747338354,trend_exit
2021-04-22,2021-04-22,2021-04-27,8174.T,1644.244775024414,1603.2071533203125,-0.025933382611350253,0.6585690109909954,0.6331417624521073,trend_exit
2021-04-25,2021-04-25,2021-04-29,7912.T,1036.410863769531,1001.6934814453124,-0.03446420435593467,0.686703991810808,0.6331417624521073,trend_exit
2021-04-26,2021-04-26,2021-05-09,3626.T,2490.0613041992183,2497.822509765625,0.0021137564154605215,0.7390996395252422,0.6331417624521073,trend_exit
2021-04-29,2021-04-29,2021-05-09,9697.T,1677.4464005126952,1586.08154296875,-0.0554121664087176,0.7469876943482154,0.6331417624521073,trend_exit
2021-04-22,2021-04-22,2021-05-11,9735.T,4207.159010742187,4156.73046875,-0.01297437827321557,0.6558557907913101,0.6331417624521073,trend_exit
2021-04-25,2021-04-25,2021-05-11,6098.T,4955.909454589843,4892.9775390625,-0.013685660258298427,0.7218395128937043,0.6331417624521073,trend_exit
2021-04-25,2021-04-25,2021-05-11,4680.T,340.9246600036621,377.7725524902344,0.10697413303481862,0.6854695967798867,0.6172422747338354,trend_exit
2021-04-26,2021-04-26,2021-05-11,2768.T,1260.7122115478514,1336.894775390625,0.05936776718890546,0.6897605359077967,0.6172422747338354,trend_exit
2021-04-27,2021-04-27,2021-05-11,8056.T,3083.3930568847654,2954.76806640625,-0.042673689703984885,0.6532710990483398,0.6331417624521073,trend_exit
2021-04-29,2021-04-29,2021-05-11,9759.T,1610.7676057128904,1591.99169921875,-0.012644839715624134,0.7572467150738825,0.6172422747338354,trend_exit
2021-04-27,2021-04-27,2021-05-12,8306.T,498.04216131591784,510.75689697265625,0.024503906913263318,0.6782162849832428,0.6331417624521073,trend_exit
2021-05-09,2021-05-09,2021-05-12,7974.T,5570.63147265625,5377.23828125,-0.03568184875685554,0.6813141518235958,0.6331417624521073,trend_exit
2021-05-09,2021-05-09,2021-05-23,7984.T,367.8893724365234,380.4780578613281,0.03318445239689494,0.7237594497969613,0.6331417624521073,trend_exit
2021-04-27,2021-04-27,2021-05-24,5110.T,1125.4617397460936,1197.7362060546875,0.0631533952620853,0.6858632019289836,0.6172422747338354,trend_exit
2021-05-17,2021-05-17,2021-05-24,3549.T,2549.3407392578124,2507.914794921875,-0.01723341978352,0.601606862190483,0.46292134831460674,trend_exit
2021-05-17,2021-05-17,2021-05-25,7327.T,336.8415709838867,332.08282470703125,-0.015113422867292114,0.6573307311726998,0.46292134831460674,trend_exit
2021-05-27,2021-05-27,2021-06-08,3132.T,679.7003225708007,693.7826538085938,0.01969772286313698,0.639894261513304,0.46292134831460674,trend_exit
2021-06-23,2021-06-23,2021-06-28,8308.T,384.3126396484375,378.681396484375,-0.01563811319358277,0.7378225353688515,0.5358401880141009,trend_exit
2021-06-23,2021-06-23,2021-06-29,7189.T,542.1505567016601,525.8016967773438,-0.03112541601682728,0.747829820219204,0.6923076923076923,trend_exit
2021-06-23,2021-06-23,2021-06-29,5334.T,1361.3552344970701,1335.65185546875,-0.019861848104457458,0.8152542740685615,0.6742209631728043,trend_exit
2021-06-23,2021-06-23,2021-06-29,1662.T,327.12745983886714,319.5989074707031,-0.0239911112307738,0.7276241175129079,0.6133720930232558,trend_exit
2021-06-23,2021-06-23,2021-06-29,7011.T,306.17207714843744,299.63336181640625,-0.022334984814870174,0.7221610733324896,0.5931623931623934,trend_exit
2021-06-23,2021-06-23,2021-06-29,9508.T,776.6085964355468,762.456298828125,-0.019204981730443382,0.7146030429755277,0.523282887077998,trend_exit
2021-06-23,2021-06-23,2021-06-29,8306.T,514.9366634521484,511.5240173339844,-0.007620685055110155,0.6746265611251396,0.523282887077998,trend_exit
2021-06-23,2021-06-23,2021-06-30,8058.T,874.307638305664,860.5475463867188,-0.016722534294296598,0.7772382677371249,0.5358401880141009,trend_exit
2021-06-23,2021-06-23,2021-07-01,4527.T,1397.2196763916013,1418.6983642578125,0.014357076300098637,0.7029877069573724,0.5931623931623934,trend_exit
2021-06-23,2021-06-23,2021-07-05,8766.T,1456.9811604003905,1461.5235595703125,0.0021145610486170696,0.6875397143630405,0.5087336244541484,trend_exit
2021-07-01,2021-07-01,2021-07-06,9934.T,1096.2019183349607,1084.1807861328125,-0.0119551998305083,0.6693315939888692,0.5358401880141009,trend_exit
2021-07-01,2021-07-01,2021-07-06,8601.T,498.55261999511714,465.1657104492187,-0.06790070676326854,0.6927954477697413,0.4832402234636873,trend_exit
2021-06-28,2021-06-28,2021-07-07,3132.T,744.4877625732421,747.7180786132812,0.003334639044764165,0.7064290513585726,0.6742209631728043,trend_exit
2021-07-04,2021-07-04,2021-07-07,9602.T,837.2671558227538,826.4515991210938,-0.013904771278578365,0.7016568370591793,0.5087336244541484,trend_exit
2021-07-05,2021-07-05,2021-07-07,1605.T,707.8249767456053,652.6608276367188,-0.07885679620003583,0.6918733776609387,0.523282887077998,stoploss
2021-07-04,2021-07-04,2021-07-08,9744.T,1706.0683776855467,1658.2999267578125,-0.028971142951224715,0.6594716967948895,0.47942073170731697,trend_exit
2021-07-04,2021-07-04,2021-07-08,4661.T,3200.6623085937495,3127.310546875,-0.02389476454928685,0.6571671372765917,0.4525386313465782,trend_exit
2021-07-05,2021-07-05,2021-07-08,5019.T,454.86539120483394,430.8723754882813,-0.053694760173658485,0.6773757362026593,0.523282887077998,trend_exit
2021-07-05,2021-07-05,2021-07-08,6504.T,4795.0842392578115,4597.5810546875,-0.04214749012548746,0.6853744517771255,0.4832402234636873,trend_exit
2021-07-05,2021-07-05,2021-07-08,8591.T,1607.1938450927732,1572.208740234375,-0.022746051268334955,0.7616065265779886,0.47942073170731697,trend_exit
2021-07-11,2021-07-11,2021-07-14,4902.T,557.289459777832,547.6357421875,-0.018305304637533104,0.7040314261735064,0.6133720930232558,trend_exit
2021-07-12,2021-07-12,2021-07-15,7189.T,540.4849523315429,519.1458740234375,-0.040441873705894915,0.7688880653986772,0.6742209631728043,trend_exit
2021-07-08,2021-07-08,2021-07-18,9434.T,116.29748623657225,117.54435729980467,0.009710671678967664,0.7528066458205568,0.4525386313465782,trend_exit
2021-07-11,2021-07-11,2021-07-18,7167.T,205.8814723052978,203.07228088378903,-0.01463105770841644,0.7146178995462392,0.6742209631728043,trend_exit
2021-07-11,2021-07-11,2021-07-18,8359.T,307.09927294921874,300.8104553222656,-0.021457647942282998,0.6951460863852228,0.5957446808510638,trend_exit
2021-07-12,2021-07-12,2021-07-18,5334.T,1338.611810668945,1300.7591552734375,-0.029249267217517527,0.812151750511101,0.7473684210526316,trend_exit
2021-07-12,2021-07-12,2021-07-18,9531.T,1885.2442006835936,1852.279296875,-0.018468261614513204,0.8270179188250761,0.6742209631728043,trend_exit
2021-07-11,2021-07-11,2021-07-19,8766.T,1469.274936035156,1476.09033203125,0.0036339731476471293,0.7640720788447932,0.6133720930232558,trend_exit
2021-07-11,2021-07-11,2021-07-19,8001.T,570.7000126953125,563.9805297851562,-0.01276233271056515,0.7177393246052097,0.523282887077998,trend_exit
2021-07-14,2021-07-14,2021-07-19,2587.T,3820.700672851562,3588.327880859375,-0.06175859876951251,0.7154918434723593,0.523282887077998,trend_exit
2021-07-11,2021-07-11,2021-07-20,8410.T,195.90348670959474,197.38047790527344,0.00653184248665406,0.722596689453368,0.5358401880141009,trend_exit
2021-07-20,2021-07-20,2021-07-27,2212.T,1467.158930541992,1438.6197509765625,-0.020432550756673606,0.7479553886620836,0.6742209631728043,trend_exit
2021-07-25,2021-07-25,2021-07-29,8766.T,1501.5824798583983,1488.0863037109375,-0.009978980610232502,0.7146092383789919,0.5358401880141009,trend_exit
2021-07-25,2021-07-25,2021-07-29,4507.T,1804.2197757568358,1736.6007080078125,-0.038440809367549345,0.737862246972605,0.523282887077998,trend_exit
2021-07-26,2021-07-26,2021-07-29,4568.T,2136.298715332031,2047.4136962890625,-0.04256541095430311,0.7723311835407817,0.5957446808510638,trend_exit
2021-07-26,2021-07-26,2021-07-29,8604.T,459.5024699401855,453.0914916992187,-0.014938047522485731,0.7687305439271214,0.523282887077998,trend_exit
2021-07-26,2021-07-26,2021-08-02,7011.T,290.75799682617185,278.91845703125,-0.04167884764730323,0.7343189900106833,0.523282887077998,trend_exit
2021-07-26,2021-07-26,2021-08-03,7327.T,341.40655621337885,336.3668212890625,-0.015746920051076474,0.7060327887283453,0.5541871921182266,trend_exit
2021-07-26,2021-07-26,2021-08-04,8359.T,307.9547112731933,309.356201171875,0.0035464100971034362,0.6912672168321365,0.5931623931623934,trend_exit
2021-07-26,2021-07-26,2021-08-04,7337.T,499.5599739990234,501.5814208984375,0.003042408434664967,0.6782198699604295,0.5358401880141009,trend_exit
2021-08-02,2021-08-02,2021-08-09,2875.T,4004.330896972656,3908.68505859375,-0.024861712480545584,0.7477435366750704,0.6742209631728043,trend_exit
2021-08-01,2021-08-01,2021-08-12,7832.T,2231.52446118164,2265.06396484375,0.01401483167283124,0.6956439691292442,0.523282887077998,trend_exit
2021-07-27,2021-07-27,2021-08-15,9531.T,1873.0699291992184,1926.6044921875,0.02755260638782331,0.8158212635249054,0.7473684210526316,trend_exit
2021-08-05,2021-08-05,2021-08-15,3289.T,538.9720884399413,530.6177978515625,-0.01648491374005634,0.7189179066385756,0.523282887077998,trend_exit
2021-07-26,2021-07-26,2021-08-16,7189.T,526.3274984741211,559.0802001953125,0.06116652011215229,0.7152765689429323,0.6742209631728043,trend_exit
2021-08-01,2021-08-01,2021-08-16,8331.T,563.5933648071289,590.0069580078125,0.04581953559995,0.6945071831165419,0.523282887077998,trend_exit
2021-08-05,2021-08-05,2021-08-16,8725.T,938.2243353881835,950.9343872070312,0.01253337500223295,0.6861868118056117,0.5358401880141009,trend_exit
2021-08-05,2021-08-05,2021-08-16,1605.T,644.228179321289,634.5084228515625,-0.016072356386966025,0.7263213898488552,0.4832402234636873,trend_exit
2021-08-09,2021-08-09,2021-08-16,7532.T,443.0902000427246,432.9912109375,-0.02376938220512781,0.7543651792188454,0.6204986149584489,trend_exit
2021-08-09,2021-08-09,2021-08-16,8604.T,447.83493026733396,446.39556884765625,-0.004210830511589769,0.6707892309979838,0.6204986149584489,trend_exit
2021-08-03,2021-08-03,2021-08-22,2201.T,1612.4109710693358,1759.28173828125,0.08999658776657693,0.6963899213739089,0.5358401880141009,trend_exit
2021-08-18,2021-08-18,2021-08-26,2875.T,4059.3731889648434,4096.55908203125,0.008151340722830636,0.657926327309807,0.525065963060686,trend_exit
2021-08-22,2021-08-22,2021-08-26,4063.T,3270.923661865234,3210.630615234375,-0.01941460083170532,0.6742023370668838,0.531059683313033,trend_exit
2021-08-22,2021-08-22,2021-08-26,9532.T,1877.8912740478513,1822.137451171875,-0.030659900880758317,0.6767158771147521,0.5238095238095238,trend_exit
2021-08-23,2021-08-23,2021-08-26,4732.T,796.0518483886718,778.7068481445312,-0.022766993291919668,0.6783438129759107,0.531059683313033,trend_exit
2021-08-23,2021-08-23,2021-09-08,6305.T,2632.5442209472653,2761.19873046875,0.04782191683211923,0.6812629751500858,0.531059683313033,trend_exit
2021-08-30,2021-08-30,2021-09-13,6988.T,1504.4640206298827,1625.2115478515625,0.0791792386128014,0.6778281585263466,0.531059683313033,trend_exit
2021-08-31,2021-08-31,2021-09-14,2282.T,3929.469000488281,4056.546142578125,0.03130718067300675,0.6519728654511153,0.531059683313033,trend_exit
2021-09-02,2021-09-02,2021-09-14,9532.T,1874.3546599121091,1890.147216796875,0.007417171341853157,0.6574952303511443,0.531059683313033,trend_exit
2021-08-18,2021-08-18,2021-09-15,4046.T,473.56296414184567,535.9465942382812,0.13060076100814388,0.6667862488080277,0.531059683313033,trend_exit
2021-08-23,2021-08-23,2021-09-16,7167.T,213.69972280883783,223.90020751953125,0.04668506057023891,0.7122042192531084,0.531059683313033,trend_exit
2021-08-23,2021-08-23,2021-09-20,1911.T,568.0572969360351,620.5078125,0.09124080974053772,0.6875192231529635,0.531059683313033,trend_exit
2021-08-23,2021-08-23,2021-09-20,8424.T,2064.0048139648434,2233.771484375,0.08116885086326886,0.6709493899123768,0.531059683313033,trend_exit
2021-08-23,2021-08-23,2021-09-21,8766.T,1546.756026245117,1697.732421875,0.09651080110571475,0.6689014955605659,0.531059683313033,trend_exit
2021-08-30,2021-08-30,2021-09-21,4732.T,793.872119567871,860.5842895507812,0.08294986569021301,0.6777006938347391,0.6204986149584489,trend_exit
2021-09-09,2021-09-09,2021-09-21,5803.T,595.8633955688476,599.75732421875,0.005528400217534424,0.7063824450905859,0.6204986149584489,trend_exit
2021-09-23,2021-09-23,2021-09-28,9502.T,1181.3496030273436,1170.3382568359375,-0.010311667618988607,0.7007644931083853,0.6280415177811809,trend_exit
2021-09-26,2021-09-26,2021-09-29,8056.T,2760.2421037597655,2644.60498046875,-0.04285193973034862,0.7224359809838989,0.6280415177811809,trend_exit
2021-09-21,2021-09-21,2021-09-30,8227.T,4916.756571289062,4988.89306640625,0.01365688967456391,0.6929218553267236,0.6280415177811809,trend_exit
2021-09-23,2021-09-23,2021-09-30,7974.T,4816.779741210937,4485.6796875,-0.06967014300597241,0.722061261996598,0.6280415177811809,trend_exit
2021-09-26,2021-09-26,2021-10-03,2914.T,1694.643389892578,1674.7257080078125,-0.012741564226171453,0.7007347272025986,0.6280415177811809,trend_exit
2021-09-28,2021-09-28,2021-10-03,6592.T,823.225662536621,788.3140258789062,-0.0433659351356841,0.7080127736754241,0.6280415177811809,trend_exit
2021-09-23,2021-09-23,2021-10-04,8136.T,817.4848811035156,809.935791015625,-0.010225297216044482,0.6918416235608777,0.6280415177811809,trend_exit
2021-09-23,2021-09-23,2021-10-04,2670.T,1791.213740722656,1810.1285400390625,0.009549206991604775,0.6807763770452091,0.6280415177811809,trend_exit
2021-09-21,2021-09-21,2021-10-05,9142.T,2163.751189208984,2321.739501953125,0.07194291747522752,0.7069551360649593,0.6280415177811809,trend_exit
2021-09-23,2021-09-23,2021-10-05,3086.T,922.2572734374999,944.4359741210938,0.023024231221649316,0.6793801418873244,0.6280415177811809,trend_exit
2021-09-15,2021-09-15,2021-10-10,1662.T,313.67068765258784,362.0902404785156,0.15320992517693033,0.7321717339115437,0.531059683313033,trend_exit
2021-10-05,2021-10-05,2021-10-10,2212.T,1820.3984138183591,1784.0382080078125,-0.02095378886786947,0.7444945696054597,0.6280415177811809,trend_exit
2021-10-05,2021-10-05,2021-10-10,9508.T,800.2774442749022,777.574462890625,-0.02934051936006088,0.6696224566806515,0.6280415177811809,trend_exit
2021-10-03,2021-10-03,2021-10-11,8410.T,213.87567984008783,211.9527282714844,-0.00998198719214427,0.6819063066966493,0.6280415177811809,trend_exit
2021-10-05,2021-10-05,2021-10-11,7189.T,613.9288062133788,602.2723999023438,-0.019967590031402915,0.7447906157998609,0.6280415177811809,trend_exit
2021-10-05,2021-10-05,2021-10-11,9503.T,1002.3975753784179,955.978271484375,-0.047261968034631785,0.6706611165979646,0.6280415177811809,trend_exit
2021-10-05,2021-10-05,2021-10-11,9513.T,1408.660427001953,1367.28857421875,-0.030340272600958396,0.669620664324369,0.6280415177811809,trend_exit
2021-10-05,2021-10-05,2021-10-12,7180.T,371.25668902587887,355.5822448730469,-0.04317774432499899,0.7199224221313592,0.6280415177811809,trend_exit
2021-10-05,2021-10-05,2021-10-12,8341.T,1099.578827026367,1063.62158203125,-0.03366822429390082,0.717322405679658,0.6280415177811809,trend_exit
2021-10-05,2021-10-05,2021-10-12,7167.T,221.90506350708006,216.36297607421875,-0.02595006313928383,0.7024138099013437,0.6280415177811809,trend_exit
2021-10-10,2021-10-10,2021-10-19,5334.T,1440.6725096435546,1434.233154296875,-0.005465217423302193,0.7867473713355656,0.6280415177811809,trend_exit
2021-10-10,2021-10-10,2021-10-19,7313.T,1251.1891481933592,1273.5869140625,0.01688328178483678,0.7293318057013055,0.6280415177811809,trend_exit
2021-10-14,2021-10-14,2021-10-19,8766.T,1794.1700632324216,1780.14306640625,-0.008810279591946468,0.7281078851115307,0.6280415177811809,trend_exit
2021-10-10,2021-10-10,2021-10-20,7011.T,278.54850338745115,282.2236022949219,0.012180554782792674,0.7087653777894423,0.6280415177811809,trend_exit
2021-10-14,2021-10-14,2021-10-21,4527.T,1643.3568029785154,1620.1761474609375,-0.015091568440942615,0.663162885322526,0.6280415177811809,trend_exit
2021-10-11,2021-10-11,2021-10-24,8136.T,802.6738201904296,842.513916015625,0.04858459429999584,0.6767048291102187,0.6280415177811809,trend_exit
2021-10-12,2021-10-12,2021-10-24,6368.T,1472.7659724121092,1549.7022705078125,0.05118708419215201,0.663566009395089,0.6280415177811809,trend_exit
2021-10-14,2021-10-14,2021-10-24,7911.T,1744.158920410156,1740.5386962890625,-0.0030735518160937003,0.7267368277043841,0.6280415177811809,trend_exit
2021-10-14,2021-10-14,2021-10-24,9432.T,110.86630211639402,109.2402801513672,-0.015651845619928828,0.7198117284952175,0.6280415177811809,trend_exit
2021-10-19,2021-10-19,2021-10-24,7189.T,600.3237841186523,582.7346801757812,-0.030270062762422945,0.7267675687492186,0.6280415177811809,trend_exit
2021-10-19,2021-10-19,2021-10-24,9434.T,126.51389971923825,125.11003112792967,-0.012085459588469294,0.7158594491200729,0.6280415177811809,trend_exit
2021-10-19,2021-10-19,2021-10-24,9502.T,1139.5860794677733,1122.720703125,-0.015784763757643816,0.7107765368039005,0.6280415177811809,trend_exit
2021-10-20,2021-10-20,2021-10-25,8410.T,212.16468099975586,205.97019958496097,-0.030167375569863153,0.6430157803617884,0.6280415177811809,trend_exit
2021-10-25,2021-10-25,2021-10-28,3659.T,1967.471854003906,1871.49560546875,-0.04973272880193913,0.6859671854251351,0.6280415177811809,trend_exit
2021-10-26,2021-10-26,2021-11-04,8725.T,1044.475561035156,1031.7205810546875,-0.0131996392025292,0.6533461615063176,0.6280415177811809,trend_exit
2021-10-31,2021-10-31,2021-11-04,9044.T,2163.6878935546874,2127.456787109375,-0.017728325488480245,0.7545907528023498,0.6280415177811809,trend_exit
2021-10-28,2021-10-28,2021-11-07,2201.T,1810.5842882080076,1784.028564453125,-0.015652268996205865,0.6532004153913109,0.6280415177811809,trend_exit
2021-10-31,2021-10-31,2021-11-08,7327.T,370.32772143554683,364.1617431640625,-0.01763340856400064,0.774773874061125,0.6280415177811809,trend_exit
2021-10-27,2021-10-27,2021-11-09,1911.T,614.1084290161132,652.4869995117188,0.061432284126984316,0.6546028716304519,0.6280415177811809,trend_exit
2021-10-26,2021-10-26,2021-11-14,5334.T,1453.1856206054686,1614.241455078125,0.10971866962951848,0.7373956950990628,0.6280415177811809,trend_exit
2021-10-31,2021-10-31,2021-11-14,7180.T,351.4323190307617,358.2828674316406,0.018473729312525222,0.7204273553679071,0.6280415177811809,trend_exit
2021-10-31,2021-10-31,2021-11-16,6417.T,477.86221148681636,518.859375,0.08470706233966441,0.7584587298631311,0.6280415177811809,trend_exit
2021-10-27,2021-10-27,2021-11-21,6315.T,780.7575776977538,1123.9371337890625,0.4381073315562951,0.6823514832630112,0.6280415177811809,trend_exit
2021-10-11,2021-10-11,2021-11-24,6871.T,1159.8058640136717,1655.0836181640625,0.425608014106754,0.7834422955447143,0.6280415177811809,trend_exit
2021-12-02,2021-12-02,2021-12-14,6857.T,2424.343796875,2421.921875,-0.0019980019980019303,0.6001781713275136,0.46674311926605505,trend_exit
2021-12-06,2021-12-06,2021-12-20,9433.T,1481.8068646240233,1494.441650390625,0.007518081055075676,0.6043466634732508,0.46674311926605505,trend_exit
2021-12-06,2021-12-06,2021-12-23,6981.T,2623.5520834960935,2854.8330078125,0.0870674886713887,0.6128035800222135,0.46674311926605505,trend_exit
2021-12-21,2021-12-21,2021-12-26,7532.T,316.0787634887695,305.5272216796875,-0.03434925178434978,0.6990996293843115,0.6953125,trend_exit
2021-12-23,2021-12-23,2022-01-05,4666.T,1511.8488394775388,1484.8392333984375,-0.01884741686367719,0.6631093127125494,0.6953125,trend_exit
2021-12-27,2021-12-27,2022-01-10,2670.T,1453.6958959960937,1455.2012939453125,3.453036870482151e-05,0.7933144830135186,0.49999999999999994,trend_exit
2022-01-11,2022-01-11,2022-01-16,8801.T,726.582240661621,703.6068115234375,-0.03258961563407459,0.7280191948772858,0.5861027190332325,trend_exit
2022-01-11,2022-01-11,2022-01-16,9024.T,1038.9173961181639,1011.2674560546876,-0.0275875710875777,0.7332696441157619,0.5115740740740741,trend_exit
2022-01-11,2022-01-11,2022-01-16,8233.T,501.30640863037104,487.9408874511719,-0.02763471966077513,0.690480848074627,0.4858156028368795,trend_exit
2021-12-27,2021-12-27,2022-01-17,8410.T,203.60965624999997,212.8073883056641,0.04412818543500907,0.7860849005336648,0.5861027190332325,trend_exit
2022-01-16,2022-01-16,2022-01-19,9202.T,2317.538367675781,2275.214111328125,-0.01924432884522742,0.7246499342291737,0.5861027190332325,trend_exit
2022-01-16,2022-01-16,2022-01-25,1803.T,678.956537536621,684.5751342773438,0.007267065465408118,0.672136000204252,0.49999999999999994,trend_exit
2022-01-17,2022-01-17,2022-01-25,9021.T,2194.365024414062,2181.284423828125,-0.006955034754912881,0.7837216480583207,0.5861027190332325,trend_exit
2022-01-20,2022-01-20,2022-01-25,9201.T,2038.0471195068358,1954.1290283203125,-0.04213456077287492,0.6642081848722879,0.5861027190332325,trend_exit
2022-01-17,2022-01-17,2022-01-26,9022.T,2870.4061127929685,2840.458740234375,-0.011422715117800686,0.790469058061249,0.5115740740740741,trend_exit
2022-01-20,2022-01-20,2022-01-26,9020.T,2112.7605522460935,2001.0909423828125,-0.05380197991903046,0.7980852987280936,0.5861027190332325,trend_exit
2022-02-01,2022-02-01,2022-02-07,3107.T,1469.0067237548826,1398.4990234375,-0.04894885651511727,0.6707198719210243,0.5,trend_exit
2022-02-01,2022-02-01,2022-02-07,7747.T,1947.176798950195,1871.53369140625,-0.03980873297028942,0.6368358543177929,0.49999999999999994,trend_exit
2022-02-02,2022-02-02,2022-02-07,8088.T,1233.378508666992,1191.1507568359375,-0.035203226165191226,0.6397043214212965,0.5148514851485149,trend_exit
2022-01-30,2022-01-30,2022-02-08,8697.T,1046.7032503662108,1047.65869140625,-8.810295691230596e-05,0.7132092915789616,0.5861027190332325,trend_exit
2022-01-24,2022-01-24,2022-02-09,7453.T,728.3471263427733,803.6051025390625,0.10222374524576683,0.7148633411032045,0.6,trend_exit
2022-02-02,2022-02-02,2022-02-13,9434.T,118.80015425109863,118.35179138183594,-0.004770319232470954,0.7108766364636555,0.5148514851485149,trend_exit
2022-02-07,2022-02-07,2022-02-15,9502.T,1004.0251168212889,991.663818359375,-0.013299430518778577,0.7606117098158992,0.6044052863436123,trend_exit
2022-01-30,2022-01-30,2022-02-16,6201.T,8241.016963867187,8482.5419921875,0.028278365079201118,0.6805672177665834,0.5861027190332325,trend_exit
2022-02-08,2022-02-08,2022-02-17,3402.T,614.3302081909179,615.0869140625,0.00023052579155535824,0.6795963569225236,0.6044052863436123,trend_exit
2022-01-20,2022-01-20,2022-02-20,8801.T,712.39527734375,790.1670532226562,0.10806024586900498,0.7387372092569526,0.49999999999999994,trend_exit
2022-01-24,2022-01-24,2022-02-20,2579.T,1213.4436767578125,1363.1988525390625,0.12228995854607616,0.6995231334405745,0.49999999999999994,trend_exit
2022-02-07,2022-02-07,2022-02-20,2331.T,751.2993158569335,767.771484375,0.020902983274753817,0.671361560782898,0.5148514851485149,trend_exit
2022-02-08,2022-02-08,2022-02-20,6436.T,1904.574424682617,1906.9000244140625,0.00021983898429245308,0.6770945526547869,0.5148514851485149,trend_exit
2022-02-13,2022-02-13,2022-02-20,2670.T,1545.4771607666014,1543.9332275390625,-0.0019980019980019303,0.7015143248059731,0.5148514851485149,trend_exit
2022-02-15,2022-02-15,2022-02-20,9697.T,1365.5510765380857,1338.0804443359375,-0.02109676682289996,0.6698793649506263,0.5148514851485149,trend_exit
2022-02-16,2022-02-16,2022-02-21,9301.T,501.4402703857421,491.6528015136719,-0.020499194581393487,0.6283886019556367,0.5148514851485149,trend_exit
2022-01-31,2022-01-31,2022-02-23,5406.T,432.2307185974121,476.6611022949219,0.10169041834380632,0.7607448158759523,0.4858156028368795,trend_exit
2022-02-13,2022-02-13,2022-02-23,3231.T,481.61015734863275,475.28466796875,-0.014120910749248372,0.6501497647641806,0.5148514851485149,trend_exit
2022-02-20,2022-02-20,2022-02-24,7270.T,1714.373427368164,1629.8670654296875,-0.05024356282524678,0.7841871244155968,0.6044052863436123,trend_exit
2022-02-20,2022-02-20,2022-02-24,9434.T,121.44013595581053,119.17595672607422,-0.01962576184309961,0.6981856269610524,0.5148514851485149,trend_exit
2022-02-20,2022-02-20,2022-02-24,7453.T,813.16739654541,797.222900390625,-0.020588281239877215,0.6257622364130669,0.5148514851485149,trend_exit
2022-02-20,2022-02-20,2022-02-24,7011.T,310.90541293334957,308.9205017089844,-0.007377908619963236,0.6084019896642022,0.5148514851485149,trend_exit
2022-02-28,2022-02-28,2022-03-03,3402.T,606.0087236328125,568.587646484375,-0.06268831340774594,0.7060295673118943,0.6044052863436123,trend_exit
2022-02-28,2022-02-28,2022-03-03,5393.T,2317.443057617187,2172.822509765625,-0.06334281650581808,0.6706281434977432,0.5148514851485149,trend_exit
2022-02-28,2022-02-28,2022-03-03,9435.T,13154.709927734373,12652.83203125,-0.03911380268680997,0.66065718599849,0.5148514851485149,trend_exit
2022-02-27,2022-02-27,2022-03-06,4716.T,7354.055204589843,7157.638671875,-0.027681893285171788,0.6243227015706794,0.5148514851485149,trend_exit
2022-02-28,2022-02-28,2022-03-06,5406.T,501.9970094299316,483.8712158203125,-0.037071266314061546,0.6253818685736795,0.5148514851485149,trend_exit
2022-03-01,2022-03-01,2022-03-06,9983.T,20329.483001953122,19493.591796875,-0.04207607231294663,0.619501332412571,0.5148514851485149,trend_exit
2022-02-23,2022-02-23,2022-03-07,3391.T,1657.8113065185546,1631.27734375,-0.016989412487149913,0.64271019590842,0.5148514851485149,trend_exit
2022-02-27,2022-02-27,2022-03-07,5401.T,310.99604913330074,290.6459045410156,-0.06636994442324562,0.6149249268777415,0.5148514851485149,trend_exit
2022-02-21,2022-02-21,2022-03-08,9502.T,1000.52687109375,991.663818359375,-0.009849527121606805,0.7599983457231807,0.6044052863436123,trend_exit
2022-03-03,2022-03-03,2022-03-08,2670.T,1467.0190202636718,1370.759033203125,-0.06655042964351099,0.73239771296889,0.6044052863436123,trend_exit
2022-03-03,2022-03-03,2022-03-08,9412.T,375.64223474121087,360.2563171386719,-0.04191800725103667,0.633392284073611,0.5148514851485149,trend_exit
2022-02-27,2022-02-27,2022-03-09,5019.T,525.1402772827148,579.9727783203125,0.10331054502237302,0.6263897990344441,0.5148514851485149,trend_exit
2022-03-10,2022-03-10,2022-03-23,3387.T,333.317664855957,341.272705078125,0.022842376267037112,0.6354818586156669,0.5148514851485149,trend_exit
2022-03-06,2022-03-06,2022-03-24,8410.T,210.4536821594238,216.2259826660156,0.02640046240539018,0.6944414562383274,0.5148514851485149,trend_exit
2022-03-10,2022-03-10,2022-03-24,7180.T,359.5422274780273,374.4866027832031,0.040523442279900346,0.6406863795145499,0.5148514851485149,trend_exit
2022-03-09,2022-03-09,2022-03-27,8801.T,761.210584411621,836.7998046875,0.09820202451463755,0.6552117345368714,0.5148514851485149,trend_exit
2022-03-10,2022-03-10,2022-03-27,5844.T,1115.132084472656,1298.35205078125,0.16313907275284167,0.60496350590539,0.5148514851485149,trend_exit
2022-03-10,2022-03-10,2022-03-28,4680.T,377.54684741210934,429.2684326171875,0.13585682710382452,0.631102405372234,0.5148514851485149,trend_exit
2022-03-09,2022-03-09,2022-03-29,8411.T,1275.436149291992,1391.81982421875,0.09015884892895065,0.6129408984644293,0.5148514851485149,trend_exit
2022-03-10,2022-03-10,2022-03-30,3405.T,874.4834731445311,925.256103515625,0.0570020769956161,0.7411956043237935,0.6044052863436123,trend_exit
2022-03-10,2022-03-10,2022-03-30,6971.T,1403.444889526367,1565.098876953125,0.11406852505895815,0.6335065926830242,0.5148514851485149,trend_exit
2022-03-13,2022-03-13,2022-03-31,7270.T,1530.3962990722655,1682.6968994140625,0.09841758212149898,0.7880572668147012,0.6044052863436123,trend_exit
2022-03-28,2022-03-28,2022-03-31,1951.T,1006.4202097167968,984.0228881835938,-0.023232188896490924,0.7093719850530174,0.45454545454545453,trend_exit
2022-03-31,2022-03-31,2022-04-05,5233.T,1879.447149658203,1808.9114990234375,-0.03849246952591645,0.6648506753399025,0.5121163166397418,trend_exit
2022-04-04,2022-04-04,2022-04-07,2229.T,2283.903692382812,2234.285400390625,-0.022703486826311625,0.8269307227372842,0.6813471502590673,trend_exit
2022-04-04,2022-04-04,2022-04-07,1951.T,1000.7391192626951,963.94091796875,-0.037734252099323906,0.6796537572131421,0.4734717416378316,trend_exit
2022-03-31,2022-03-31,2022-04-10,9435.T,13299.677015624999,13286.390625,-0.0019980019980019303,0.6687965825910653,0.5121163166397418,trend_exit
2022-04-04,2022-04-04,2022-04-11,2670.T,1482.0806977539062,1455.0206298828125,-0.019239902755761595,0.7479621348212979,0.5922077922077922,trend_exit
2022-04-03,2022-04-03,2022-04-12,2212.T,1458.6553182373045,1433.5269775390625,-0.018209831578223312,0.7021345166706989,0.5121163166397418,trend_exit
2022-03-30,2022-03-30,2022-04-13,8174.T,1320.5725491943358,1382.959716796875,0.046195271833387785,0.6767734550416762,0.5121163166397418,trend_exit
2022-04-13,2022-04-13,2022-04-18,3110.T,2409.0370014648433,2309.051513671875,-0.04246283442074106,0.7291167919806862,0.5121163166397418,trend_exit
2022-04-12,2022-04-12,2022-04-24,1803.T,660.873714477539,615.4688110351562,-0.06963565238753644,0.7321071537733668,0.48349514563106794,trend_exit
2022-04-12,2022-04-12,2022-04-24,8593.T,497.2211812438964,499.3298034667969,0.0032365725358032282,0.6804671063578308,0.45454545454545453,trend_exit
2022-04-13,2022-04-13,2022-04-24,5406.T,481.5351923217773,466.7320556640625,-0.03171080526794612,0.6756920008322559,0.5121163166397418,trend_exit
2022-04-18,2022-04-18,2022-04-24,7453.T,565.2836520385741,542.3539428710938,-0.04152262855241695,0.8197387766704018,0.7549668874172185,trend_exit
2022-04-13,2022-04-13,2022-04-25,7240.T,904.7196727905273,916.4744262695312,0.011979709714175613,0.7672453178992997,0.6640625,trend_exit
2022-04-13,2022-04-13,2022-04-25,3405.T,900.7705371704101,892.8677978515625,-0.009764536864547924,0.7285396182096013,0.5121163166397418,trend_exit
2022-04-13,2022-04-13,2022-04-25,6501.T,1131.8131776123046,1119.5025634765625,-0.01186601902581752,0.6753733400829565,0.5121163166397418,trend_exit
2022-04-13,2022-04-13,2022-04-25,7282.T,1624.6308203124997,1632.8876953125,0.004077226174629356,0.7385890850017491,0.5027522935779818,trend_exit
2022-04-13,2022-04-13,2022-04-26,6923.T,1956.1987513427732,1954.2445068359375,-0.0019980019980019303,0.7846430468156749,0.746031746031746,trend_exit
2022-04-13,2022-04-13,2022-04-27,7270.T,1626.2975244140623,1722.2586669921875,0.05794689009631626,0.8302792668333419,0.746031746031746,trend_exit
2022-04-26,2022-04-26,2022-05-05,7649.T,1755.3455108642577,1702.7630615234375,-0.030925656553857483,0.6775304008832232,0.4734717416378316,trend_exit
2022-05-01,2022-05-01,2022-05-09,3591.T,1697.5871265869139,1670.3616943359375,-0.0170216853631594,0.7385913561102893,0.68,trend_exit
2022-04-27,2022-04-27,2022-05-10,3086.T,878.8035848388671,874.3165283203125,-0.006100763742171056,0.6972524510763445,0.48349514563106794,trend_exit
2022-05-01,2022-05-01,2022-05-10,6471.T,626.855660583496,605.4705200195312,-0.03508082078020125,0.7635757353173811,0.68,trend_exit
2022-05-01,2022-05-01,2022-05-12,7240.T,946.1121591796874,953.6060180664062,0.006912766953891758,0.7183962861971862,0.68,trend_exit
2022-05-01,2022-05-01,2022-05-15,3402.T,578.7890873413086,586.9044189453125,0.013007203054986372,0.7042634612388148,0.5121163166397418,trend_exit
2022-05-10,2022-05-10,2022-05-15,3349.T,5787.438883789062,5394.6015625,-0.06880969818394655,0.72988000810594,0.5608695652173913,trend_exit
2022-05-01,2022-05-01,2022-05-16,3405.T,916.5427633666991,945.3895263671876,0.03044197672963156,0.7324019506763508,0.6640625,trend_exit
2022-04-27,2022-04-27,2022-05-17,2229.T,2203.3508078613277,2317.59765625,0.05079955962213112,0.8482422538691978,0.7549668874172185,trend_exit
2022-04-27,2022-04-27,2022-05-17,4202.T,688.3502602539062,706.7401733398438,0.025689207854842744,0.6904726926878559,0.5121163166397418,trend_exit
2022-05-15,2022-05-15,2022-05-18,8697.T,859.7844015502928,824.7044677734375,-0.04176004842596415,0.722582923900596,0.5366666666666666,trend_exit
2022-05-15,2022-05-15,2022-05-19,6861.T,50334.94872656249,48060.90234375,-0.04613310123291792,0.722271438679616,0.5366666666666666,trend_exit
2022-05-01,2022-05-01,2022-05-24,6473.T,816.96024810791,864.0482788085938,0.05658045483722174,0.7937934011684482,0.5922077922077922,trend_exit
2022-05-05,2022-05-05,2022-05-24,7453.T,556.8883632812499,599.6644897460938,0.07573593695976899,0.8618008356639653,0.7549668874172185,trend_exit
2022-05-16,2022-05-16,2022-05-24,4194.T,6076.07,5880.0,-0.03323694427483548,0.7679102851325443,0.5608695652173913,trend_exit
2022-05-17,2022-05-17,2022-05-24,4689.T,414.4127475280761,397.7992248535156,-0.04104922447700898,0.6802087300209667,0.5608695652173913,trend_exit
2022-05-19,2022-05-19,2022-05-24,4519.T,3237.853270996093,3208.090087890625,-0.010183065887730991,0.6830892033752726,0.5608695652173913,trend_exit
2022-05-15,2022-05-15,2022-05-25,3549.T,1795.862916503906,1804.94189453125,0.004050440635509744,0.6511903162315189,0.5608695652173913,trend_exit
2022-05-17,2022-05-17,2022-05-30,9432.T,139.35379893493652,140.11021423339844,0.0044225926306915575,0.7482092213828226,0.5013000520020802,trend_exit
2022-05-18,2022-05-18,2022-06-05,8410.T,213.4383074798584,212.35121154785156,-0.006088162705644162,0.7087111789281721,0.5366666666666666,trend_exit
2022-05-24,2022-05-24,2022-06-05,9076.T,864.7562263183593,877.6595458984375,0.013906416245625941,0.6644575223006675,0.5013000520020802,trend_exit
2022-05-25,2022-05-25,2022-06-05,8267.T,736.7914142456054,746.2056274414062,0.011764533897608453,0.7203101507461132,0.5013000520020802,trend_exit
2022-05-24,2022-05-24,2022-06-06,7180.T,333.7177838134765,351.6520690917969,0.05268713284712434,0.8120415465487658,0.5366666666666666,trend_exit
2022-05-25,2022-05-25,2022-06-06,3038.T,2842.9353100585936,2978.30419921875,0.046568272057590177,0.6780572556624378,0.5608695652173913,trend_exit
2022-05-30,2022-05-30,2022-06-06,2002.T,1370.5447126464842,1368.2664794921875,-0.0026606207007632277,0.6331453095159113,0.5366666666666666,trend_exit
2022-05-26,2022-05-26,2022-06-08,5233.T,1749.3244812011717,1785.1099853515625,0.019436299286049508,0.7596108458104235,0.5608695652173913,trend_exit
2022-05-15,2022-05-15,2022-06-09,7988.T,2594.71932446289,3010.393798828125,0.15903996886130578,0.6774913890614466,0.5013000520020802,trend_exit
2022-05-17,2022-05-17,2022-06-12,3003.T,886.263552001953,933.3756103515624,0.052104910142074745,0.6753851960464914,0.5013000520020802,trend_exit
2022-06-05,2022-06-05,2022-06-12,4483.T,5340.730414550781,4727.7529296875,-0.1156593180794212,0.7128942132064783,0.5013000520020802,stoploss
2022-06-07,2022-06-07,2022-06-12,4612.T,964.8622137451172,921.1640625,-0.04624423536540734,0.7079642730680293,0.5608695652173913,trend_exit
2022-06-08,2022-06-08,2022-06-12,3923.T,807.7755354614256,714.373779296875,-0.11651272638516541,0.7052652762357883,0.45390070921985815,stoploss
2022-05-26,2022-05-26,2022-06-14,8273.T,804.9172723388671,851.413818359375,0.05670785529240341,0.7819296124174289,0.5366666666666666,trend_exit
2022-06-07,2022-06-07,2022-06-14,2229.T,2294.3279245605468,2263.634033203125,-0.014364784143460096,0.695773204202118,0.5608695652173913,trend_exit
2022-06-09,2022-06-09,2022-06-14,4536.T,924.336865600586,895.9309692382812,-0.03170037723476948,0.7941936924833941,0.5137420718816068,trend_exit
2022-06-16,2022-06-16,2022-06-29,9434.T,124.39574822235107,127.8354263305664,0.02662343954043367,0.7092794229561048,0.5013000520020802,trend_exit
2022-06-15,2022-06-15,2022-06-30,2331.T,650.1419240722655,678.8065185546875,0.04304565961317186,0.7529868071949816,0.5137420718816068,trend_exit
2022-06-19,2022-06-19,2022-06-30,3349.T,5710.319360839843,6199.82421875,0.08463712853011507,0.6624210459344906,0.5131854332356636,trend_exit
2022-06-21,2022-06-21,2022-06-30,6315.T,558.3020680541991,546.4863891601562,-0.02214243147314099,0.6967702246520258,0.6749816581071167,trend_exit
2022-06-20,2022-06-20,2022-07-03,4536.T,916.0838698730468,968.3016967773438,0.05594414102567047,0.8016709683704499,0.6749816581071167,trend_exit
2022-06-21,2022-06-21,2022-07-03,4812.T,1134.687509033203,1244.37548828125,0.09557133827282871,0.7066329512178355,0.6749816581071167,trend_exit
2022-06-21,2022-06-21,2022-07-03,6544.T,656.2026051635742,692.4518432617188,0.05418568285936565,0.6630709103228346,0.6749816581071167,trend_exit
2022-06-21,2022-06-21,2022-07-03,9020.T,2114.620809082031,2146.45458984375,0.01403907785470171,0.7531745672502514,0.6327272727272729,trend_exit
2022-07-03,2022-07-03,2022-07-06,7180.T,359.3180655517578,350.73870849609375,-0.024852899479037682,0.6528537774231411,0.5574057843996494,trend_exit
2022-06-20,2022-06-20,2022-07-12,2181.T,208.22428213500976,235.87635803222656,0.13166667815143818,0.6752731139183927,0.5542168674698795,trend_exit
2022-06-19,2022-06-19,2022-07-14,8267.T,700.7535813598632,833.2762451171875,0.18792538634858524,0.6362543978066191,0.6327272727272729,trend_exit
2022-07-06,2022-07-06,2022-07-14,8604.T,431.4550413513183,430.8518981933594,-0.002396530245454498,0.6330548693093352,0.5131854332356636,trend_exit
2022-07-07,2022-07-07,2022-07-25,7203.T,1907.1155374755858,1954.848876953125,0.02400404679266699,0.6908771092143855,0.6218809980806143,trend_exit
2022-07-10,2022-07-10,2022-07-25,7729.T,3971.7277697753902,4048.188720703125,0.018232055771316702,0.6622525303829282,0.6327272727272729,trend_exit
2022-07-05,2022-07-05,2022-07-26,6861.T,47040.09075390625,52714.16796875,0.11950153489889259,0.6562430542189274,0.5131854332356636,trend_exit
2022-07-07,2022-07-07,2022-07-27,5471.T,627.4701660766601,648.6693115234375,0.032751319897404096,0.6643755229850858,0.5131854332356636,trend_exit
2022-07-10,2022-07-10,2022-07-27,6473.T,905.7603853149413,903.081298828125,-0.003954873544617432,0.658209812825018,0.6327272727272729,trend_exit
2022-07-27,2022-07-27,2022-08-01,8473.T,1165.4412545166015,1135.3428955078125,-0.026799893845573464,0.6471351074123649,0.5131854332356636,trend_exit
2022-07-14,2022-07-14,2022-08-02,6315.T,547.0328755493164,570.6103515625,0.04205755575205261,0.7096120333438287,0.6327272727272729,trend_exit
2022-07-28,2022-07-28,2022-08-02,4519.T,3455.747705566406,3371.85888671875,-0.025250882057685442,0.6595462147591209,0.4842519685039369,trend_exit
2022-07-31,2022-07-31,2022-08-03,2579.T,1384.0695765380858,1351.6561279296875,-0.024395525563666642,0.6816793026747682,0.6327272727272729,trend_exit
2022-07-31,2022-07-31,2022-08-03,5406.T,525.3879001464843,492.848876953125,-0.06287139856304791,0.6431743807171636,0.6218809980806143,trend_exit
2022-07-31,2022-07-31,2022-08-03,5401.T,307.67259960937497,295.32220458984375,-0.04110121356330154,0.6907357740423486,0.5131854332356636,trend_exit
2022-07-18,2022-07-18,2022-08-07,4194.T,6296.289999999999,7380.0,0.17094670035846526,0.6398018873586433,0.5131854332356636,trend_exit
2022-07-07,2022-07-07,2022-08-09,8035.T,13288.575104492185,13537.4541015625,0.01771006606187564,0.641047629840382,0.6327272727272729,trend_exit
2022-07-07,2022-07-07,2022-08-09,6857.T,1769.0543964843748,1971.205078125,0.11315620195756271,0.6470536954553281,0.6218809980806143,trend_exit
2022-08-04,2022-08-04,2022-08-09,5233.T,1835.4619241943358,1801.5880126953125,-0.01943679628624173,0.7271743553329183,0.7732558139534884,trend_exit
2022-08-07,2022-08-07,2022-08-11,9432.T,135.94706002807615,132.4795684814453,-0.026480683836552332,0.6924335203887465,0.6972602739726027,trend_exit
2022-07-12,2022-07-12,2022-08-16,9021.T,2178.4543542480465,2387.949462890625,0.09507069026983439,0.7848276515814143,0.6749816581071167,trend_exit
2022-08-04,2022-08-04,2022-08-17,7201.T,489.16586224365227,501.8564453125,0.024917369678311818,0.642814876361788,0.6698113207547169,trend_exit
2022-08-11,2022-08-11,2022-08-18,7180.T,365.7181665344238,358.9591064453125,-0.019463127202587582,0.6901488592511412,0.6972602739726027,trend_exit
2022-08-09,2022-08-09,2022-08-21,5076.T,822.9995455322264,854.486328125,0.0372203076307156,0.6863514850147568,0.6972602739726027,trend_exit
2022-08-07,2022-08-07,2022-08-22,8316.T,1198.1776936035155,1204.8175048828125,0.00453604987259304,0.676816483880553,0.6732673267326733,trend_exit
2022-08-07,2022-08-07,2022-08-22,8015.T,1368.4442255859374,1403.9454345703125,0.02491680911233729,0.6263023364390604,0.6558287073750992,trend_exit
2022-08-08,2022-08-08,2022-08-22,9506.T,603.4802577514648,620.7752685546875,0.0276301259577163,0.7883718374633115,0.8666666666666667,trend_exit
2022-08-09,2022-08-09,2022-08-22,7240.T,985.8150303955076,1035.4642333984375,0.049313245660322025,0.6587382461803255,0.7065217391304348,trend_exit
2022-08-09,2022-08-09,2022-08-22,7267.T,994.2390343627928,1058.476318359375,0.06354488759206078,0.6315999207806856,0.7065217391304348,trend_exit
2022-08-21,2022-08-21,2022-08-24,4887.T,1292.9630581054687,1255.37158203125,-0.030044824105934564,0.6448805802491787,0.6097867001254706,trend_exit
2022-08-22,2022-08-22,2022-08-25,3391.T,1431.8325017089842,1403.413330078125,-0.020828263728712826,0.6595352779064398,0.6558287073750992,trend_exit
2022-08-16,2022-08-16,2022-08-28,8795.T,1320.1727357177733,1313.5,-0.006049386948921653,0.6489693742229806,0.6698113207547169,trend_exit
2022-08-17,2022-08-17,2022-08-28,1969.T,729.4931076049804,741.81005859375,0.015867375317881294,0.6810912620325313,0.6558287073750992,trend_exit
2022-08-22,2022-08-22,2022-08-28,9020.T,2218.1341311035153,2181.34326171875,-0.017569817848254066,0.6634177553935475,0.6972602739726027,trend_exit
2022-08-23,2022-08-23,2022-08-28,9504.T,817.9175032348631,783.6355590820312,-0.042871780556388184,0.6411056243199618,0.7463503649635036,trend_exit
2022-08-25,2022-08-25,2022-08-30,7186.T,397.35298019409174,392.5157775878906,-0.0131613921235334,0.6660242501017815,0.6972602739726027,trend_exit
2022-08-07,2022-08-07,2022-08-31,8031.T,1338.3110952148436,1415.462158203125,0.05659043035724087,0.6228697070765247,0.6122448979591838,trend_exit
2022-08-25,2022-08-25,2022-08-31,8316.T,1220.8394929199217,1216.7177734375,-0.004372759307688434,0.6736933604293205,0.6097867001254706,trend_exit
2022-08-24,2022-08-24,2022-09-01,6113.T,947.0471141967772,938.253173828125,-0.01027635626210055,0.6391214806771964,0.6097867001254706,trend_exit
2022-08-23,2022-08-23,2022-09-04,9021.T,2411.8928818359373,2424.6025390625,0.004264308238959291,0.6719557297730193,0.6732673267326733,trend_exit
2022-08-30,2022-08-30,2022-09-04,5233.T,1914.2689239501951,1895.87841796875,-0.01059745793582223,0.6446159682060023,0.7463503649635036,trend_exit
2022-08-30,2022-08-30,2022-09-06,4530.T,3177.3159875488277,3174.141845703125,-0.0019980019980019303,0.730231934484779,0.7732558139534884,trend_exit
2022-08-31,2022-08-31,2022-09-06,2784.T,1493.98382434082,1482.607177734375,-0.008607358108347118,0.6414662160502151,0.6972602739726027,trend_exit
2022-08-25,2022-08-25,2022-09-14,5401.T,333.779063293457,345.64202880859375,0.034505829612812455,0.6439078926621458,0.5944903581267217,trend_exit
2022-09-07,2022-09-07,2022-09-14,4519.T,3329.882464111328,3296.045166015625,-0.011151547738376011,0.6535610512063874,0.7463503649635036,trend_exit
2022-09-07,2022-09-07,2022-09-15,6981.T,2325.5976884765623,2284.79150390625,-0.018528989896978376,0.6308432220585869,0.7463503649635036,trend_exit
2022-09-07,2022-09-07,2022-09-20,9435.T,16206.780433593749,16135.302734375,-0.005405947363334329,0.6944494606429462,0.6732673267326733,trend_exit
2022-09-06,2022-09-06,2022-09-21,4194.T,7277.2699999999995,8710.0,0.1956805230532881,0.6915142457288617,0.7732558139534884,trend_exit
2022-09-06,2022-09-06,2022-09-21,3003.T,930.8128786010741,949.0919189453124,0.018618079770596152,0.641787203527219,0.6972602739726027,trend_exit
2022-09-07,2022-09-07,2022-09-21,8306.T,643.8375913696289,640.7147216796875,-0.005845549346714662,0.6692933850853506,0.6732673267326733,trend_exit
2022-09-07,2022-09-07,2022-09-25,7189.T,645.4309189453124,651.7568359375,0.008791274154517081,0.6586139504162631,0.6972602739726027,trend_exit
2022-09-07,2022-09-07,2022-09-25,7186.T,395.5750504760741,404.0603637695313,0.02042912696329524,0.6308569345273807,0.6972602739726027,trend_exit
2022-09-26,2022-09-26,2022-10-06,2206.T,3238.0350932617184,3276.75,0.01094433992146282,0.7162628834057985,0.4772209567198178,trend_exit
2022-10-03,2022-10-03,2022-10-06,7453.T,593.6386388549804,565.5941162109375,-0.04819449895552197,0.6741871014378547,0.4772209567198178,trend_exit
2022-09-07,2022-09-07,2022-10-10,3387.T,437.18983535766597,470.989013671875,0.07623276344764807,0.6444985285210968,0.7463503649635036,trend_exit
2022-09-27,2022-09-27,2022-10-10,9147.T,2151.0808166503903,2166.498291015625,0.006160147945930339,0.6220874595515167,0.4772209567198178,trend_exit
2022-09-28,2022-09-28,2022-10-10,5711.T,1802.1696319580076,1801.2713623046875,-0.0014979394657160805,0.6475907132257512,0.4772209567198178,trend_exit
2022-10-03,2022-10-03,2022-10-10,8572.T,285.19787683105466,278.6015625,-0.024105775154936393,0.7389808376127192,0.4772209567198178,trend_exit
2022-10-03,2022-10-03,2022-10-10,6586.T,2810.5465083007807,2635.699462890625,-0.06314883754773726,0.7033236167056045,0.4772209567198178,trend_exit
2022-10-04,2022-10-04,2022-10-10,7240.T,992.6837086181638,954.6113891601562,-0.03931456767986452,0.6747966919794328,0.4772209567198178,trend_exit
2022-10-13,2022-10-13,2022-10-19,2579.T,1275.3537916259763,1249.437744140625,-0.021300352426018243,0.7154394579965868,0.4772209567198178,trend_exit
2022-10-18,2022-10-18,2022-10-23,5711.T,1801.2668746337888,1761.583984375,-0.023008514077954012,0.639816913926468,0.4772209567198178,trend_exit
2022-10-17,2022-10-17,2022-10-25,9507.T,611.0386508789062,622.4700317382812,0.017689406082723957,0.7341148072253345,0.4772209567198178,trend_exit
2022-10-18,2022-10-18,2022-10-27,6586.T,2675.2717202148433,2651.992431640625,-0.009692952237306485,0.7520103689795028,0.4772209567198178,trend_exit
2022-10-25,2022-10-25,2022-10-30,2206.T,3172.714222412109,3118.272705078125,-0.018142128790692436,0.7201848975731061,0.4772209567198178,trend_exit
2022-09-27,2022-09-27,2022-10-31,2002.T,1304.110669189453,1464.04638671875,0.12151704213958592,0.7088021097279601,0.4772209567198178,trend_exit
2022-10-30,2022-10-30,2022-11-03,9508.T,689.0792600097656,673.4461669921875,-0.023664243187843437,0.7987394218224322,0.5101275318829706,trend_exit
2022-10-30,2022-10-30,2022-11-03,4203.T,1883.5363177490233,1848.9708251953125,-0.019333029597445872,0.7267087849427811,0.5101275318829706,trend_exit
2022-10-31,2022-10-31,2022-11-07,3405.T,915.1184278564451,911.5285034179688,-0.004918984040610419,0.7004271336474769,0.5101275318829706,trend_exit
2022-10-30,2022-10-30,2022-11-08,2579.T,1227.847592651367,1224.7957763671875,-0.0034830153889963134,0.8342723567939183,0.5473399458972046,trend_exit
2022-10-31,2022-10-31,2022-11-09,4612.T,920.7872990722656,922.7300415039062,0.001107761142192576,0.689171335042368,0.48134777376654625,trend_exit
2022-10-31,2022-10-31,2022-11-14,4902.T,447.6801125183105,525.6947631835938,0.17309001167419558,0.6850857312530307,0.46987951807228906,trend_exit
2022-11-01,2022-11-01,2022-11-14,2206.T,3149.385741455078,3253.4443359375,0.0320078765898999,0.8621290678111244,0.6587078651685393,trend_exit
2022-11-06,2022-11-06,2022-11-14,9502.T,1105.5793283691405,1113.5501708984375,0.0062024426311533265,0.7930363529371074,0.48134777376654625,trend_exit
2022-10-31,2022-10-31,2022-11-17,5711.T,1773.2771208496092,1892.3719482421875,0.06609370530206937,0.7611020529121656,0.5473399458972046,trend_exit
2022-11-06,2022-11-06,2022-11-17,6988.T,1498.020449707031,1593.919677734375,0.0629532850289547,0.6957143423943805,0.4514480408858603,trend_exit
2022-10-26,2022-10-26,2022-11-23,7936.T,548.3349575805663,733.1921997070312,0.33578754624577223,0.670570483118059,0.4772209567198178,trend_exit
2022-11-14,2022-11-14,2022-11-27,8273.T,893.0374089355468,905.3948974609376,0.012823755772538359,0.7114818018350513,0.5101275318829706,trend_exit
2022-10-31,2022-10-31,2022-11-28,2269.T,2818.3040139160153,3076.861328125,0.09065042366592357,0.7460477280613935,0.5473399458972046,trend_exit
2022-11-07,2022-11-07,2022-11-28,2282.T,3306.1084697265624,3450.830322265625,0.042730304680076436,0.7751040679214496,0.5101275318829706,trend_exit
2022-11-09,2022-11-09,2022-11-28,4042.T,1346.6887271728515,1410.8209228515625,0.04657451532065049,0.7913728196434,0.6587078651685393,trend_exit
2022-11-17,2022-11-17,2022-11-29,9532.T,1886.738246948242,1952.0052490234375,0.033557912407077506,0.786431670255528,0.5101275318829706,trend_exit
2022-11-08,2022-11-08,2022-11-30,5832.T,796.7163305664062,847.8477172851562,0.06311347850208748,0.7118402065026576,0.5473399458972046,trend_exit
2022-11-14,2022-11-14,2022-11-30,9003.T,1978.3684819335936,2046.8096923828125,0.03356017918964449,0.8049873824984526,0.6587078651685393,trend_exit
2022-11-14,2022-11-14,2022-11-30,3401.T,1144.3525599365232,1216.7275390625,0.06218210547880565,0.7858309301287374,0.5473399458972046,trend_exit
2022-11-17,2022-11-17,2022-11-30,5831.T,835.9535877075194,867.55029296875,0.036759403177552,0.7073265168193205,0.6587078651685393,trend_exit
2022-12-06,2022-12-06,2022-12-13,8273.T,885.6691471557616,872.41796875,-0.01594680860213793,0.6954988097371422,0.5473399458972046,trend_exit
2022-12-07,2022-12-07,2022-12-13,7337.T,554.3763322753906,550.2609252929688,-0.008416066192012517,0.7124512758241792,0.48134777376654625,trend_exit
2022-12-08,2022-12-08,2022-12-13,9508.T,660.0950435180663,649.1610107421875,-0.017547766644159024,0.8785286471742004,0.6587078651685393,trend_exit
2022-12-08,2022-12-08,2022-12-15,9533.T,2469.543736816406,2421.14697265625,-0.0205778542713011,0.7709534916158662,0.5473399458972046,trend_exit
2022-12-08,2022-12-08,2022-12-15,1944.T,1347.0182800292966,1329.9283447265625,-0.013674546159136103,0.7595655806760082,0.5473399458972046,trend_exit
2022-12-08,2022-12-08,2022-12-15,7259.T,1103.8537275390624,1095.2288818359375,-0.008805582064419837,0.7100742496251506,0.5473399458972046,trend_exit
2022-12-08,2022-12-08,2022-12-15,6471.T,648.7906596069336,635.7801513671875,-0.0210334230141056,0.6873468427192431,0.5473399458972046,trend_exit
2022-12-06,2022-12-06,2022-12-19,5406.T,534.2659710083008,538.9140625,0.007691258010395385,0.6846195453882656,0.5101275318829706,trend_exit
2022-12-08,2022-12-08,2022-12-19,9003.T,2031.9394554443356,2023.337158203125,-0.005229306597174244,0.8405459784799226,0.5101275318829706,trend_exit
2022-12-13,2022-12-13,2022-12-19,7282.T,1961.6475540771482,1873.2177734375,-0.04603426248787523,0.645154286702725,0.5413450937155458,trend_exit
2022-12-13,2022-12-13,2022-12-19,3289.T,631.4638408203124,598.39013671875,-0.053323867593968566,0.6712860197174155,0.49502982107355864,trend_exit
2022-12-15,2022-12-15,2022-12-20,4680.T,504.17068972778316,461.9318542480469,-0.08469506102593893,0.6426920973626716,0.5101010101010099,stoploss
2022-12-07,2022-12-07,2023-01-03,1332.T,478.0334030151366,492.193603515625,0.02859215864574205,0.6930782581466144,0.46987951807228906,trend_exit
2022-12-26,2022-12-26,2023-01-03,9533.T,2364.456821289062,2253.363525390625,-0.047937715928359936,0.6930165917159565,0.5413450937155458,trend_exit
2022-12-27,2022-12-27,2023-01-03,8802.T,1611.7026218261717,1596.8251953125,-0.010221644790971207,0.6403272051950784,0.5413450937155458,trend_exit
2022-12-18,2022-12-18,2023-01-04,7337.T,555.267603515625,583.2053833007812,0.0492637680078265,0.6281537768647889,0.46692861820563203,trend_exit
2022-12-25,2022-12-25,2023-01-05,9506.T,634.5972811889648,646.2092895507812,0.017279933900316236,0.6539672540706424,0.5413450937155458,trend_exit
2022-12-26,2022-12-26,2023-01-05,6544.T,788.9013334350585,786.1708374023438,-0.0044576764179175,0.6583542406416307,0.5940860215053761,trend_exit
2022-12-27,2022-12-27,2023-01-12,7201.T,395.2998732299804,397.6546325683594,0.00495093684148995,0.6846749183807321,0.5940860215053761,trend_exit
2023-01-09,2023-01-09,2023-01-12,7211.T,461.99766894531245,432.8059997558594,-0.0641225642043568,0.6395441894978158,0.5101010101010099,trend_exit
2022-12-26,2022-12-26,2023-01-15,7276.T,1854.0176928710935,1881.948974609375,0.014050207214221677,0.6711125847853273,0.5940860215053761,trend_exit
2022-12-27,2022-12-27,2023-01-15,7259.T,1058.6755378417968,1051.6002197265625,-0.00767649581431562,0.6520609202424341,0.5413450937155458,trend_exit
2023-01-09,2023-01-09,2023-01-15,7205.T,500.49999999999994,483.0,-0.03593006993006986,0.6602828399148378,0.5434782608695652,trend_exit
2022-12-26,2022-12-26,2023-01-16,4755.T,588.9954505004882,625.0,0.06006761082695733,0.6958421056827874,0.5534591194968552,trend_exit
2023-01-04,2023-01-04,2023-01-29,4689.T,325.08229537963865,359.552978515625,0.10493075335780722,0.6463547081992815,0.5413450937155458,trend_exit
2023-01-12,2023-01-12,2023-01-29,9735.T,3524.509758300781,3640.528564453125,0.031884796835424334,0.6610309912980508,0.5101010101010099,trend_exit
2023-01-16,2023-01-16,2023-01-30,8830.T,1461.1923986816405,1513.4417724609375,0.03472228027781443,0.6410880116722497,0.5101010101010099,trend_exit
2023-01-05,2023-01-05,2023-01-31,7741.T,12329.435282226561,13432.869140625,0.08840640015598278,0.6325435348030999,0.5413450937155458,trend_exit
2023-01-09,2023-01-09,2023-02-01,7731.T,1068.5962152099607,1146.5040283203125,0.07183378341551494,0.6409689849564735,0.5413450937155458,trend_exit
2023-01-12,2023-01-12,2023-02-01,8572.T,278.88016406249994,284.0113525390625,0.01738086012792661,0.6620749159473419,0.5413450937155458,trend_exit
2023-01-17,2023-01-17,2023-02-01,1803.T,631.7470827636718,655.2115478515625,0.03610503975777246,0.751004438747972,0.5413450937155458,trend_exit
2023-01-17,2023-01-17,2023-02-02,1944.T,1293.2487438964843,1322.519287109375,0.021610710281129375,0.6840817818305027,0.5413450937155458,trend_exit
2023-01-30,2023-01-30,2023-02-02,2331.T,662.6194159545897,650.8322143554688,-0.0187710071784688,0.758642320766493,0.5186298076923077,trend_exit
2023-02-02,2023-02-02,2023-02-09,4689.T,403.0905235290527,378.5323181152344,-0.061863865003852436,0.7160982718537325,0.5660952380952382,trend_exit
2023-02-05,2023-02-05,2023-02-09,8802.T,1603.6393908691405,1534.27880859375,-0.044208730146969466,0.7150547585366261,0.47145187601957583,trend_exit
2023-01-09,2023-01-09,2023-02-12,6902.T,1514.3333771972655,1678.5489501953125,0.10733239225610669,0.6481435563470386,0.5413450937155458,trend_exit
2023-02-07,2023-02-07,2023-02-12,9007.T,1589.8083128662108,1553.5714111328125,-0.02377045889035523,0.6734451871956778,0.5186298076923077,trend_exit
2023-02-07,2023-02-07,2023-02-12,4613.T,1695.3533276367186,1638.63427734375,-0.034422137037157685,0.6627906270997166,0.47145187601957583,trend_exit
2023-02-07,2023-02-07,2023-02-14,7459.T,1611.4449180908202,1597.7659912109375,-0.009480121038944911,0.7070747118238021,0.5186298076923077,trend_exit
2023-01-16,2023-01-16,2023-02-15,2503.T,1745.4113923339842,1825.408935546875,0.04478722587733963,0.6518824529325181,0.5101010101010099,trend_exit
2023-02-07,2023-02-07,2023-02-15,8572.T,289.71050262451166,293.9291687011719,0.013547099164181065,0.7642735513363551,0.5800542740841248,trend_exit
2023-02-13,2023-02-13,2023-02-21,5076.T,872.3625188598631,875.7421875,0.002870282019806769,0.6679719593444717,0.5523399014778323,trend_exit
2023-02-15,2023-02-15,2023-02-21,9021.T,2430.61959765625,2369.474609375,-0.0261309762135834,0.6882998415718796,0.5523399014778323,trend_exit
2023-02-07,2023-02-07,2023-02-23,7532.T,464.97119003295893,489.47808837890625,0.051653566441107746,0.6866339748496328,0.5800542740841248,trend_exit
2023-02-15,2023-02-15,2023-02-23,4452.T,4751.642403320312,4716.25830078125,-0.008439263192832502,0.7228548022361988,0.5523399014778323,trend_exit
2023-02-12,2023-02-12,2023-02-27,2212.T,1436.302543457031,1517.408447265625,0.05541206880394922,0.7434359350879343,0.5186298076923077,trend_exit
2023-02-21,2023-02-21,2023-02-27,4887.T,1172.563237548828,1159.09375,-0.012475729095351995,0.7604288897004164,0.5523399014778323,trend_exit
2023-02-07,2023-02-07,2023-02-28,2784.T,1468.023686035156,1508.5892333984375,0.026605128038068804,0.7160121775654874,0.5660952380952382,trend_exit
2023-02-09,2023-02-09,2023-02-28,9404.T,978.3018484497069,1057.3558349609375,0.07972654942834811,0.8518961403284127,0.6296296296296298,trend_exit
2023-02-09,2023-02-09,2023-02-28,9409.T,1222.3535787353514,1328.6361083984375,0.08586213954825817,0.801316823131367,0.6085106382978723,trend_exit
2023-02-12,2023-02-12,2023-02-28,2282.T,3417.2380429687496,3441.5791015625,0.0061158980525779505,0.6704832365500377,0.47145187601957583,trend_exit
2023-02-14,2023-02-14,2023-03-01,1332.T,487.1911416931152,494.9381713867187,0.014885515974313313,0.6706858773145463,0.5660952380952382,trend_exit
2023-02-27,2023-02-27,2023-03-02,7453.T,659.1242861328125,634.4517822265625,-0.03839481600193573,0.6576005042172737,0.5800542740841248,trend_exit
2023-02-23,2023-02-23,2023-03-07,6526.T,1588.501465332031,1800.5015869140625,0.1323257325111633,0.6619159295105888,0.5660952380952382,trend_exit
2023-02-28,2023-02-28,2023-03-08,5019.T,553.5200080566406,548.4860229492188,-0.010085400796929767,0.6578866132577925,0.5523399014778323,trend_exit
2023-02-26,2023-02-26,2023-03-09,9007.T,1530.7529786376952,1514.2403564453125,-0.011776467398986301,0.8058327454758969,0.5660952380952382,trend_exit
2023-02-28,2023-02-28,2023-03-09,7011.T,478.5195148620605,473.0758056640625,-0.01236477263705249,0.69893502458845,0.5494845360824745,trend_exit
2023-03-02,2023-03-02,2023-03-09,5830.T,760.6993314819335,742.3952026367188,-0.025038176398481493,0.6717822502714239,0.5523399014778323,trend_exit
2023-03-05,2023-03-05,2023-03-12,4689.T,361.2558840026855,354.951904296875,-0.018432728448120828,0.7082267037786816,0.5800542740841248,trend_exit
2023-03-07,2023-03-07,2023-03-12,3549.T,2255.4599938964843,2210.383056640625,-0.020965710072652355,0.6769236984124788,0.5494845360824745,trend_exit
2023-02-28,2023-02-28,2023-03-13,3110.T,1991.4101971435546,1951.52734375,-0.021007415145965935,0.7230232405245627,0.5186298076923077,trend_exit
2023-03-05,2023-03-05,2023-03-13,2331.T,662.6194159545897,659.1762084960938,-0.0061911612732959975,0.7880734060677542,0.5660952380952382,trend_exit
2023-03-08,2023-03-08,2023-03-13,9003.T,2158.8182827148435,2089.99951171875,-0.032846104313439595,0.767290521339137,0.5523399014778323,trend_exit
2023-02-26,2023-02-26,2023-03-15,9020.T,2185.6575952148437,2273.9775390625,0.039368456658983586,0.7824321389499682,0.5523399014778323,trend_exit
2023-03-06,2023-03-06,2023-03-15,7453.T,663.4511795043944,679.5982055664062,0.023313588601952207,0.7856262169444419,0.6085106382978723,trend_exit
2023-03-16,2023-03-16,2023-03-27,4689.T,364.9019825134277,356.6773681640625,-0.023516703467659217,0.6312170421024227,0.5498374864572049,trend_exit
2023-03-16,2023-03-16,2023-03-27,4751.T,1086.211346923828,1067.9019775390625,-0.01783931959206775,0.6299330066776161,0.5498374864572049,trend_exit
2023-03-21,2023-03-21,2023-03-27,2371.T,1685.6247366943358,1663.707763671875,-0.01398928259226695,0.6717243610501287,0.5882352941176471,trend_exit
2023-03-21,2023-03-21,2023-03-28,7564.T,5289.276668457031,5245.84130859375,-0.009203753976831708,0.6409025260136115,0.5498374864572049,trend_exit
2023-03-19,2023-03-19,2023-03-29,6098.T,3411.360344970703,3581.760986328125,0.04890098479834637,0.652436533151166,0.5498374864572049,trend_exit
2023-03-22,2023-03-22,2023-03-29,2127.T,922.7664490966797,890.089111328125,-0.036376947723601005,0.7006686900192554,0.6875,trend_exit
2023-03-15,2023-03-15,2023-03-30,2229.T,2555.887073974609,2672.198974609375,0.044461941537752736,0.6343571278697464,0.5498374864572049,trend_exit
2023-03-21,2023-03-21,2023-04-04,3549.T,2196.1060214843747,2187.32373046875,-0.0049950296746962275,0.6441732829249746,0.5498374864572049,trend_exit
2023-03-27,2023-03-27,2023-04-04,6586.T,3166.0019504394527,3082.014404296875,-0.027501423533484837,0.6418741597418529,0.5498374864572049,trend_exit
2023-03-27,2023-03-27,2023-04-05,4118.T,3061.584404785156,3122.224365234375,0.018786918300892408,0.6286184597187852,0.5486831604150041,trend_exit
2023-03-30,2023-03-30,2023-04-05,4519.T,3062.0115893554685,3014.986572265625,-0.016342199303250204,0.653292479897967,0.5486831604150041,trend_exit
2023-03-30,2023-03-30,2023-04-05,3110.T,1942.0514394531249,1855.3819580078125,-0.045583171282141066,0.6243968417678841,0.5486831604150041,trend_exit
2023-04-02,2023-04-02,2023-04-05,4385.T,2396.394,2262.0,-0.05702568108583139,0.6523703076613412,0.5498374864572049,trend_exit
2023-03-28,2023-03-28,2023-04-06,9506.T,612.9096606445312,624.5433349609375,0.017962077755257377,0.6869125629291469,0.5498374864572049,trend_exit
2023-03-22,2023-03-22,2023-04-10,7011.T,437.3205506591796,494.8343811035156,0.1303826128849579,0.6824683927060448,0.8,trend_exit
2023-04-12,2023-04-12,2023-04-19,3391.T,1599.1308585205077,1599.3570556640625,-0.0008586913977631783,0.6942181133263565,0.5486831604150041,trend_exit
2023-04-11,2023-04-11,2023-04-20,2127.T,881.8409208984374,922.9539184570312,0.04557516292075725,0.7063531090861821,0.5291529152915292,trend_exit
2023-04-06,2023-04-06,2023-04-25,3064.T,1639.4481130371091,1845.5706787109375,0.12460107359951178,0.6612645921409788,0.5486831604150041,trend_exit
2023-04-20,2023-04-20,2023-04-25,6856.T,7006.713581054687,6825.4091796875,-0.026849935903695887,0.6548816448571757,0.5291529152915292,trend_exit
2023-04-10,2023-04-10,2023-04-26,8802.T,1547.3531804199217,1555.3997802734375,0.004195034563137412,0.680597634113264,0.5486831604150041,trend_exit
2023-04-12,2023-04-12,2023-04-27,9508.T,721.8034798583983,740.6973876953125,0.02514979624756064,0.7106825442854912,0.5498374864572049,trend_exit
2023-04-11,2023-04-11,2023-05-08,4452.T,4917.991691894531,5063.478515625,0.028552985448568213,0.6631777968975554,0.5303030303030304,trend_exit
2023-04-26,2023-04-26,2023-05-09,8830.T,1478.1940024414062,1504.3150634765625,0.016653257915417274,0.6126355970168096,0.6790185277916873,trend_exit
2023-03-27,2023-03-27,2023-05-10,9987.T,3122.236793457031,3707.1044921875,0.18613597644360702,0.6461003273110983,0.5498374864572049,trend_exit
2023-04-24,2023-04-24,2023-05-10,4536.T,1030.7742513427734,1093.985595703125,0.06026281572684722,0.6961666990947225,0.5291529152915292,trend_exit
2023-04-25,2023-04-25,2023-05-10,4530.T,3524.5029155273432,3539.911865234375,0.003367577819132439,0.6252377437120669,0.6790185277916873,trend_exit
2023-05-10,2023-05-10,2023-05-14,4755.T,693.6929999999999,643.0,-0.07400391815976215,0.6179044290608531,0.6790185277916873,stoploss
2023-05-14,2023-05-14,2023-05-17,5938.T,1774.2558818359373,1758.3387451171875,-0.00996219071038229,0.6123687832078524,0.7421875,trend_exit
2023-04-10,2023-04-10,2023-05-18,9504.T,639.2598370361327,687.888916015625,0.07499484135551437,0.684493933936582,0.5486831604150041,trend_exit
2023-05-08,2023-05-08,2023-05-18,3092.T,909.620870361328,937.3624267578124,0.029467435107419115,0.6074481922442265,0.8136696501220505,trend_exit
2023-05-14,2023-05-14,2023-05-18,9533.T,2443.626488037109,2434.544189453125,-0.004713012741439093,0.6850621867563579,0.6790185277916873,trend_exit
2023-05-15,2023-05-15,2023-05-21,5832.T,824.8893729248045,803.0990600585938,-0.027389626618852025,0.6672243124019573,0.7163461538461539,trend_exit
2023-04-11,2023-04-11,2023-05-23,4118.T,3190.072872314453,3593.3291015625,0.1252833136242817,0.6569089439746189,0.5291529152915292,trend_exit
2023-04-26,2023-04-26,2023-05-23,7741.T,13807.986575195311,15801.1552734375,0.1432046252507877,0.6535211106191706,0.7163461538461539,trend_exit
2023-05-17,2023-05-17,2023-05-23,4912.T,1346.3248382568358,1330.8023681640625,-0.0125179837599656,0.6157248100940511,0.7421875,trend_exit
2023-03-16,2023-03-16,2023-05-24,4613.T,1611.3325010986327,2017.3726806640625,0.25073832161226584,0.7004552446864141,0.6451612903225806,trend_exit
2023-04-27,2023-04-27,2023-05-24,7453.T,685.5661679077148,679.5982055664062,-0.009696453614627343,0.6769923142494972,0.7565217391304347,trend_exit
2023-05-21,2023-05-21,2023-05-24,8802.T,1586.721122314453,1550.123779296875,-0.024041695960555054,0.6271090116716794,0.6790185277916873,trend_exit
2023-05-22,2023-05-22,2023-05-25,4887.T,1163.6868162841795,1107.761962890625,-0.04901027884681086,0.7039497949247051,0.8136696501220505,trend_exit
2023-05-23,2023-05-23,2023-05-28,4005.T,408.4045786132812,400.45855712890625,-0.02043679350962213,0.6223699369425468,0.8136696501220505,trend_exit
2023-05-23,2023-05-23,2023-05-28,8572.T,300.6680740051269,297.6204833984375,-0.011125927157902393,0.6290658122690796,0.7163461538461539,trend_exit
2023-05-10,2023-05-10,2023-05-29,6920.T,17349.957625,21438.9921875,0.2344441213188555,0.639937579902182,0.8603896103896104,trend_exit
2023-05-21,2023-05-21,2023-05-30,4182.T,1806.107037109375,1783.258544921875,-0.013638034859685955,0.6092066849863619,0.6790185277916873,trend_exit
2023-05-23,2023-05-23,2023-05-30,4902.T,469.2786853637695,455.07904052734375,-0.031228189845428855,0.6334381157276554,0.8956043956043956,trend_exit
2023-05-22,2023-05-22,2023-06-06,3110.T,1768.5679486083982,2383.01513671875,0.3460789694030344,0.6315701189528369,0.6790185277916873,trend_exit
2023-06-01,2023-06-01,2023-06-06,4755.T,585.5849999999999,552.0,-0.058295550603242874,0.7288371538458676,0.8603896103896104,trend_exit
2023-06-01,2023-06-01,2023-06-06,5832.T,797.5146744995117,774.8401489257812,-0.029403052348061287,0.7057895988631415,0.7163461538461539,trend_exit
2023-05-31,2023-05-31,2023-06-07,8876.T,1897.342590698242,1866.9583740234375,-0.016998076787471006,0.6054804993961418,0.8136696501220505,trend_exit
2023-05-28,2023-05-28,2023-06-08,9984.T,1369.987637573242,1457.2755126953125,0.06265063804620397,0.6180293914748596,0.6790185277916873,trend_exit
2023-06-01,2023-06-01,2023-06-08,4689.T,343.6073021240234,341.6099853515625,-0.00680697628762339,0.6338433821912004,0.8136696501220505,trend_exit
2023-06-01,2023-06-01,2023-06-12,6952.T,1083.051329711914,1094.7628173828125,0.009802605437306156,0.6327241903641021,0.8136696501220505,trend_exit
2023-06-01,2023-06-01,2023-06-14,9533.T,2369.5485778808593,2377.617919921875,0.0024020288818826785,0.7129835551965567,0.8136696501220505,trend_exit
2023-06-01,2023-06-01,2023-06-19,8570.T,1092.459776611328,1119.455078125,0.02368585735560047,0.6565717834903263,0.7163461538461539,trend_exit
2023-06-13,2023-06-13,2023-06-19,7453.T,671.1433732910156,665.9102172851562,-0.008789576799690169,0.6047852434416404,0.6957439896036387,trend_exit
2023-06-12,2023-06-12,2023-06-21,2782.T,2119.406107177734,2154.879638671875,0.01572074919602695,0.6136636533041587,0.6537467700258397,trend_exit
2023-06-13,2023-06-13,2023-06-21,5832.T,790.7622623291015,788.0579833984375,-0.00441641828452477,0.6173636152843208,0.6957439896036387,trend_exit
2023-06-01,2023-06-01,2023-06-22,4681.T,1004.3799635009764,1037.5662841796875,0.03200855807842906,0.6008305707934567,0.8603896103896104,trend_exit
2023-06-06,2023-06-06,2023-06-28,4887.T,1039.3304063720702,1143.7486572265625,0.0993663820129731,0.7225808897696,1.0,trend_exit
2023-06-21,2023-06-21,2023-06-29,9533.T,2417.034492919922,2364.8095703125,-0.02258541710415829,0.6099644222341628,0.6957439896036387,trend_exit
2023-06-26,2023-06-26,2023-07-04,7453.T,666.0953004760742,672.6340942382812,0.008806787352764855,0.6216093341484634,0.6957439896036387,trend_exit
2023-06-27,2023-06-27,2023-07-09,5832.T,793.8647880249023,798.7234497070312,0.005114143231522927,0.6174964740375252,0.663382594417077,trend_exit
2023-06-28,2023-06-28,2023-07-17,4755.T,501.5009999999999,526.7999877929688,0.04939608855251709,0.6080679692526451,0.6957439896036387,trend_exit
2023-07-23,2023-07-23,2023-08-01,4887.T,1106.3638034667968,1110.5782470703125,0.0028054653873521573,0.6001671592369644,0.6957439896036387,trend_exit
2023-07-24,2023-07-24,2023-08-01,4967.T,7303.9714794921865,7374.095703125,0.00859123397536199,0.6550523111144095,0.5462962962962963,trend_exit
2023-07-26,2023-07-26,2023-08-01,7735.T,7407.339392578124,7156.8154296875,-0.03478722448960525,0.652423366398311,0.5572139303482587,trend_exit
2023-07-27,2023-07-27,2023-08-01,5838.T,2137.1349999999998,2025.0,-0.05341730868662942,0.6453093039621906,0.5112704918032788,trend_exit
2023-07-19,2023-07-19,2023-08-02,1860.T,699.8590109252929,721.8323364257812,0.030365391932248853,0.6006130709747047,0.6957439896036387,trend_exit
2023-07-26,2023-07-26,2023-08-02,9983.T,33959.7930546875,33177.5703125,-0.024010756225366636,0.6595466834237065,0.564187162567486,trend_exit
2023-07-26,2023-07-26,2023-08-02,2371.T,1891.2341934814451,1721.9815673828125,-0.09040372062609536,0.6843905669277356,0.5033019811887133,stoploss
2023-07-25,2023-07-25,2023-08-03,3563.T,2590.1691245117186,2721.893310546875,0.04980458283739608,0.6692011433103765,0.5462962962962963,trend_exit
2023-07-27,2023-07-27,2023-08-03,9605.T,3457.285130126953,3469.64697265625,0.0025720168345833017,0.7023629888503127,0.5033019811887133,trend_exit
2023-07-23,2023-07-23,2023-08-07,2331.T,741.6127590942382,815.7472534179688,0.0988639234846227,0.6188634197670051,0.6957439896036387,trend_exit
2023-08-03,2023-08-03,2023-08-13,3064.T,1775.914032470703,1753.6634521484375,-0.013516557296987197,0.6672179688385216,0.5033019811887133,trend_exit
2023-08-03,2023-08-03,2023-08-14,4751.T,894.1607235107421,864.5604248046875,-0.03407089836293098,0.6820432413499355,0.5903890160183066,trend_exit
2023-08-08,2023-08-08,2023-08-14,8283.T,4307.09576171875,4247.1201171875,-0.014910921001396349,0.640058580217057,0.5462962962962963,trend_exit
2023-08-08,2023-08-08,2023-08-15,6954.T,3917.7558830566404,3820.11474609375,-0.025897798315556053,0.7013915104475142,0.5903890160183066,trend_exit
2023-08-08,2023-08-08,2023-08-15,4967.T,7468.53578173828,7222.12158203125,-0.03396064887434036,0.6356624839890364,0.5033019811887133,trend_exit
2023-08-09,2023-08-09,2023-08-15,6645.T,6763.50675,6499.83984375,-0.03994477363296045,0.6890225095000002,0.5903890160183066,trend_exit
2023-08-07,2023-08-07,2023-08-16,9404.T,1315.9706618652342,1313.6912841796875,-0.0027303564386713663,0.6329884356725634,0.5033019811887133,trend_exit
2023-08-08,2023-08-08,2023-08-16,5214.T,2274.0410563964842,2248.019287109375,-0.012431520747921643,0.6377567980497794,0.5462962962962963,trend_exit
2023-08-08,2023-08-08,2023-08-17,9433.T,1911.4505566406249,1934.0758056640625,0.010824854007282614,0.6628141267529353,0.5033019811887133,trend_exit
2023-08-13,2023-08-13,2023-08-17,2782.T,2200.306751220703,2160.518310546875,-0.019065050344049705,0.6529961607224924,0.5033019811887133,trend_exit
2023-08-14,2023-08-14,2023-08-17,4151.T,2551.7327773437496,2417.767822265625,-0.053447102342102926,0.6255937549985545,0.5033019811887133,trend_exit
2023-08-15,2023-08-15,2023-08-23,2371.T,1589.2137247314452,1576.003662109375,-0.009304013710728642,0.685673179231366,0.5903890160183066,trend_exit
2023-08-15,2023-08-15,2023-08-24,6857.T,4520.111298828125,4361.54296875,-0.03604554451770148,0.7353216101190088,0.564187162567486,trend_exit
2023-08-17,2023-08-17,2023-08-24,7735.T,6826.09319970703,6618.63818359375,-0.031361079908206135,0.6391283444279524,0.5903890160183066,trend_exit
2023-08-20,2023-08-20,2023-08-24,6526.T,3217.96866015625,3097.958251953125,-0.038256546118475954,0.746180151549412,0.564187162567486,trend_exit
2023-08-14,2023-08-14,2023-08-30,4716.T,9175.278416992187,9487.0107421875,0.03294126899663152,0.6769980288240425,0.5462962962962963,trend_exit
2023-08-16,2023-08-16,2023-09-03,9552.T,3389.937087646484,3436.352783203125,0.012678507495039293,0.7822740297330486,0.564187162567486,trend_exit
2023-08-24,2023-08-24,2023-09-03,4385.T,3148.1449999999995,3209.0,0.018311100664041957,0.69348513625986,0.5903890160183066,trend_exit
2023-08-20,2023-08-20,2023-09-04,6005.T,3115.9397312011715,3202.528076171875,0.026761049342372,0.6715867680690919,0.5903890160183066,trend_exit
2023-08-24,2023-08-24,2023-09-04,4912.T,1500.4594096679687,1507.0706787109375,0.003401757042789555,0.6618943635893308,0.5112704918032788,trend_exit
2023-08-27,2023-08-27,2023-09-05,6923.T,2411.4898913574216,2395.931884765625,-0.007445164311452257,0.6611588054254276,0.5033019811887133,trend_exit
2023-08-30,2023-08-30,2023-09-06,2371.T,1614.8086300048826,1588.0909423828125,-0.017528874962952967,0.6591310867475813,0.5033019811887133,trend_exit
2023-09-03,2023-09-03,2023-09-06,7951.T,1434.8386787109373,1405.609130859375,-0.021350941703038306,0.6303396368482828,0.5033019811887133,trend_exit
2023-08-16,2023-08-16,2023-09-07,9684.T,1748.5046925048825,1748.695556640625,-0.0008909506663470346,0.7493063265936236,1.0,trend_exit
2023-09-05,2023-09-05,2023-09-10,8267.T,985.2790335083007,965.3722534179688,-0.021184001317302026,0.6672354888631902,0.5868852459016394,trend_exit
2023-08-23,2023-08-23,2023-09-12,4816.T,2377.440739501953,2568.58935546875,0.0793206002900555,0.6940795750219573,0.564187162567486,trend_exit
2023-09-07,2023-09-07,2023-09-18,3048.T,1023.4263345947263,1026.1800537109375,0.001687995514776608,0.6563225003946916,0.5962709284627092,trend_exit
2023-09-12,2023-09-12,2023-09-19,5938.T,1635.3239979248044,1627.944091796875,-0.005508296968158688,0.6301059676276727,0.6214991762767711,trend_exit
2023-09-13,2023-09-13,2023-09-19,1332.T,717.0577720947265,701.43505859375,-0.022765457951711365,0.6164925577606251,0.5962709284627092,trend_exit
2023-08-20,2023-08-20,2023-09-20,5832.T,839.3066688842772,1054.694091796875,0.2553687904156914,0.6408608748131966,0.5033019811887133,trend_exit
2023-09-11,2023-09-11,2023-09-20,9404.T,1331.9011271972654,1326.230224609375,-0.005253492672706028,0.6077334768295283,0.5868852459016394,trend_exit
2023-08-08,2023-08-08,2023-09-21,6178.T,943.8163475952148,1142.3626708984375,0.20915505557336167,0.6357685346396484,0.5033019811887133,trend_exit
2023-09-03,2023-09-03,2023-09-21,9605.T,3423.6421457519527,3849.232666015625,0.123184979516902,0.6512142443777874,0.5462962962962963,trend_exit
2023-09-11,2023-09-11,2023-09-21,2503.T,1920.0328608398436,1939.68212890625,0.009223584813935926,0.6138410802359432,0.5962709284627092,trend_exit
2023-09-13,2023-09-13,2023-09-24,3436.T,1927.0943586425778,1929.0369873046875,7.05293684455377e-06,0.6049429136061294,0.6214991762767711,trend_exit
2023-09-18,2023-09-18,2023-09-25,4587.T,1658.657,1634.0,-0.01585077565765558,0.6743037443286207,0.7106508875739646,trend_exit
2023-09-24,2023-09-24,2023-09-27,2331.T,882.4027003784179,867.4060668945312,-0.017978230964136754,0.6423438929943606,0.6214991762767711,trend_exit
2023-09-12,2023-09-12,2023-09-28,4088.T,1734.0840362548827,1743.428955078125,0.0043835764064705796,0.6000292427881678,0.5962709284627092,trend_exit
2023-09-25,2023-09-25,2023-10-01,2782.T,2114.70243359375,2083.76171875,-0.015616606874744865,0.7045819818337595,0.6636363636363637,trend_exit
2023-09-26,2023-09-26,2023-10-01,2282.T,4336.119874023437,4233.7705078125,-0.02458030216306084,0.6207152708156438,0.6214991762767711,trend_exit
2023-09-27,2023-09-27,2023-10-02,6371.T,1207.404684814453,1161.5244140625,-0.038961083850063694,0.6148615175207974,0.6214991762767711,trend_exit
2023-09-27,2023-09-27,2023-10-02,4114.T,1234.520396484375,1198.423095703125,-0.030210698813209258,0.6091012713448153,0.6214991762767711,trend_exit
2023-09-26,2023-09-26,2023-10-03,4732.T,1161.9340887451172,1144.8843994140625,-0.01565886904146052,0.6493742252309207,0.5962709284627092,trend_exit
2023-09-28,2023-09-28,2023-10-03,5344.T,23381.348224609374,22343.291015625,-0.04535241038341431,0.6759800968826043,0.7142857142857143,trend_exit
2023-09-28,2023-09-28,2023-10-03,6861.T,54859.78935937499,54103.875,-0.01476524506991328,0.7535240773424455,0.7106508875739646,trend_exit
2023-10-01,2023-10-01,2023-10-04,4681.T,1080.491521484375,1048.441650390625,-0.030632644575193324,0.6734154148560766,0.6214991762767711,trend_exit
2023-10-09,2023-10-09,2023-10-12,4666.T,1820.5997868652341,1721.197509765625,-0.05554404396778079,0.6348595472841629,0.7106508875739646,trend_exit
2023-09-26,2023-09-26,2023-10-15,7309.T,19435.6036875,19863.701171875,0.02100443031083632,0.7106247769858416,0.7106508875739646,trend_exit
2023-10-04,2023-10-04,2023-10-15,7951.T,1305.5944512939452,1281.022216796875,-0.019801904556383865,0.64937896616703,0.6636363636363637,trend_exit
2023-10-09,2023-10-09,2023-10-15,9006.T,1197.4973264160155,1162.162353515625,-0.030477842788291132,0.6836406373799213,0.7106508875739646,trend_exit
2023-10-09,2023-10-09,2023-10-15,9602.T,953.7826027221679,901.2801513671876,-0.05599151353141596,0.6614118749989645,0.7106508875739646,trend_exit
2023-10-09,2023-10-09,2023-10-15,5838.T,2324.3219999999997,2253.0,-0.03165439211950838,0.6406883407541963,0.7106508875739646,trend_exit
2023-10-04,2023-10-04,2023-10-17,3092.T,883.4962611083984,911.7700805664062,0.030970192610791702,0.6151906155414401,0.6214991762767711,trend_exit
2023-10-05,2023-10-05,2023-10-17,6923.T,2247.7327919921872,2284.431640625,0.015310724261706321,0.614572676053481,0.6214991762767711,trend_exit
2023-10-09,2023-10-09,2023-10-17,7741.T,14846.037260742185,15057.0380859375,0.013198389824031986,0.6902976945465301,0.6214991762767711,trend_exit
2023-10-05,2023-10-05,2023-10-22,4732.T,1174.026980102539,1203.64453125,0.02420208998410711,0.6143741348285351,0.6636363636363637,trend_exit
2023-10-24,2023-10-24,2023-11-06,8233.T,959.0553873291013,959.5230102539062,-0.0005129006019337634,0.7063851612755844,0.49506903353057197,trend_exit
2023-10-18,2023-10-18,2023-11-07,9006.T,1196.0533790283203,1220.3426513671875,0.019287541920780527,0.6381830781591977,0.6214991762767711,trend_exit
2023-10-18,2023-10-18,2023-11-13,2371.T,1327.147965698242,1497.1546630859375,0.12697117961217907,0.6028985412759017,0.7106508875739646,trend_exit
2023-11-14,2023-11-14,2023-11-26,3861.T,537.2326798706055,522.2936401367188,-0.02877958462569208,0.6999530924107924,0.6083333333333333,trend_exit
2023-10-18,2023-10-18,2023-11-28,9024.T,1409.3294302978513,1749.859375,0.240383886154673,0.6232512792443152,0.6214991762767711,trend_exit
2023-11-15,2023-11-15,2023-11-30,4755.T,555.0545,560.0,0.007901025935291184,0.7653671498980097,0.49506903353057197,trend_exit
2023-11-19,2023-11-19,2023-12-03,8334.T,628.7236766357421,698.90625,0.11051542942689907,0.6857937340231415,0.49506903353057197,trend_exit
2023-12-05,2023-12-05,2023-12-10,9831.T,410.05026562499995,407.0008544921875,-0.008429239722687054,0.7044917293476975,0.5845070422535211,trend_exit
2023-12-05,2023-12-05,2023-12-10,4503.T,1652.7691600341795,1578.120361328125,-0.04612072932544686,0.6504382750708084,0.5363511659807952,trend_exit
2023-12-05,2023-12-05,2023-12-10,4204.T,1997.853768066406,1952.2352294921875,-0.023810938800466475,0.6573149871904644,0.5135623869801086,trend_exit
2023-12-04,2023-12-04,2023-12-11,8410.T,282.1472218017578,281.3092346191406,-0.00396706517288592,0.6260836721963755,0.5363511659807952,trend_exit
2023-12-05,2023-12-05,2023-12-12,8267.T,1001.1445535888672,986.882568359375,-0.015231434604711214,0.6477439742763258,0.5135623869801086,trend_exit
2023-12-04,2023-12-04,2023-12-13,4681.T,1127.1142695312499,1157.91943359375,0.02630367251160437,0.6863140841408502,0.5363511659807952,trend_exit
2023-12-05,2023-12-05,2023-12-13,7337.T,879.9515211791992,855.3463745117188,-0.02893397241688178,0.7206753108549775,0.5888382687927108,trend_exit
2023-12-05,2023-12-05,2023-12-13,8331.T,1055.893339477539,1010.5333251953124,-0.04391593911404568,0.6573593566633489,0.5888382687927108,trend_exit
2023-12-05,2023-12-05,2023-12-13,7167.T,444.4960845031738,428.43115234375,-0.03710575612876921,0.6672946633897934,0.5363511659807952,trend_exit
2023-12-05,2023-12-05,2023-12-13,8233.T,970.472677001953,932.671630859375,-0.03991221874797768,0.6605626557797049,0.5363511659807952,trend_exit
2023-12-11,2023-12-11,2023-12-14,8001.T,1111.7625073242186,1100.0018310546875,-0.011567828574772454,0.640708371045148,0.6273584905660378,trend_exit
2023-12-10,2023-12-10,2023-12-17,3407.T,954.8104239501951,947.778076171875,-0.008357811827689243,0.6696609227407119,0.5363511659807952,trend_exit
2023-12-12,2023-12-12,2023-12-17,2331.T,792.9940451049804,753.842041015625,-0.05032300857327132,0.632613628404197,0.5363511659807952,trend_exit
2023-12-11,2023-12-11,2023-12-18,9435.T,22056.735873046873,21972.607421875,-0.004810369911687706,0.6724846221631667,0.5363511659807952,trend_exit
2023-12-13,2023-12-13,2023-12-20,3994.T,4256.2519999999995,4150.0,-0.025938783699837153,0.6332167471877794,0.4930182599355532,trend_exit
2023-12-12,2023-12-12,2023-12-24,6861.T,60306.23426953124,61263.0859375,0.014850679915256126,0.6470357835085723,0.5363511659807952,trend_exit
2023-12-19,2023-12-19,2023-12-24,3635.T,1571.4478076171874,1514.3985595703125,-0.03726731891608048,0.7053018196359409,0.6103151862464183,trend_exit
2023-12-17,2023-12-17,2023-12-25,3402.T,696.1274999389648,695.0487060546875,-0.0025481576155049757,0.6489381831675023,0.5445652173913043,trend_exit
2023-12-25,2023-12-25,2024-01-04,8359.T,723.1669635620117,723.378662109375,-0.0007075546043000536,0.6915223224842845,0.6273584905660378,trend_exit
2023-12-20,2023-12-20,2024-01-11,8282.T,1240.0009692382812,1255.2413330078125,0.011278315729958077,0.6436653257137048,0.5363511659807952,trend_exit
2023-12-14,2023-12-14,2024-01-14,4114.T,1186.3372517089842,1247.232666015625,0.05027927897796225,0.7615983373414028,0.5445652173913043,trend_exit
2023-12-19,2023-12-19,2024-01-14,4005.T,319.7115124816894,342.3355407714844,0.06969311982564164,0.6607391907240612,1.0,trend_exit
2023-12-19,2023-12-19,2024-01-14,4503.T,1527.1788514404295,1598.1947021484375,0.04545483061161115,0.6794028914828139,0.5888382687927108,trend_exit
2023-12-19,2023-12-19,2024-01-14,3401.T,1224.2949713134765,1285.8175048828125,0.04920114635432071,0.706606924681517,0.5445652173913043,trend_exit
2023-12-24,2023-12-24,2024-01-15,7337.T,834.2144846191405,869.5263671875,0.04128717114867242,0.7127621087900242,0.6273584905660378,trend_exit
2023-12-19,2023-12-19,2024-01-16,9076.T,1914.1580954589842,1979.4949951171875,0.03309935830973987,0.6783480757705689,0.5363511659807952,trend_exit
2023-12-24,2023-12-24,2024-01-16,2002.T,1789.1177747802733,1910.041259765625,0.06652074301827482,0.6335942962487457,0.6103151862464183,trend_exit
2024-01-04,2024-01-04,2024-01-22,8233.T,932.1770954589842,981.6220703125,0.05198942670795925,0.6507231919022664,0.5363511659807952,trend_exit
2024-01-15,2024-01-15,2024-01-23,9412.T,729.5275658569335,712.6243896484375,-0.024146860821430693,0.6527173619432348,0.5363511659807952,trend_exit
2024-01-21,2024-01-21,2024-01-24,6436.T,3214.2703854980464,3157.510498046875,-0.01864105714925235,0.6708550854072695,0.7180359747204665,trend_exit
2023-12-19,2023-12-19,2024-01-25,7762.T,768.4164525146483,844.3223876953125,0.09768350553574057,0.6878838839810422,0.5445652173913043,trend_exit
2024-01-22,2024-01-22,2024-01-31,8750.T,722.4666790161132,724.51025390625,0.0018257792013700591,0.7478378038316484,0.7411385606874329,trend_exit
2024-01-23,2024-01-23,2024-01-31,3401.T,1253.3556191406249,1256.317626953125,0.0013608988219293572,0.7514133740436686,0.7411385606874329,trend_exit
2024-01-24,2024-01-24,2024-01-31,4005.T,326.410068359375,313.8474426269531,-0.039448762226512946,0.73309858345054,0.7180359747204665,trend_exit
2024-01-21,2024-01-21,2024-02-01,7327.T,610.463674621582,622.9111328125,0.01936977997165079,0.6973187693478953,0.7411385606874329,trend_exit
2024-01-21,2024-01-21,2024-02-01,5832.T,954.8897879028319,953.47412109375,-0.002481062170932802,0.7003615179648163,0.7180359747204665,trend_exit
2024-01-21,2024-01-21,2024-02-01,8282.T,1250.3696038818357,1256.18310546875,0.0036447770861487427,0.67424562189124,0.7180359747204665,trend_exit
2024-01-21,2024-01-21,2024-02-05,7337.T,887.4661083374023,911.0471801757812,0.02554466525000465,0.6947182601155937,0.7411385606874329,trend_exit
2024-01-31,2024-01-31,2024-02-05,9434.T,182.15692001342768,180.041015625,-0.012604217308260557,0.7749622794186422,0.6046511627906976,trend_exit
2024-01-21,2024-01-21,2024-02-06,8572.T,343.0315621643066,337.8465270996094,-0.016100214093860643,0.8098368792678476,0.692086330935252,trend_exit
2024-01-28,2024-01-28,2024-02-06,9072.T,1490.913251953125,1512.1849365234375,0.013253285935921344,0.6809738086241669,0.692086330935252,trend_exit
2024-02-04,2024-02-04,2024-02-07,5020.T,566.11633203125,555.9874877929688,-0.01887391534481364,0.7536671504089311,0.7411385606874329,trend_exit
2024-02-05,2024-02-05,2024-02-08,3401.T,1276.7916293945311,1173.4373779296875,-0.08186746093592545,0.6853970567716903,0.7018181818181817,stoploss
2024-02-04,2024-02-04,2024-02-13,3941.T,904.1275895996092,933.7424926757812,0.03172247027236241,0.758225442200098,0.6846153846153846,trend_exit
2024-02-07,2024-02-07,2024-02-13,9934.T,1649.9699769287108,1622.712158203125,-0.017503670544083305,0.6693538058652243,0.692086330935252,trend_exit
2024-01-21,2024-01-21,2024-02-14,8020.T,1040.384926635742,1081.0120849609375,0.03801107189058728,0.699539596356689,0.7411385606874329,trend_exit
2024-02-01,2024-02-01,2024-02-14,7752.T,1114.3191385498046,1197.266357421875,0.07336314138967359,0.7071207205222645,0.7180359747204665,trend_exit
2024-02-07,2024-02-07,2024-02-14,8253.T,2580.1063374023433,2518.94873046875,-0.0246798183241439,0.6915911588022022,0.7180359747204665,trend_exit
2024-02-12,2024-02-12,2024-02-20,7313.T,1817.9304942626952,1790.0457763671875,-0.016323376369738574,0.6804301400186228,0.692086330935252,trend_exit
2024-02-13,2024-02-13,2024-02-21,4503.T,1521.698523071289,1505.1224365234375,-0.011882254408633441,0.6714681210476626,0.6914893617021277,trend_exit
2024-02-15,2024-02-15,2024-02-21,8308.T,785.0757954101562,776.815673828125,-0.01151091054990172,0.6794338433473999,0.7401574803149606,trend_exit
2024-02-13,2024-02-13,2024-02-26,9434.T,180.86633934020995,180.45542907714844,-0.0032696282475551675,0.7081831738082919,0.5337341349365397,trend_exit
2024-02-14,2024-02-14,2024-02-26,4005.T,285.9317031860351,289.66119384765625,0.012030248585395142,0.6954231318338955,0.875,trend_exit
2024-02-21,2024-02-21,2024-02-27,2502.T,1720.1936949462888,1625.907958984375,-0.055756304771186094,0.657983767988017,0.692086330935252,trend_exit
2024-02-04,2024-02-04,2024-03-03,8591.T,2654.3614265136716,2897.65869140625,0.09056777415460004,0.7052771080157654,0.7180359747204665,trend_exit
2024-02-15,2024-02-15,2024-03-04,7205.T,463.0626061096191,491.3999938964844,0.060134390956148476,0.7212406442603662,0.7180359747204665,trend_exit
2024-02-21,2024-02-21,2024-03-04,8282.T,1167.8914561767576,1201.56640625,0.027805138478620206,0.7061387932856428,0.6914893617021277,trend_exit
2024-02-28,2024-02-28,2024-03-04,7532.T,693.7748688964843,681.0880126953125,-0.01926841806064583,0.682174509768296,0.7411385606874329,trend_exit
2024-02-13,2024-02-13,2024-03-05,8331.T,1040.795615234375,1160.416748046875,0.11381746265118275,0.6771356566446263,0.7411385606874329,trend_exit
2024-02-28,2024-02-28,2024-03-05,9831.T,406.55846554565426,405.3981018066406,-0.0038512587327848014,0.8093386917412102,0.631616090331687,trend_exit
2024-03-04,2024-03-04,2024-03-07,7276.T,1815.4140643310545,1770.0361328125,-0.02597091681601582,0.6744919719021508,0.631616090331687,trend_exit
2024-02-14,2024-02-14,2024-03-10,6361.T,2095.7992719726562,2566.75634765625,0.22349006682069716,0.6804849471992487,0.7401574803149606,trend_exit
2024-02-29,2024-02-29,2024-03-11,5020.T,615.8579795532225,616.0865478515625,-0.000629233138771168,0.691546025777317,0.7411385606874329,trend_exit
2024-03-03,2024-03-03,2024-03-11,8020.T,1129.8255963134764,1120.82666015625,-0.008956924723959703,0.7722579801019651,0.7180359747204665,trend_exit
2024-03-04,2024-03-04,2024-03-11,9024.T,2122.330415283203,2109.432861328125,-0.0070709945578401046,0.651428893566634,0.692086330935252,trend_exit
2024-03-05,2024-03-05,2024-03-11,9503.T,1857.7576351318357,1828.8878173828125,-0.0165246020179739,0.6981151473527858,0.6240079365079364,trend_exit
2024-02-15,2024-02-15,2024-03-12,8359.T,768.8908644409179,903.1023559570312,0.17337751731136586,0.7556405877191976,0.7432432432432432,trend_exit
2024-03-05,2024-03-05,2024-03-12,4114.T,1273.922307861328,1282.0966796875,0.005410279028754461,0.7038351051257588,0.6034308779011099,trend_exit
2024-02-21,2024-02-21,2024-03-13,3861.T,524.3971643066405,559.4610595703125,0.06579828525526721,0.7126645216382652,0.7180359747204665,trend_exit
2024-03-05,2024-03-05,2024-03-18,3401.T,1199.9216232910155,1303.14306640625,0.08493746430645843,0.6730648056967837,0.6740654205607477,trend_exit
2024-03-11,2024-03-11,2024-03-20,3048.T,1216.093052001953,1208.223876953125,-0.007464395023750625,0.6677117463531095,0.6740654205607477,trend_exit
2024-03-10,2024-03-10,2024-03-25,4205.T,1153.5608557128905,1210.07470703125,0.04794179374017582,0.6647075305114465,0.6034308779011099,trend_exit
2024-03-12,2024-03-12,2024-03-25,9831.T,406.8416158447265,420.6712341308594,0.03295864171653373,0.8168918132590216,0.6122448979591839,trend_exit
2024-03-11,2024-03-11,2024-03-26,4188.T,799.6203547363281,870.4952392578125,0.08754703262313823,0.7253555175826707,0.6240079365079364,trend_exit
2024-03-07,2024-03-07,2024-03-27,7532.T,691.6098642578124,787.4588623046875,0.13744965781623697,0.6933745695801758,0.6740654205607477,trend_exit
2024-03-11,2024-03-11,2024-03-27,9301.T,879.7304140624999,934.183837890625,0.06083595512298867,0.7259089684156047,0.6538461538461539,trend_exit
2024-03-12,2024-03-12,2024-03-27,4681.T,1189.8387966308592,1255.895263671875,0.054461639644658444,0.6832151889985614,0.6538461538461539,trend_exit
2024-03-20,2024-03-20,2024-03-28,8334.T,810.1130757446289,825.5242919921875,0.018004513681203926,0.6806156681874465,0.6122448979591839,trend_exit
2024-03-12,2024-03-12,2024-03-31,3405.T,1421.1636403808593,1516.4696044921875,0.06599485931240201,0.7123261753209058,0.6740654205607477,trend_exit
2024-03-21,2024-03-21,2024-04-01,3148.T,3106.4133686523433,3060.538818359375,-0.015752922519953305,0.7676896634331636,0.6740654205607477,trend_exit
2024-03-28,2024-03-28,2024-04-02,5991.T,1415.5536658935546,1390.4678955078125,-0.018703803973787902,0.6682790783597758,0.6538461538461539,trend_exit
2024-03-27,2024-03-27,2024-04-03,4528.T,2317.1471076660155,2283.992919921875,-0.015293884685533832,0.6852965475756113,0.6538461538461539,trend_exit
2024-03-27,2024-03-27,2024-04-04,4912.T,1304.1072478027343,1300.877197265625,-0.0034743520841625797,0.7425701289593614,0.6510638297872341,trend_exit
2024-04-01,2024-04-01,2024-04-04,4503.T,1537.509117675781,1493.1131591796875,-0.02984637367526166,0.6996741482145841,0.6538461538461539,trend_exit
2024-03-13,2024-03-13,2024-04-07,2914.T,3529.0254999999997,3735.080078125,0.057330132085153584,0.7328011351449748,0.6740654205607477,trend_exit
2024-03-28,2024-03-28,2024-04-07,9759.T,2889.405073242187,2928.422607421875,0.012490153044470986,0.7162501585800913,0.6538461538461539,trend_exit
2024-03-31,2024-03-31,2024-04-11,3387.T,517.9698449707031,515.9711303710938,-0.004854888280460989,0.716553536204935,0.6240079365079364,trend_exit
2024-04-07,2024-04-07,2024-04-14,4502.T,3885.405938476562,3826.394287109375,-0.016172839247508453,0.7187797003228023,0.6538461538461539,trend_exit
2024-04-04,2024-04-04,2024-04-15,8012.T,2461.6664826660153,2510.4306640625,0.018789609014105313,0.6716589227485673,0.6240079365079364,trend_exit
2024-03-28,2024-03-28,2024-04-16,3401.T,1340.2142415771482,1407.97265625,0.04950733991493883,0.675488653456866,0.6538461538461539,trend_exit
2024-03-28,2024-03-28,2024-04-16,8282.T,1279.9297741699218,1425.616943359375,0.11271052143439086,0.763995282224156,0.6240079365079364,trend_exit
2024-04-03,2024-04-03,2024-04-16,9301.T,957.1095958251951,961.3115234375,0.003385835961735806,0.6778261570664739,0.6240079365079364,trend_exit
2024-04-11,2024-04-11,2024-04-16,2914.T,3801.7518112792964,3705.92138671875,-0.0261817054053749,0.77291825823318,0.6740654205607477,trend_exit
2024-04-07,2024-04-07,2024-04-17,1944.T,2560.151832519531,2883.429931640625,0.1251467452514885,0.6631350760152649,0.6740654205607477,trend_exit
2024-04-07,2024-04-07,2024-04-17,9072.T,1406.9052556152342,1423.8470458984375,0.011029842397254352,0.6692274925240788,0.6240079365079364,trend_exit
2024-04-02,2024-04-02,2024-04-18,4205.T,1241.8000076904295,1272.2730712890625,0.02351488995531037,0.707049127084657,0.6740654205607477,trend_exit
2024-04-14,2024-04-14,2024-04-18,6861.T,64093.568601562496,61951.296875,-0.03439070520694587,0.7200049975020634,0.6740654205607477,trend_exit
2024-03-28,2024-03-28,2024-04-22,3048.T,1217.9961983642577,1483.9005126953125,0.21709461340968916,0.7458367010740996,0.6538461538461539,trend_exit
2024-04-16,2024-04-16,2024-04-25,7951.T,1042.6343662109373,1051.2640380859375,0.007268519130493534,0.6726799483740313,0.6240079365079364,trend_exit
2024-04-21,2024-04-21,2024-05-06,7327.T,693.2322736206054,696.4435424804688,0.003627680667907418,0.7565714926305782,0.5397747272087289,trend_exit
2024-04-21,2024-04-21,2024-05-06,1951.T,1596.4542343749997,1615.25146484375,0.010762587886293584,0.681131618628101,0.5397747272087289,trend_exit
2024-04-21,2024-04-21,2024-05-06,9364.T,3161.8359233398432,3145.453125,-0.006176238090247144,0.6346181429494032,0.5397747272087289,trend_exit
2024-04-29,2024-04-29,2024-05-06,8308.T,971.4103202514648,939.2229614257812,-0.034101533714953725,0.6709833585053958,0.5397747272087289,trend_exit
2024-04-17,2024-04-17,2024-05-07,6371.T,1616.0409401855468,1686.6673583984375,0.042659656163523296,0.683443934485056,0.5397747272087289,trend_exit
2024-04-21,2024-04-21,2024-05-07,7459.T,2345.467391845703,2353.72216796875,0.0025159394564997495,0.6901940278850575,0.5397747272087289,trend_exit
2024-04-22,2024-04-22,2024-05-07,1925.T,4153.73601220703,4111.32373046875,-0.011200424228218986,0.6846178832923809,0.5397747272087289,trend_exit
2024-04-18,2024-04-18,2024-05-08,4912.T,1304.5894189453124,1267.6326904296875,-0.02929991662584308,0.6968128255234061,0.49696969696969695,trend_exit
2024-04-21,2024-04-21,2024-05-12,1802.T,1626.098961791992,1582.0107421875,-0.028085763179105716,0.662492083526099,0.5397747272087289,trend_exit
2024-05-08,2024-05-08,2024-05-13,2810.T,3075.120632568359,2915.421142578125,-0.052880823409192534,0.673606238356187,0.46,trend_exit
2024-05-09,2024-05-09,2024-05-14,9076.T,2017.8411427001952,1959.4384765625,-0.029914200546770298,0.6867396738446041,0.5397747272087289,trend_exit
2024-05-13,2024-05-13,2024-05-14,4188.T,869.2829042358397,799.7508544921875,-0.08090783823704784,0.7044257079584718,0.5397747272087289,stoploss
2024-05-08,2024-05-08,2024-05-15,4681.T,1272.4557548828125,1219.4925537109375,-0.04258120057822834,0.6707612148561917,0.5397747272087289,trend_exit
2024-05-07,2024-05-07,2024-05-16,7205.T,463.0626061096191,455.5,-0.017315382420926784,0.6899490547925381,0.5397747272087289,trend_exit
2024-04-21,2024-04-21,2024-05-19,8113.T,1508.9002150878905,1603.9334716796875,0.061918821527025436,0.6591001023937294,0.5397747272087289,trend_exit
2024-05-07,2024-05-07,2024-05-20,4680.T,683.945285949707,706.6546020507812,0.03217020710724139,0.6684358834885482,0.5397747272087289,trend_exit
2024-05-09,2024-05-09,2024-05-22,7327.T,709.6447268066405,745.6318359375,0.04966073298889517,0.7461370412504611,0.5397747272087289,trend_exit
2024-05-19,2024-05-19,2024-05-22,4901.T,3358.394590332031,3332.698486328125,-0.008643654493072583,0.6565846975244714,0.5397747272087289,trend_exit
2024-05-09,2024-05-09,2024-05-23,8316.T,2845.9121608886717,3092.311279296875,0.08549343527627729,0.7098176074172787,0.5397747272087289,trend_exit
2024-05-15,2024-05-15,2024-05-23,8001.T,1399.9606959228513,1392.016845703125,-0.006668663693644161,0.6829690743607306,0.5397747272087289,trend_exit
2024-05-15,2024-05-15,2024-05-23,5991.T,1689.4706197509763,1730.3916015625,0.02319696463010268,0.6712268606965522,0.5397747272087289,trend_exit
2024-05-15,2024-05-15,2024-05-23,7752.T,1254.9883537597655,1245.071533203125,-0.00889402045557175,0.6517047435229679,0.5397747272087289,trend_exit
2024-05-20,2024-05-20,2024-05-23,9006.T,1158.305463745117,1134.9049072265625,-0.02118220296263773,0.7447268785384943,0.5397747272087289,trend_exit
2024-05-12,2024-05-12,2024-05-27,7186.T,823.5732387695311,888.6087036132812,0.07788846591952914,0.7137901325798146,0.5397747272087289,trend_exit
2024-05-22,2024-05-22,2024-05-28,3387.T,539.7166677246094,513.99609375,-0.048608041287591996,0.6462046613988903,0.5044851094366705,trend_exit
2024-05-23,2024-05-23,2024-05-29,9020.T,2761.0419750976557,2675.27294921875,-0.03203294249990396,0.6494670669277424,0.5397747272087289,trend_exit
2024-05-26,2024-05-26,2024-05-29,2503.T,2081.5247578125,2022.474609375,-0.029340329879648852,0.6874566589083738,0.5397747272087289,trend_exit
2024-05-26,2024-05-26,2024-05-29,9076.T,1936.468958251953,1893.18408203125,-0.02333012368218712,0.654669291624187,0.5397747272087289,trend_exit
2024-05-26,2024-05-26,2024-05-29,8273.T,1034.4600623779295,1014.7483520507812,-0.020036016307439453,0.6527244067811342,0.5397747272087289,trend_exit
2024-05-09,2024-05-09,2024-06-04,7532.T,735.106075805664,770.94287109375,0.04770175838712887,0.6880484800502031,0.5397747272087289,trend_exit
2024-05-30,2024-05-30,2024-06-04,8411.T,3047.4636086425776,2960.115234375,-0.02963398455221533,0.712229395729802,0.5397747272087289,trend_exit
2024-05-27,2024-05-27,2024-06-05,9987.T,4512.0910795898435,4476.4765625,-0.008885235901751165,0.649241445720515,0.5397747272087289,trend_exit
2024-05-28,2024-05-28,2024-06-05,8282.T,1359.955520751953,1335.6185302734375,-0.018877535784842303,0.6875125831339244,0.5397747272087289,trend_exit
2024-05-30,2024-05-30,2024-06-05,9433.T,2071.792134521484,2045.384033203125,-0.013733754886628202,0.6868352140835119,0.5397747272087289,trend_exit
2024-05-19,2024-05-19,2024-06-06,2327.T,2391.01753515625,2458.953857421875,0.027384729490879556,0.7122097552426503,0.5397747272087289,trend_exit
2024-05-26,2024-05-26,2024-06-12,9404.T,2018.9721553955076,2105.012451171875,0.041573274351945244,0.6521840803256529,0.5397747272087289,trend_exit
2024-05-30,2024-05-30,2024-06-12,6436.T,3573.884523193359,3687.5908203125,0.03078406859114846,0.7031921352611895,0.5397747272087289,trend_exit
2024-06-09,2024-06-09,2024-06-12,8424.T,3944.8825920410154,3755.152099609375,-0.04904725046104441,0.6982394662418974,0.5296404275996112,trend_exit
2024-06-09,2024-06-09,2024-06-12,9042.T,4080.095306396484,3980.479736328125,-0.025390595568264396,0.6813715249797242,0.4901297236322617,trend_exit
2024-05-30,2024-05-30,2024-06-13,6417.T,1439.0648244628906,1529.15087890625,0.061537814043579164,0.6958785014488655,0.5397747272087289,trend_exit
2024-06-09,2024-06-09,2024-06-13,9005.T,1811.8087780761716,1795.3072509765625,-0.010098656421133834,0.6448306071808535,0.5296404275996112,trend_exit
2024-06-10,2024-06-10,2024-06-13,4205.T,1356.6431296386718,1308.183837890625,-0.03668427937949503,0.6414470911518544,0.49999999999999983,trend_exit
2024-06-13,2024-06-13,2024-06-16,4666.T,1621.8015778808592,1469.1474609375,-0.0950321337124872,0.6590331410054766,0.5204918032786885,stoploss
2024-05-26,2024-05-26,2024-06-18,7867.T,2746.656510253906,2983.35986328125,0.08509254516956588,0.6640076055698793,0.5397747272087289,trend_exit
2024-06-13,2024-06-13,2024-06-18,4204.T,2147.4685654296873,2089.482666015625,-0.027974976233497206,0.6637972830299754,0.48561822936122534,trend_exit
2024-06-09,2024-06-09,2024-06-19,4684.T,3968.8726225585933,3968.82080078125,-0.0010130439952321657,0.6342498505366176,0.4618705035971223,trend_exit
2024-06-13,2024-06-13,2024-06-19,2809.T,3097.861612548828,3037.276123046875,-0.020537639695484278,0.6533714971841686,0.4618705035971223,trend_exit
2024-06-16,2024-06-16,2024-06-19,3048.T,1534.8653632812498,1475.344970703125,-0.03974012249415193,0.6548685333134999,0.5,trend_exit
2024-06-13,2024-06-13,2024-06-25,5947.T,3616.419936035156,3564.59814453125,-0.015315253932915662,0.6485850909624491,0.48561822936122534,trend_exit
2024-06-18,2024-06-18,2024-06-30,8570.T,1211.8102089843749,1226.387939453125,0.011017684477577339,0.699830361328544,0.5296404275996112,trend_exit
2024-06-19,2024-06-19,2024-07-02,5901.T,2363.218034912109,2410.100830078125,0.018818701312759645,0.6649678061754158,0.5296404275996112,trend_exit
2024-06-25,2024-06-25,2024-07-02,9009.T,1707.413227050781,1670.7772216796875,-0.02243556626238652,0.6453980565489079,0.5704225352112675,trend_exit
2024-06-09,2024-06-09,2024-07-04,7164.T,2712.2410256347653,2828.6005859375,0.04185872813063374,0.6499167204097446,0.4618705035971223,trend_exit
2024-06-13,2024-06-13,2024-07-07,9076.T,1944.46510559082,2055.765869140625,0.056182544683655244,0.6870872951048927,0.49999999999999983,trend_exit
2024-06-18,2024-06-18,2024-07-07,1802.T,1724.3355279541013,1828.3004150390625,0.05923243186382976,0.7014876942684605,0.5296404275996112,trend_exit
2024-06-19,2024-06-19,2024-07-07,5401.T,578.637263305664,588.5787353515625,0.01616365537386133,0.6960715624183865,0.5704225352112675,trend_exit
2024-06-19,2024-06-19,2024-07-07,3116.T,2007.2921520996092,1995.3994140625,-0.006918842101108713,0.6512737961537596,0.5296404275996112,trend_exit
2024-06-30,2024-06-30,2024-07-09,1878.T,3135.2409956054685,3134.923095703125,-0.0011012942873884768,0.692939516060225,0.4901297236322617,trend_exit
2024-07-02,2024-07-02,2024-07-09,4205.T,1300.6220766601562,1284.3988037109375,-0.013460998446133687,0.7248444612020948,0.5704225352112675,trend_exit
2024-07-02,2024-07-02,2024-07-11,5344.T,39885.5331875,39945.3046875,0.0004970773543204743,0.7081899807194761,0.5558194774346795,trend_exit
2024-06-19,2024-06-19,2024-07-15,3092.T,1257.8054991455076,1380.9500732421875,0.09680640139207375,0.6604879210040274,0.5296404275996112,trend_exit
2024-07-04,2024-07-04,2024-07-15,9009.T,1709.700668457031,1676.326904296875,-0.020500717880683195,0.6844694383811828,0.5296404275996112,trend_exit
2024-06-17,2024-06-17,2024-07-17,4403.T,2015.8220357666014,2233.787841796875,0.10701937688980334,0.6911988727900443,0.48561822936122534,trend_exit
2024-07-09,2024-07-09,2024-07-17,4676.T,1808.9289479980466,1762.0770263671875,-0.02687446552891304,0.7027220700317782,0.5296404275996112,trend_exit
2024-07-10,2024-07-10,2024-07-18,6471.T,765.659731262207,752.6781005859375,-0.01793787529378632,0.6300278075941955,0.5204918032786885,trend_exit
2024-07-11,2024-07-11,2024-07-18,9202.T,2986.996952392578,2926.72216796875,-0.021158878833529626,0.6758822381616618,0.48561822936122534,trend_exit
2024-07-15,2024-07-15,2024-07-21,6113.T,1761.1497712402343,1729.658203125,-0.01886337372372604,0.7208604989960881,0.5704225352112675,trend_exit
2024-07-15,2024-07-15,2024-07-21,8604.T,906.3352393798826,873.1912231445312,-0.03753269869741638,0.6976432663820451,0.5558194774346795,trend_exit
2024-07-08,2024-07-08,2024-07-22,3402.T,743.6642470092772,761.8486328125,0.0234279612613848,0.6712422673323549,0.5296404275996112,trend_exit
2024-07-18,2024-07-18,2024-07-23,8306.T,1689.9690424804685,1658.311279296875,-0.0197140146508189,0.7090954112125589,0.5176941909637212,trend_exit
2024-07-09,2024-07-09,2024-07-24,3048.T,1450.176510986328,1617.9361572265625,0.11456654333065153,0.6616698358590168,0.5558194774346795,trend_exit
2024-07-17,2024-07-17,2024-07-24,8308.T,1026.2403029785155,977.7109375,-0.048241212386931465,0.6791788118086519,0.5176941909637212,trend_exit
2024-07-18,2024-07-18,2024-07-24,7532.T,797.3239321899413,766.24951171875,-0.03993442150351112,0.6972004509392797,0.5176941909637212,trend_exit
2024-07-08,2024-07-08,2024-07-25,8282.T,1493.1716115722654,1538.5941162109375,0.029389730009836246,0.7344532682356895,0.5296404275996112,trend_exit
2024-07-22,2024-07-22,2024-07-25,8572.T,409.2612083129883,397.7945861816406,-0.028989839438815834,0.672289242807681,0.5176941909637212,trend_exit
2024-07-22,2024-07-22,2024-07-25,8411.T,3293.9913842773435,3082.30859375,-0.0651990470121433,0.6373664004757927,0.5176941909637212,trend_exit
2024-07-08,2024-07-08,2024-07-31,3401.T,1266.784317626953,1335.08935546875,0.052866101635819174,0.6576140094821699,0.5296404275996112,trend_exit
2024-07-28,2024-07-28,2024-07-31,4681.T,1219.7402502441405,1183.3323974609375,-0.030819008533283787,0.7003634461876471,0.5176941909637212,trend_exit
2024-07-28,2024-07-28,2024-08-01,4088.T,2070.3184943847655,1951.923095703125,-0.05812985881339339,0.6876902535972989,0.5176941909637212,trend_exit
2024-07-28,2024-07-28,2024-08-01,4666.T,1567.8069633789062,1452.9652099609375,-0.07417668204336425,0.6667630867525236,0.5176941909637212,stoploss
2024-07-28,2024-07-28,2024-08-01,3387.T,521.9238071899414,507.0835876464844,-0.029405255939049746,0.6448508629656129,0.5176941909637212,trend_exit
2024-07-28,2024-07-28,2024-08-01,4676.T,1793.8990405273435,1665.2064208984375,-0.07266731466196874,0.6358323944226617,0.5176941909637212,stoploss
2024-07-28,2024-07-28,2024-08-01,2501.T,1252.934544189453,1163.0211181640625,-0.07269050691109613,0.6347731388778652,0.5176941909637212,stoploss
2024-07-28,2024-07-28,2024-08-01,4927.T,1328.5950900878904,1280.2515869140625,-0.03735054805709037,0.6300576152640696,0.5176941909637212,trend_exit
2024-07-29,2024-07-29,2024-08-01,4114.T,1474.6644754638671,1415.65185546875,-0.040977641257397,0.6832898150902021,0.5176941909637212,trend_exit
2024-07-25,2024-07-25,2024-08-04,4503.T,1575.2824489746092,1524.7923583984375,-0.03301940104038348,0.7401129769156507,0.5176941909637212,trend_exit
2024-08-07,2024-08-07,2024-08-12,2269.T,3594.15526196289,3299.076416015625,-0.08301753836875891,0.6088684721702792,0.5176941909637212,stoploss
2024-08-05,2024-08-05,2024-08-15,9843.T,3621.557148193359,3836.789794921875,0.05837153696140085,0.6989148133673696,0.5176941909637212,trend_exit
2024-08-07,2024-08-07,2024-08-20,7011.T,1681.380750854492,1811.984130859375,0.07659859065745267,0.7216804043650358,0.5176941909637212,trend_exit
2024-08-07,2024-08-07,2024-08-20,7269.T,1569.6820054931638,1641.150634765625,0.04448511124758481,0.6573261939968427,0.5176941909637212,trend_exit
2024-08-07,2024-08-07,2024-08-27,4612.T,880.9696892089843,890.1617431640625,0.00942358439070512,0.631560684547041,0.5176941909637212,trend_exit
2024-08-07,2024-08-07,2024-08-28,3197.T,1968.27013684082,2203.624755859375,0.1184547740163937,0.66332957475747,0.5176941909637212,trend_exit
2024-08-07,2024-08-07,2024-08-28,4114.T,1437.1807401123044,1534.384033203125,0.06656706869738716,0.6478219725924987,0.5176941909637212,trend_exit
2024-08-07,2024-08-07,2024-08-28,6436.T,3430.929210693359,4135.89013671875,0.20426683060215112,0.6312677667486188,0.5176941909637212,trend_exit
2024-08-07,2024-08-07,2024-08-29,4912.T,1374.3907178955076,1445.05126953125,0.050360861336574914,0.6093214184101338,0.5176941909637212,trend_exit
2024-08-12,2024-08-12,2024-08-29,9006.T,1085.6997274169921,1117.496826171875,0.028257907001322913,0.7142073216880009,0.5176941909637212,trend_exit
2024-08-19,2024-08-19,2024-08-29,8267.T,1149.7243814697265,1192.7083740234375,0.036348958805469955,0.631194976693186,0.5176941909637212,trend_exit
2024-08-07,2024-08-07,2024-09-03,9502.T,1683.1626823730467,1699.0511474609375,0.008430209443822001,0.6109884405359042,0.5176941909637212,trend_exit
2024-08-22,2024-08-22,2024-09-03,1332.T,842.4319834594726,882.961181640625,0.047061647442091736,0.7127589750676083,0.5176941909637212,trend_exit
2024-08-27,2024-08-27,2024-09-03,7011.T,1875.063131347656,1755.220947265625,-0.06484976585396429,0.7119695569357094,0.5176941909637212,trend_exit
2024-08-21,2024-08-21,2024-09-10,9602.T,1016.2693434448241,1093.15966796875,0.0745837364325379,0.6530573533533023,0.5176941909637212,trend_exit
2024-09-17,2024-09-17,2024-09-29,9501.T,645.645,636.9000244140625,-0.01453101256937106,0.6217601152764128,0.5503355704697986,trend_exit
2024-09-19,2024-09-19,2024-09-29,4503.T,1620.050561035156,1568.3326416015625,-0.03289172162697629,0.6001351086035233,0.5144578313253012,trend_exit
2024-09-19,2024-09-19,2024-09-30,3231.T,742.3726735229492,747.233154296875,0.005540677568463659,0.6513555942629216,0.5503355704697986,trend_exit
2024-09-12,2024-09-12,2024-10-06,7011.T,1753.5175128173826,2213.066650390625,0.26081066632066197,0.6268516866446734,0.5503355704697986,trend_exit
2024-09-12,2024-09-12,2024-10-10,7180.T,644.089063293457,687.2288208007812,0.06591096030950827,0.6080046831324964,0.5144578313253012,trend_exit
2024-09-18,2024-09-18,2024-10-20,8750.T,856.3559276733397,932.6273803710938,0.08797606565540272,0.6033878789672895,0.5503355704697986,trend_exit
2024-10-14,2024-10-14,2024-10-20,7186.T,784.0961179809569,757.88818359375,-0.0343909655365181,0.6104522790019651,0.47181430601610613,trend_exit
2024-10-16,2024-10-16,2024-10-21,8604.T,761.1116696777343,736.3988037109375,-0.033436965670600394,0.6130997652434953,0.47181430601610613,trend_exit
2024-10-17,2024-10-17,2024-10-29,2331.T,1020.6256851806638,1023.9967041015624,0.0022995915651304877,0.6031665797536512,0.47181430601610613,trend_exit
2024-11-18,2024-11-18,2024-11-25,5463.T,1071.4464747314453,1054.668212890625,-0.016643789936572118,0.6046634035096168,0.47181430601610613,trend_exit
2024-10-22,2024-10-22,2024-11-27,4732.T,1237.869934082031,1351.0823974609375,0.09036602142243555,0.6058586831395765,0.8012139605462822,trend_exit
2024-11-27,2024-11-27,2024-12-02,3941.T,861.8815894165039,855.3458251953125,-0.008575551603777098,0.6573755925017373,0.5170718382955474,trend_exit
2024-12-01,2024-12-01,2024-12-04,8308.T,1274.2908400878905,1221.9989013671875,-0.04199507360374599,0.6530641415099798,0.5170718382955474,trend_exit
2024-11-27,2024-11-27,2024-12-05,1812.T,2631.581344970703,2617.32177734375,-0.006413212130626622,0.6815342740258121,0.45239376008606785,trend_exit
2024-11-27,2024-11-27,2024-12-08,3231.T,718.8782553100585,720.8555908203125,0.0017478340875558551,0.6458263012044236,0.5170718382955474,trend_exit
2024-12-01,2024-12-01,2024-12-08,6966.T,742.9257773437499,732.5447998046875,-0.014959128728312954,0.6643432065447306,0.5170718382955474,trend_exit
2024-12-01,2024-12-01,2024-12-08,7180.T,730.0849464111327,709.0687255859375,-0.029757207921592865,0.6467342146845091,0.5170718382955474,trend_exit
2024-12-01,2024-12-01,2024-12-08,8015.T,2561.1335261230465,2508.340576171875,-0.02159250580388783,0.6667657802546669,0.48018648018648025,trend_exit
2024-11-28,2024-11-28,2024-12-09,7649.T,2487.6851511230466,2480.775390625,-0.003774808835608545,0.638473186946577,0.45239376008606785,trend_exit
2024-12-01,2024-12-01,2024-12-10,8001.T,1463.9830283203123,1501.12060546875,0.02434212409132641,0.8019661081797923,0.5170718382955474,trend_exit
2024-12-08,2024-12-08,2024-12-15,7267.T,1243.9537706298827,1230.761962890625,-0.011594136408176525,0.7660661081457181,0.5170718382955474,trend_exit
2024-12-01,2024-12-01,2024-12-16,8053.T,3157.988573974609,3180.9306640625,0.00625751454159218,0.6769607905311232,0.48018648018648025,trend_exit
2024-12-02,2024-12-02,2024-12-16,7203.T,2568.207487548828,2585.474609375,0.005716690449652839,0.8103769457560028,0.5170718382955474,trend_exit
2024-12-04,2024-12-04,2024-12-16,6301.T,3933.1308618164057,4014.5771484375,0.019687041238413583,0.6534950782419119,0.4730848861283644,trend_exit
2024-12-09,2024-12-09,2024-12-16,5214.T,3241.8401640624998,3170.320556640625,-0.023039361658385382,0.6495984767516684,0.45239376008606785,trend_exit
2024-12-10,2024-12-10,2024-12-16,8425.T,965.3875187988281,954.8553466796876,-0.011898877126682472,0.6816415731850791,0.5170718382955474,trend_exit
2024-12-10,2024-12-10,2024-12-16,5108.T,2509.2699467773436,2478.85791015625,-0.013107754537725946,0.6381764814579061,0.45239376008606785,trend_exit
2024-12-08,2024-12-08,2024-12-17,4203.T,3570.7541987304685,3664.811279296875,0.02531461541633062,0.6427968428378333,0.5170718382955474,trend_exit
2024-12-05,2024-12-05,2024-12-18,4755.T,863.7629244384765,917.2999877929688,0.06091921970476677,0.6854388992264673,0.5170718382955474,trend_exit
2024-12-16,2024-12-16,2024-12-24,6146.T,40851.861832031245,41720.59765625,0.020244248107048612,0.6593718866565703,0.45239376008606785,trend_exit
2024-12-19,2024-12-19,2024-12-24,4186.T,3422.293630615234,3401.31201171875,-0.007124733742913669,0.7206576071277473,0.48018648018648025,trend_exit
2024-12-08,2024-12-08,2024-12-25,4401.T,2651.302706787109,2703.270263671875,0.018581162571509324,0.6690753439980401,0.5170718382955474,trend_exit
2024-12-24,2024-12-24,2025-01-06,1332.T,857.4725827636718,848.8558959960938,-0.0110388866697827,0.6942838506400653,0.5170718382955474,trend_exit
2024-12-19,2024-12-19,2025-01-07,3231.T,718.1073435668944,749.7360229492188,0.04300045617970838,0.7315958929236412,0.5170718382955474,trend_exit
2024-12-19,2024-12-19,2025-01-07,3289.T,904.3713634033201,919.3842163085938,0.01558371843611761,0.7152141896172632,0.5170718382955474,trend_exit
2024-12-19,2024-12-19,2025-01-07,8111.T,2750.0683659667966,2797.992919921875,0.016409250618499405,0.7043195666356205,0.5170718382955474,trend_exit
2024-12-22,2024-12-22,2025-01-07,3003.T,1289.9328092041014,1300.6451416015625,0.007296261625957534,0.8378777377599451,0.5170718382955474,trend_exit
2024-12-22,2024-12-22,2025-01-07,9532.T,3227.2310871582026,3260.00244140625,0.009144480518941567,0.6678586639851212,0.45239376008606785,trend_exit
2024-12-22,2024-12-22,2025-01-07,8801.T,1223.3547009277343,1212.8369140625,-0.009588898273248825,0.632689563275446,0.45239376008606785,trend_exit
2024-12-23,2024-12-23,2025-01-07,3697.T,1141.4737073974609,1175.3333740234375,0.028633452562365935,0.7869364094276585,0.5170718382955474,trend_exit
2024-12-24,2024-12-24,2025-01-09,7182.T,1420.5429030761718,1433.58984375,0.008175290450523898,0.8170945365779154,0.5170718382955474,trend_exit
2025-01-06,2025-01-06,2025-01-09,9009.T,1407.158316040039,1391.001708984375,-0.012470244864863478,0.713277065200289,0.5170718382955474,trend_exit
2024-12-26,2024-12-26,2025-01-13,6525.T,2130.3469687499996,2229.5859375,0.04553689339601874,0.6534275986972817,0.5170718382955474,trend_exit
2025-01-08,2025-01-08,2025-01-14,4751.T,1080.0343997802734,1023.4974365234376,-0.05329502532981312,0.6540008176055316,0.5170718382955474,trend_exit
2025-01-09,2025-01-09,2025-01-15,4733.T,6783.075126953124,6655.822265625,-0.01974158933632497,0.6749652148883207,0.5170718382955474,trend_exit
2025-01-19,2025-01-19,2025-01-22,4902.T,629.1804928588866,613.2938842773438,-0.026224434249141337,0.6321818463906891,0.5277992277992278,trend_exit
2025-01-19,2025-01-19,2025-01-27,9509.T,768.8028859252929,758.9692993164062,-0.013777986662282582,0.6723129260391629,0.5277992277992278,trend_exit
2025-01-20,2025-01-20,2025-01-27,4188.T,762.6605192260741,746.1219482421875,-0.0226636786570108,0.6074222070475075,0.4657534246575342,trend_exit
2025-01-20,2025-01-20,2025-01-29,6592.T,1031.8902343749999,1033.01806640625,9.188376988711333e-05,0.6123578767673388,0.5277992277992278,trend_exit
2025-01-20,2025-01-20,2025-01-29,3402.T,1018.1092552490235,1044.56787109375,0.024962004659722536,0.6318225005640709,0.4561224489795919,trend_exit
2025-01-19,2025-01-19,2025-02-02,3941.T,829.9172839965819,779.0736083984375,-0.06220228232619318,0.6510974001843327,0.47516556291390727,trend_exit
2025-01-19,2025-01-19,2025-02-02,8593.T,986.9553297119138,991.270263671875,0.003367592834479627,0.6294804611154662,0.47516556291390727,trend_exit
2025-01-19,2025-01-19,2025-02-02,3231.T,761.4713429565429,802.2985229492188,0.05256255779018981,0.6927073467562528,0.461864406779661,trend_exit
2025-01-20,2025-01-20,2025-02-03,7164.T,2554.9132006835935,2567.125244140625,0.0037750473128834727,0.6039642904848394,0.47516556291390727,trend_exit
2025-01-22,2025-01-22,2025-02-03,8001.T,1383.5828842773435,1379.6663818359375,-0.003827865235560668,0.7350925121321013,0.5277992277992278,trend_exit
2025-01-30,2025-01-30,2025-02-04,1662.T,1065.3075294189453,1049.8226318359375,-0.015521077020700602,0.6045729964770253,0.5277992277992278,trend_exit
2025-02-05,2025-02-05,2025-02-11,7532.T,871.4608001708983,844.2147216796875,-0.03223357058330323,0.6205135351148271,0.4657534246575342,trend_exit
2025-02-04,2025-02-04,2025-02-12,9984.T,2410.7129921875,2366.7177734375,-0.019231628432619052,0.6573923378951082,0.5277992277992278,trend_exit
2025-01-07,2025-01-07,2025-02-16,4689.T,420.5730765075683,481.1476135253906,0.1428845372207641,0.6855468400177489,0.45239376008606785,trend_exit
2025-02-11,2025-02-11,2025-02-16,6055.T,1675.1312214355466,1528.1104736328125,-0.08867893832762797,0.6208321077007718,0.5277992277992278,stoploss
2025-02-05,2025-02-05,2025-02-17,4751.T,1169.7481694335936,1145.3070068359375,-0.02187348548438539,0.6195001090954557,0.461864406779661,trend_exit
2025-02-04,2025-02-04,2025-02-18,9412.T,949.4856464843749,1089.6015625,0.14642276580787983,0.6205776489473942,0.461864406779661,trend_exit
2025-02-09,2025-02-09,2025-02-18,1332.T,821.9347000122069,828.0977172851562,0.006490685398225615,0.6490825678485989,0.4561224489795919,trend_exit
2025-02-11,2025-02-11,2025-02-19,3003.T,1301.9457867431638,1296.7984619140625,-0.004949609543370759,0.7275014479618115,0.5277992277992278,trend_exit
2025-02-11,2025-02-11,2025-02-19,5830.T,1552.324088745117,1547.3671875,-0.004190019648458221,0.619518801923717,0.47516556291390727,trend_exit
2025-02-12,2025-02-12,2025-02-19,5832.T,1531.2329503173826,1517.1724853515625,-0.010173264262594905,0.6438664286541237,0.5277992277992278,trend_exit
2025-02-05,2025-02-05,2025-02-20,6146.T,44295.771050781244,45319.25,0.02208246241153322,0.6044226232978374,0.47516556291390727,trend_exit
2025-02-17,2025-02-17,2025-02-20,9984.T,2452.5907656249997,2338.3291015625,-0.047541560866290244,0.6907346745945346,0.4561224489795919,trend_exit
2025-02-09,2025-02-09,2025-02-24,6592.T,1013.1634574584959,1124.879150390625,0.10915397013938266,0.6194601877234873,0.5277992277992278,trend_exit
2025-02-17,2025-02-17,2025-02-26,6966.T,848.4513024291991,876.8987426757812,0.03249513722822894,0.6102733443619759,0.5277992277992278,trend_exit
2025-02-26,2025-02-26,2025-03-03,7261.T,984.4714640502929,949.1228637695312,-0.03687026437028018,0.6266525041187883,0.4561224489795919,trend_exit
2025-02-20,2025-02-20,2025-03-05,9509.T,712.9893156127929,717.5408325195312,0.005377326125741044,0.629110740090777,0.5277992277992278,trend_exit
2025-02-25,2025-02-25,2025-03-05,3003.T,1346.7076669921873,1345.8431396484375,-0.0016413142492424093,0.727256241968003,0.5277992277992278,trend_exit
2025-02-26,2025-02-26,2025-03-05,1928.T,3286.467021728515,3209.458251953125,-0.024408651447581642,0.6350573139188549,0.4561224489795919,trend_exit
2025-03-02,2025-03-02,2025-03-05,5830.T,1598.5966334228515,1594.080078125,-0.0038224998403084687,0.6222294865181774,0.5054767462740163,trend_exit
2025-02-25,2025-02-25,2025-03-06,3231.T,811.7736091308593,821.74462890625,0.011270722580252857,0.6134947157398035,0.461864406779661,trend_exit
2025-02-26,2025-02-26,2025-03-10,3407.T,989.0922301025388,983.274658203125,-0.006875846711394962,0.6363791267416838,0.47516556291390727,trend_exit
2025-03-03,2025-03-03,2025-03-11,7011.T,2270.4134089355466,2421.471923828125,0.06546695081334852,0.6018568741573449,0.5054767462740163,trend_exit
2025-02-26,2025-02-26,2025-03-13,7267.T,1349.2113889160155,1386.1007080078125,0.026314051804968264,0.691341318557215,0.5277992277992278,trend_exit
2025-03-05,2025-03-05,2025-03-13,7261.T,976.8693260498047,980.1654052734376,0.0023707508840762337,0.6162456135931098,0.5054767462740163,trend_exit
2025-03-11,2025-03-11,2025-03-18,5344.T,32013.42480273437,31054.009765625,-0.03093917795356893,0.7047035473064022,0.5054767462740163,trend_exit
2025-02-20,2025-02-20,2025-03-24,9503.T,1661.238802856445,1820.1993408203125,0.09459226352818706,0.6864630149194147,0.5277992277992278,trend_exit
2025-03-10,2025-03-10,2025-03-24,8593.T,991.2968250732422,1003.3178100585938,0.011114397722880698,0.6031981434991973,0.5054767462740163,trend_exit
2025-03-06,2025-03-06,2025-03-25,9502.T,1572.9643372802732,1648.1993408203125,0.04678224576054535,0.6013448833376687,0.5054767462740163,trend_exit
2025-03-13,2025-03-13,2025-03-25,7337.T,1187.591923095703,1215.2952880859375,0.022304016377193037,0.6031811679571537,0.5054767462740163,trend_exit
2025-03-05,2025-03-05,2025-03-26,8308.T,1225.676234008789,1364.7535400390625,0.11235638635157463,0.6203957622119437,0.5054767462740163,trend_exit
2025-03-13,2025-03-13,2025-03-26,8601.T,988.2082904052735,1027.16650390625,0.038383655920873005,0.6242276209514556,0.5054767462740163,trend_exit
2025-03-05,2025-03-05,2025-03-27,3941.T,780.6229216918945,800.4993286132812,0.02443677614721973,0.6291310489472185,0.5054767462740163,trend_exit
2025-03-05,2025-03-05,2025-03-27,7313.T,1666.1445826416013,1681.2811279296875,0.008075688208777132,0.6172517189556167,0.5054767462740163,trend_exit
2025-03-18,2025-03-18,2025-03-27,4188.T,759.5790106201171,753.170166015625,-0.009428926642747304,0.6135829391875554,0.5,trend_exit
2025-02-26,2025-02-26,2025-03-30,1332.T,838.926894958496,890.9766235351562,0.06098117995806551,0.665184708068741,0.4561224489795919,trend_exit
2025-03-24,2025-03-24,2025-03-30,4689.T,529.8410182495116,506.2999877929687,-0.0453859358110541,0.6406165122369889,0.5054767462740163,trend_exit
2025-04-10,2025-04-10,2025-04-20,7951.T,1024.1489192504882,981.1741943359376,-0.04291944099404532,0.6017380407278322,1.0,trend_exit
2025-04-09,2025-04-09,2025-04-21,3231.T,859.0930981445312,860.9833984375,0.0011981435967236553,0.6180675167762855,0.5054767462740163,trend_exit
2025-04-09,2025-04-09,2025-04-22,2127.T,548.7410639648436,572.43701171875,0.04213920236825763,0.6273199829188192,0.5294117647058824,trend_exit
2025-04-09,2025-04-09,2025-04-23,3697.T,1208.7074999999998,1207.5,-0.0019980019980018193,0.6974993242571359,0.5054767462740163,trend_exit
2025-04-09,2025-04-09,2025-04-24,8801.T,1391.3444222412109,1396.8819580078125,0.002976009205487795,0.6494526424942118,0.5054767462740163,trend_exit
2025-04-09,2025-04-09,2025-04-30,3941.T,728.7573872680663,773.0783081054688,0.05975629652626546,0.6449801267821491,0.5054767462740163,trend_exit
2025-04-10,2025-04-10,2025-04-30,5020.T,648.2910760498046,673.2858276367188,0.03751627418269288,0.6237305275543958,1.0,trend_exit
2025-04-09,2025-04-09,2025-05-01,8439.T,1385.8109401855468,1458.0401611328125,0.051068424078581254,0.6068674602551697,0.5054767462740163,trend_exit
2025-04-10,2025-04-10,2025-05-06,7180.T,594.9220254516601,698.1304931640625,0.17230886205870966,0.6557894569331244,1.0,trend_exit
2025-04-23,2025-04-23,2025-05-07,6965.T,1240.274069213867,1311.192626953125,0.05612256745513089,0.642910663378698,0.596551724137931,trend_exit
2025-04-10,2025-04-10,2025-05-15,5110.T,1471.5606667480467,1705.8052978515625,0.15802190902502433,0.6020837393781999,1.0,trend_exit
2025-05-11,2025-05-11,2025-05-15,9504.T,747.6155209960937,725.1199951171875,-0.03105960914653716,0.6182512085561577,0.596551724137931,trend_exit
2025-05-28,2025-05-28,2025-06-03,7201.T,381.18078778076165,363.2000122070313,-0.04812408225696829,0.6116386350030399,0.6178151260504203,trend_exit
2025-06-01,2025-06-01,2025-06-05,3391.T,2266.948032958984,2232.344482421875,-0.016249113117714598,0.6144721786957414,0.6206896551724139,trend_exit
2025-06-01,2025-06-01,2025-06-08,3861.T,672.682691833496,667.411865234375,-0.008827696232483584,0.6085468511481833,0.5517790759426447,trend_exit
2025-06-09,2025-06-09,2025-06-15,2501.T,1445.557272338867,1451.0369873046875,0.002786937643776355,0.6058079204946942,0.6206896551724139,trend_exit
2025-06-09,2025-06-09,2025-06-16,1911.T,1416.1962756347655,1398.042236328125,-0.013806053496507764,0.6343065275521376,0.6178151260504203,trend_exit
2025-06-05,2025-06-05,2025-06-18,6323.T,1661.423924316406,1787.6297607421875,0.07488649034365569,0.6493917379827869,0.6941747572815534,trend_exit
2025-06-15,2025-06-15,2025-06-19,8418.T,1525.8547747802734,1496.8118896484375,-0.020014812370254598,0.6549580576937051,0.6178151260504203,trend_exit
2025-05-29,2025-05-29,2025-06-22,7313.T,1578.3273609619139,1646.6004638671875,0.042213360858675664,0.6171287421287326,0.6178151260504203,trend_exit
2025-06-05,2025-06-05,2025-06-22,4194.T,9141.132,10690.0,0.16826996918981152,0.6299921867546844,0.6178151260504203,trend_exit
2025-06-08,2025-06-08,2025-06-22,7867.T,3023.0168229980463,3148.718017578125,0.040539793106728395,0.616676764506673,0.6178151260504203,trend_exit
2025-06-09,2025-06-09,2025-06-22,8804.T,2510.2381992187497,2551.19189453125,0.015298350343772471,0.609911678604355,0.6178151260504203,trend_exit
2025-06-16,2025-06-16,2025-06-22,8331.T,1282.3282884521484,1269.2266845703125,-0.011206826438924455,0.6368617029742418,0.6206896551724139,trend_exit
2025-06-09,2025-06-09,2025-06-24,3349.T,8780.011474609373,8903.580078125,0.013059780590161774,0.6232207535253065,0.6178151260504203,trend_exit
2025-06-23,2025-06-23,2025-06-30,8418.T,1524.8710039062498,1507.622802734375,-0.012299941389509406,0.6724282394784138,0.6206896551724139,trend_exit
2025-06-24,2025-06-24,2025-06-30,7205.T,362.5622122192383,355.6000061035156,-0.02018358746498705,0.768462780673975,0.8458781362007168,trend_exit
2025-06-05,2025-06-05,2025-07-01,6315.T,1575.5739999999998,1929.0,0.22309139399355415,0.629472243133369,0.6206896551724139,trend_exit
2025-06-08,2025-06-08,2025-07-01,5344.T,35589.683035156246,39958.4453125,0.12163086217303953,0.614808255933913,0.5916585838991271,trend_exit
2025-06-24,2025-06-24,2025-07-06,8331.T,1294.1606656494139,1315.03125,0.01511060691276156,0.634638116674328,0.6178151260504203,trend_exit
2025-06-24,2025-06-24,2025-07-06,6952.T,1075.2712185058592,1069.778564453125,-0.006103048704592107,0.6024320032547792,0.5517790759426447,trend_exit
2025-06-30,2025-06-30,2025-07-07,3401.T,1157.552880859375,1165.223876953125,0.00562028078748944,0.6084995668088031,0.5517790759426447,trend_exit
2025-06-19,2025-06-19,2025-07-09,5938.T,1581.6285103759765,1687.9566650390625,0.06615978234558528,0.6101997691161938,0.6178151260504203,trend_exit
2025-07-08,2025-07-08,2025-07-15,4188.T,765.9137692260741,758.66845703125,-0.0104502373158053,0.7034858129224435,0.6178151260504203,trend_exit
2025-07-08,2025-07-08,2025-07-15,4755.T,783.9832122192382,785.0,0.00029565401037823236,0.6017203286638109,0.6178151260504203,trend_exit
2025-06-24,2025-06-24,2025-07-16,7180.T,709.1896212768554,749.8839721679688,0.056324099677357964,0.6034764905773622,0.6206896551724139,trend_exit
2025-06-30,2025-06-30,2025-07-16,7267.T,1367.754327392578,1462.30908203125,0.06806225627822204,0.6472867658213586,0.6941747572815534,trend_exit
2025-07-02,2025-07-02,2025-07-16,7205.T,386.9866061096191,379.7000122070313,-0.019810230622357095,0.7377651661959514,0.6941747572815534,trend_exit
2025-07-07,2025-07-07,2025-07-21,8425.T,1052.024850830078,1079.4315185546875,0.025025298770539273,0.6643223004150891,0.6178151260504203,trend_exit
2025-07-09,2025-07-09,2025-07-21,5831.T,1648.322945800781,1666.2969970703125,0.00989354320038216,0.648030092641221,0.5674418604651162,trend_exit
2025-07-16,2025-07-16,2025-07-27,7735.T,12011.786896484373,10929.6162109375,-0.09100230558350475,0.6354761004237122,0.5589686098654708,stoploss
2025-07-22,2025-07-22,2025-07-27,3635.T,2090.0879999999997,2042.5,-0.023745650900823256,0.6500504594374557,0.5964285714285714,trend_exit
2025-06-24,2025-06-24,2025-07-28,4004.T,3092.4409140625,3585.43017578125,0.15825810262613738,0.6093829110462733,0.6178151260504203,trend_exit
2025-06-25,2025-06-25,2025-07-28,5832.T,1718.9670056152343,1887.4010009765625,0.09688760390182316,0.6407065591007337,0.6206896551724139,trend_exit
2025-07-03,2025-07-03,2025-07-28,8418.T,1540.6115822753904,1648.6552734375,0.06906025964801144,0.6486235492550922,0.5916585838991271,trend_exit
2025-07-16,2025-07-16,2025-07-28,2503.T,1961.1129624023436,1947.83203125,-0.00776536766395064,0.6272014172078828,0.5435897435897438,trend_exit
2025-07-21,2025-07-21,2025-07-29,8078.T,5908.324296874999,5971.0546875,0.00960667239737023,0.6373075394277976,0.5435897435897438,trend_exit
2025-07-21,2025-07-21,2025-07-29,9044.T,2185.0141301269528,2215.041015625,0.012728450630571597,0.627765720540634,0.5118818240205523,trend_exit
2025-07-15,2025-07-15,2025-07-31,4519.T,6687.822743164062,7211.70263671875,0.07725506652311931,0.6820437692775592,0.59375,trend_exit
2025-07-22,2025-07-22,2025-08-03,6432.T,5198.412946289062,5251.57080078125,0.009215559476783097,0.6215506170970606,0.59375,trend_exit
2025-07-30,2025-07-30,2025-08-04,6856.T,10996.07884375,10872.7021484375,-0.01220884274918077,0.6374771274798118,0.5589686098654708,trend_exit
2025-07-31,2025-07-31,2025-08-05,3769.T,8460.577125,8163.28125,-0.03610382031119419,0.667464666784909,0.5589686098654708,trend_exit
2025-08-04,2025-08-04,2025-08-11,4612.T,1288.9487939453124,1174.029296875,-0.0900683773572103,0.6494256465524585,0.5589686098654708,stoploss
2025-07-31,2025-07-31,2025-08-12,9605.T,5309.447698242187,5294.154296875,-0.0038775324354126672,0.7369582686513201,0.5589686098654708,trend_exit
2025-07-31,2025-07-31,2025-08-14,9435.T,40774.464199218746,41863.84765625,0.025690579384610945,0.6751218740429228,0.5896414342629482,trend_exit
2025-08-03,2025-08-03,2025-08-14,7735.T,11491.044995117187,11449.837890625,-0.0045824328775309064,0.6578646542255102,0.5964285714285714,trend_exit
2025-08-11,2025-08-11,2025-08-14,6315.T,1861.86,1745.0,-0.06370242660565228,0.6996546857386637,0.5964285714285714,trend_exit
2025-07-31,2025-07-31,2025-08-17,7752.T,1324.9566896972656,1329.0517578125,0.0020876277533674603,0.6270611877389907,0.5674418604651162,trend_exit
2025-08-06,2025-08-06,2025-08-19,6857.T,10099.828019531249,10743.42578125,0.06265991210084709,0.7441034357587114,0.5964285714285714,trend_exit
2025-08-12,2025-08-12,2025-08-19,8035.T,21495.759441406248,20716.892578125,-0.03719727874881096,0.6407590292329628,0.5964285714285714,trend_exit
2025-08-03,2025-08-03,2025-08-21,4751.T,1558.8380424804686,1760.2967529296875,0.12810722362056493,0.6474611512302056,0.5589686098654708,trend_exit
2025-08-17,2025-08-17,2025-08-21,9041.T,2942.7535344238277,2898.7080078125,-0.015952486020318957,0.6307571704450237,0.4918918918918919,trend_exit
2025-08-19,2025-08-19,2025-08-24,8267.T,1846.2990444335935,1797.4642333984375,-0.02742365892524601,0.6200426989935274,0.5589686098654708,trend_exit
2025-08-18,2025-08-18,2025-08-25,3769.T,8243.235977539061,8120.052734375,-0.015928610591302794,0.6318983985455741,0.5674418604651162,trend_exit
2025-08-04,2025-08-04,2025-08-26,2501.T,1383.7746041259763,1453.6087646484375,0.04941596091872458,0.6338885391456435,0.5674418604651162,trend_exit
2025-08-04,2025-08-04,2025-08-26,4401.T,2967.696421142578,3264.060302734375,0.0987634109745692,0.6240528684317788,0.5674418604651162,trend_exit
2025-08-14,2025-08-14,2025-08-27,3941.T,869.822994567871,896.766845703125,0.029945269844804612,0.663261740202013,0.571687840290381,trend_exit
2025-08-18,2025-08-18,2025-08-31,5714.T,5080.075,5213.0,0.025139786322052382,0.6656174864738835,0.5896414342629482,trend_exit
2025-08-24,2025-08-24,2025-08-31,7729.T,8317.047019531248,8024.92333984375,-0.03608836192971987,0.6227769777080753,0.6976589739332563,trend_exit
2025-08-25,2025-08-25,2025-08-31,5344.T,41088.09001171875,38849.875,-0.055419097993343214,0.6187528975350429,0.6976589739332563,trend_exit
2025-08-25,2025-08-25,2025-09-01,8473.T,3393.743624755859,3420.16748046875,0.006778263409357388,0.6247585562528769,0.6976589739332563,trend_exit
2025-08-27,2025-08-27,2025-09-02,9507.T,1370.4311959228514,1348.4453125,-0.017026997637512142,0.6286031335939742,0.6976589739332563,trend_exit
2025-08-25,2025-08-25,2025-09-04,1942.T,3837.0368168945306,3959.822998046875,0.030968261141280484,0.6191099520661085,0.6976589739332563,trend_exit
2025-08-27,2025-08-27,2025-09-04,9503.T,2060.196077392578,2063.070068359375,0.00039361345618305066,0.6347300138331136,0.6976589739332563,trend_exit
2025-08-05,2025-08-05,2025-09-09,5406.T,1649.5844599609372,1814.6861572265625,0.09898675398061485,0.6601648016345427,0.5589686098654708,trend_exit
2025-09-01,2025-09-01,2025-09-09,4927.T,1271.2625462646483,1275.85400390625,0.0026081187142952267,0.6731204728664433,0.6976589739332563,trend_exit
2025-09-01,2025-09-01,2025-09-09,2267.T,2425.6368366699216,2429.626708984375,0.0006432313287305647,0.6292348542512147,0.6976589739332563,trend_exit
2025-08-27,2025-08-27,2025-09-11,9041.T,2959.6089960937497,3063.626708984375,0.034110616069516375,0.6267450879346014,0.6976589739332563,trend_exit
2025-09-04,2025-09-04,2025-09-15,4205.T,1690.4977689208984,1686.8514404296875,-0.0031547985627008446,0.6191814496247525,0.6976589739332563,trend_exit
2025-09-03,2025-09-03,2025-09-16,7951.T,976.0292534179687,1007.8258056640624,0.031544880783654916,0.6406458597922349,0.6976589739332563,trend_exit
2025-09-07,2025-09-07,2025-09-16,5801.T,8888.88,8695.0,-0.02278971028971022,0.6662289920918973,0.6976589739332563,trend_exit
2025-09-01,2025-09-01,2025-09-17,7984.T,902.8218417968749,913.4526977539062,0.01076336748780582,0.623965277266832,0.6976589739332563,trend_exit
2025-09-10,2025-09-10,2025-09-17,9531.T,5744.009267089843,5380.61962890625,-0.06420084659775172,0.6358016908491879,0.6976589739332563,trend_exit
2025-09-15,2025-09-15,2025-09-18,9048.T,1767.7659999999998,1745.5,-0.013582962903461171,0.6757075840185567,0.6976589739332563,trend_exit
2025-09-16,2025-09-16,2025-09-21,4732.T,1787.937762939453,1754.1240234375,-0.019893233569224122,0.6583119105368576,0.6976589739332563,trend_exit
2025-08-27,2025-08-27,2025-09-24,8439.T,1836.7767142333983,1906.1016845703125,0.036704988760967616,0.6120158092123129,0.6976589739332563,trend_exit
2025-09-02,2025-09-02,2025-09-28,7201.T,342.342,361.0,0.05344655344655358,0.6413170817965964,0.6976589739332563,trend_exit
2025-09-16,2025-09-16,2025-09-29,4927.T,1286.419900390625,1304.673095703125,0.013174953381590804,0.6933705613841041,0.6976589739332563,trend_exit
2025-09-10,2025-09-10,2025-09-30,5020.T,889.9250467529296,923.0999755859376,0.03624106207045119,0.6222128145243152,0.6976589739332563,trend_exit
2025-09-24,2025-09-24,2025-09-30,8424.T,4410.397690917968,4304.0,-0.02510016072834631,0.6923047898417286,0.6976589739332563,trend_exit
2025-09-24,2025-09-24,2025-09-30,6371.T,2134.4611862792967,2105.0,-0.01478883124331798,0.6110660434853971,0.6976589739332563,trend_exit
2025-09-09,2025-09-09,2025-10-01,5830.T,2044.8190213623045,2149.0,0.04989780394830223,0.6116773407489972,0.6976589739332563,trend_exit
2025-09-24,2025-09-24,2025-10-01,7205.T,381.381,365.0,-0.043908847058453326,0.65421219904984,0.6976589739332563,trend_exit
2025-09-21,2025-09-21,2025-10-05,5831.T,1959.1327126464842,2001.0,0.020348946804968016,0.6008167417535063,0.6976589739332563,trend_exit
2025-09-24,2025-09-24,2025-10-06,7327.T,1342.0823187255858,1426.0,0.06146544077322069,0.6004250639300336,0.6976589739332563,trend_exit
2025-10-05,2025-10-05,2025-10-08,9042.T,4419.415,4304.0,-0.02708933195909413,0.6500360625733206,0.6976589739332563,trend_exit
2025-09-23,2025-09-23,2025-10-09,5076.T,1501.3967474365234,1698.0,0.1298159549740978,0.6360865903252066,0.6976589739332563,trend_exit
2025-10-01,2025-10-01,2025-10-09,7951.T,1001.5004999999999,1013.0,0.010470788581733226,0.621060607391971,0.6976589739332563,trend_exit
2025-10-02,2025-10-02,2025-10-09,7240.T,2609.1065,2596.0,-0.006018343827666639,0.6432032250368596,0.6976589739332563,trend_exit
2025-10-05,2025-10-05,2025-10-09,4046.T,1666.6649999999997,1635.0,-0.01998001998001986,0.6390608415557166,0.6976589739332563,trend_exit
2025-09-30,2025-09-30,2025-10-13,6869.T,1827.8259999999998,1777.0,-0.028778997563225328,0.6349992223465284,0.6976589739332563,trend_exit
2025-10-02,2025-10-02,2025-10-13,7071.T,617.617,602.0,-0.026260611349752216,0.618981175425229,0.6976589739332563,trend_exit
2025-10-05,2025-10-05,2025-10-13,8060.T,6008.552843261718,5716.71435546875,-0.049521941457522534,0.6235002549257371,0.6976589739332563,trend_exit
2025-10-06,2025-10-06,2025-10-13,2181.T,266.46621221923823,261.79998779296875,-0.018493993564962286,0.7248354517906155,0.6976589739332563,trend_exit
2025-10-05,2025-10-05,2025-10-14,5471.T,1301.3,1322.5,0.015275109505878737,0.639508838592385,0.6976589739332563,trend_exit
2025-10-19,2025-10-19,2025-10-27,3231.T,931.7307877807616,936.5999755859376,0.004220734015838223,0.6063394593403574,0.49069093918080264,trend_exit
2025-10-20,2025-10-20,2025-10-27,9143.T,1469.4679999999998,1459.0,-0.008116542857687259,0.6195750411820253,0.5228384991843389,trend_exit
2025-10-16,2025-10-16,2025-10-28,3861.T,789.1884244384764,782.9000244140625,-0.008960217648731228,0.6129832052368526,0.5228384991843389,trend_exit
2025-10-19,2025-10-19,2025-10-28,1332.T,1058.0569999999998,1054.5,-0.004358460839066103,0.652688949984603,0.49069093918080264,trend_exit
2025-10-19,2025-10-19,2025-10-28,6592.T,1252.754677001953,1262.0076904296875,0.006378747478659186,0.6122861613327302,0.47839999999999994,trend_exit
2025-10-20,2025-10-20,2025-10-28,4666.T,1781.6466881103513,1772.0,-0.006409064258673047,0.6739755231372984,0.5228384991843389,trend_exit
2025-10-20,2025-10-20,2025-10-28,9006.T,1428.9274999999998,1407.5,-0.01598051685617352,0.6358585308833424,0.5228384991843389,trend_exit
2025-10-20,2025-10-20,2025-10-28,9409.T,3088.0849999999996,3090.0,-0.0003804947078852594,0.6217894410992169,0.5228384991843389,trend_exit
2025-10-19,2025-10-19,2025-10-30,7276.T,2286.7844999999998,2303.5,0.006302299145372059,0.6130495263645714,0.4861407249466952,trend_exit
2025-10-27,2025-10-27,2025-10-30,9009.T,1322.321,1228.0,-0.07225855144098903,0.6272403664370932,0.5228384991843389,stoploss
2025-11-03,2025-11-03,2025-11-10,7182.T,1741.2395,1726.5,-0.009456482006065192,0.6120259014413704,0.5228384991843389,trend_exit
2025-11-06,2025-11-06,2025-11-11,9076.T,2184.6825,2165.5,-0.009771671627341716,0.6529160497778439,0.49069093918080264,trend_exit
2025-11-03,2025-11-03,2025-11-12,2222.T,1859.8579999999997,1957.0,0.05117863836916592,0.6554717085212454,0.5228384991843389,trend_exit
2025-11-06,2025-11-06,2025-11-12,3086.T,2299.4189479980464,2279.30322265625,-0.009739429425834167,0.6717191356618355,0.5228384991843389,trend_exit
2025-11-06,2025-11-06,2025-11-13,9418.T,2030.6139124755857,2015.6453857421875,-0.008364057792962898,0.6353049905589636,0.5228384991843389,trend_exit
2025-11-09,2025-11-09,2025-11-16,4751.T,1524.523,1394.5,-0.08620237280775689,0.6211956183618348,0.5228384991843389,stoploss
2025-10-20,2025-10-20,2025-11-17,5020.T,933.4324999999999,997.2000122070312,0.06724676095467474,0.6387739860569627,0.5228384991843389,trend_exit
2025-11-05,2025-11-05,2025-11-17,8830.T,3324.8214999999996,3459.0,0.03931624599997341,0.6067794491880341,0.49069093918080264,trend_exit
2025-11-13,2025-11-13,2025-11-18,8334.T,1637.6359999999997,1586.5,-0.032194272719945016,0.6010807125288802,0.5228384991843389,trend_exit
2025-11-20,2025-11-20,2025-11-27,6869.T,1560.0584999999999,1486.0,-0.04842414563300024,0.6065910336332748,0.6570977917981076,trend_exit
2025-11-09,2025-11-09,2025-11-30,9843.T,2513.5109999999995,2661.0,0.057619799555283624,0.6348347102478251,0.4861407249466952,trend_exit
2025-11-04,2025-11-04,2025-12-01,5076.T,1693.6919999999998,1959.5,0.1557830467404937,0.6819194466795437,0.5228384991843389,trend_exit
2025-11-19,2025-11-19,2025-12-01,9504.T,990.8899244384763,989.0,-0.0029053927862954243,0.6480962898797887,0.5228384991843389,trend_exit
2025-11-19,2025-11-19,2025-12-02,4666.T,1768.7669999999998,1828.0,0.03245481174173892,0.6448720477891121,0.49069093918080264,trend_exit
2025-11-20,2025-11-20,2025-12-02,7180.T,913.3124244384763,945.0,0.03366052485317361,0.6781879269378809,0.6570977917981076,trend_exit
2025-11-20,2025-11-20,2025-12-02,5463.T,1371.37,1413.0,0.02932614830425062,0.6018375691909741,0.6570977917981076,trend_exit
2025-11-20,2025-11-20,2025-12-02,9301.T,1124.1229999999998,1146.5,0.018886278458851935,0.6041095878960305,0.6353637901861252,trend_exit
2025-11-24,2025-11-24,2025-12-07,7167.T,966.8659244384763,1022.0,0.05596647290362422,0.6338367023339362,0.6570977917981076,trend_exit
2025-11-11,2025-11-11,2025-12-10,7762.T,1071.07,1305.0,0.21718935270337147,0.6566997417739411,0.5228384991843389,trend_exit
2025-12-07,2025-12-07,2025-12-10,3697.T,951.7507877807616,906.4000244140624,-0.048602180302863895,0.6368761506621479,0.6570977917981076,trend_exit
2025-12-07,2025-12-07,2025-12-10,1662.T,1433.4319999999998,1412.0,-0.015936577389091267,0.6077190233546625,0.6570977917981076,trend_exit
2025-12-03,2025-12-03,2025-12-16,5019.T,1162.1609999999998,1164.0,0.0005808145343031423,0.60044143617193,0.6570977917981076,trend_exit
2025-12-10,2025-12-10,2025-12-16,1332.T,1211.2099999999998,1159.0,-0.04406254902122664,0.6351876032804578,0.5903846153846155,trend_exit
2025-12-08,2025-12-08,2025-12-17,7180.T,980.7797877807616,984.2000122070312,0.0024837628633995745,0.6496154185590313,0.6570977917981076,trend_exit
2025-12-08,2025-12-08,2025-12-17,8020.T,1694.1924999999999,1728.0,0.018934979348568692,0.6236131398662486,0.6570977917981076,trend_exit
2025-12-08,2025-12-08,2025-12-17,5076.T,2033.0309999999997,2062.0,0.013234918700206988,0.6055267466699711,0.6570977917981076,trend_exit
2025-12-09,2025-12-09,2025-12-21,7167.T,1041.04,1055.0,0.012396257588565218,0.6356488547292661,0.6570977917981076,trend_exit
2025-12-09,2025-12-09,2025-12-23,7337.T,1551.0494999999999,1586.5,0.021832958909435263,0.653530315167194,0.6570977917981076,trend_exit
2025-12-08,2025-12-08,2025-12-24,6869.T,1468.4669999999999,1550.5,0.05480715603414987,0.620415159075554,0.6570977917981076,trend_exit
2025-12-18,2025-12-18,2025-12-25,9719.T,5675.669999999999,5657.0,-0.004286190000475587,0.6267562164872786,0.5423018292682927,trend_exit
2025-12-22,2025-12-22,2025-12-25,3110.T,10740.73,10200.0,-0.051293534052154754,0.6341893313118098,0.6353637901861252,trend_exit
2025-12-21,2025-12-21,2025-12-29,1860.T,1265.7644999999998,1266.0,-0.0008141324867302346,0.6142004188066921,0.6405579399141631,trend_exit
2025-12-24,2025-12-24,2026-01-12,3941.T,1200.6995,1234.5,0.027122523162539824,0.6067540211798709,0.6405579399141631,trend_exit
2025-12-22,2025-12-22,2026-01-19,5020.T,1097.5964999999999,1209.5,0.10085126911392317,0.618145328542547,0.6570977917981076,trend_exit
2025-12-28,2025-12-28,2026-01-19,5471.T,1613.6119999999999,1972.5,0.2211904100861919,0.6053619928927083,0.6405579399141631,trend_exit
2025-12-21,2025-12-21,2026-01-20,7180.T,1017.5164999999998,1123.5,0.1030548398969453,0.6475280588035264,0.6570977917981076,trend_exit
2025-12-21,2025-12-21,2026-01-20,3405.T,1564.7905222167967,1655.5,0.056911117826201396,0.6026177553564523,0.6405579399141631,trend_exit
2025-12-23,2025-12-23,2026-01-20,5019.T,1176.175,1267.0,0.07614343103704813,0.6518623489857698,0.6570977917981076,trend_exit
2025-12-28,2025-12-28,2026-01-20,7186.T,1301.3,1376.0,0.056346730192884165,0.6248361483536846,0.6570977917981076,trend_exit
2026-01-04,2026-01-04,2026-01-20,8331.T,1793.2914999999998,1968.0,0.09632594589334764,0.6112327931205912,0.6570977917981076,trend_exit
2025-12-21,2025-12-21,2026-01-21,6134.T,3609.6059999999998,4028.0,0.11479535439602007,0.6025202074001365,0.6570977917981076,end_of_data
2025-12-22,2025-12-22,2026-01-21,8020.T,1761.7599999999998,2069.5,0.17350291753700864,0.629381337465656,0.6570977917981076,end_of_data
2026-01-12,2026-01-12,2026-01-21,3116.T,2592.0894999999996,2643.0,0.018621077705843314,0.6584996333254486,0.7796432318992654,end_of_data
2026-01-21,2026-01-21,2026-01-21,4188.T,1020.0189999999999,1019.0,-0.0019980019980019303,0.6559493716553852,0.7796432318992654,end_of_data
2026-01-21,2026-01-21,2026-01-21,9005.T,1808.3065,1806.5,-0.0019980019980019303,0.6813976907214395,0.6591443347437705,end_of_data
2026-01-21,2026-01-21,2026-01-21,9076.T,2445.9435,2443.5,-0.0019980019980019303,0.6686229295489384,0.6145226355894219,end_of_data
