date,nav,cash,n_positions,kospi_nav,kospi200_nav
2017-02-23,99985022.46630055,90000000.0,1,100000000.0,100000000.0
2017-02-24,100013429.35809657,90000000.0,1,99358995.64914145,99080215.47143538
2017-02-27,99970047.17586625,80001497.75336994,2,98950954.38952757,98563523.76415408
2017-02-28,100068871.4433052,59981726.52874546,4,99241327.93706673,98962952.10524388
2017-03-02,100167228.9813781,59981726.52874546,4,99763715.6426887,99912052.47535637
2017-03-03,99258867.58807027,50054352.89420685,5,98629740.51422687,98856682.17963281
2017-03-06,99582164.63862437,50054352.89420685,5,98753576.29185389,99091208.91201586
2017-03-07,99644245.15204641,59865924.54467471,4,99355674.38307483,99626223.02026458
2017-03-08,100006571.06204985,69461035.3679767,3,99420201.83808352,99780131.18839094
2017-03-09,100051841.99897566,59454352.413767464,4,99213808.87537186,99534611.01542747
2017-03-10,100439508.66604936,49408896.98569052,5,99512248.35478713,99780131.18839094
2017-03-13,100872854.04479781,19133437.220684268,8,100472568.71462257,100923449.00875811
2017-03-14,100723568.7652341,0.0,10,101240730.10917476,101832240.09674227
2017-03-15,100549725.62568955,0.0,10,101203721.71586093,101832240.09674227
2017-03-16,101211336.15424918,0.0,10,102014110.63611734,102645754.69969586
2017-03-17,103359393.87346065,0.0,10,102702087.17848957,103287038.73355564
2017-03-20,102973323.34756601,0.0,10,102342915.9767132,102880281.43207885
2017-03-21,103462651.23742925,0.0,10,103356851.06019557,104012605.81186558
2017-03-22,102939983.12930399,10636605.546871725,9,102878588.74660163,103569203.70845395
2017-03-23,103511823.21886635,20654681.18698611,8,103088302.97537991,103635164.3519367
2017-03-24,104536605.27325264,20654681.18698611,8,102909429.07436313,103451940.34226246
2017-03-27,104593489.51622581,8647907.3717091,9,102278862.9882854,102737366.70453297
2017-03-28,105516529.20067342,0.0,10,102641829.92270938,103063505.44175309
2017-03-29,105801985.93689638,0.0,10,102815959.15791671,103287038.73355564
2017-03-30,105171340.78767341,0.0,10,102704933.97797525,103213749.12968597
2017-03-31,106425157.16358113,0.0,10,102495694.2157779,102839972.14995053
2017-04-03,107760554.98887852,0.0,10,102841105.88670687,103191762.24852507
2017-04-04,107595581.89007646,9981999.499820955,9,102536972.80832024,102942577.59536812
2017-04-05,107438799.36016893,9981999.499820955,9,102525111.1437966,102876616.95188539
2017-04-06,107533393.93532369,21867442.44413084,8,102140793.21323001,102411227.96731286
2017-04-07,107717269.10522932,21867442.44413084,8,102092397.62197348,102242661.87841256
2017-04-10,105558657.87166375,65119302.37982558,4,101218904.64645122,101583055.44358532
2017-04-11,105185938.3021034,85578525.08937472,2,100769584.79429501,100952764.850306
2017-04-12,105249535.89297327,75001156.46047753,3,101009664.88425387,101216607.42423686
2017-04-13,105294023.07353014,64470176.87210779,4,101944364.04871823,102282971.16054088
2017-04-14,104495625.34363644,64470176.87210779,4,101292921.43307887,101619700.24552019
2017-04-17,104919894.4918473,22477060.943009958,8,101809141.07314852,101909194.18080546
2017-04-18,106940524.76863983,11781406.520900527,9,101937247.05000402,101956832.42332077
2017-04-19,107229841.90882201,1056816.050866548,10,101459933.66957198,101319212.86965445
2017-04-20,107025318.94746007,518317.87504645996,10,101969985.24408934,101784601.85422698
2017-04-21,106887213.03372854,518317.87504645996,10,102723912.6412131,102623767.81853496
2017-04-24,107366648.95586124,518317.87504645996,10,103136698.56663646,103323683.53549048
2017-04-25,108140983.89192998,518317.87504645996,10,104233190.8352035,104587929.20224267
2017-04-26,109325205.04837412,63649.97947060317,10,104754629.6076636,105089962.98875004
2017-04-27,108695249.5269877,10632444.361448407,9,104831493.19377689,105295173.87958518
2017-04-28,107428161.219583,31563328.342972554,7,104640757.62823646,105247535.63706988
2017-05-02,107623363.57275268,31493425.35915626,7,105315923.57292314,106141668.8042801
2017-05-04,108781137.06867999,20994072.721962065,8,106339347.98802444,107175052.21884277
2017-05-08,111379646.66253318,0.0,10,108783799.81306016,109883103.08182785
2017-05-10,110971325.24370661,0.0,10,107709607.47379756,108538238.850819
2017-05-11,113653951.64128175,0.0,10,108955082.24878179,109842793.79969953
2017-05-12,112231926.43103334,0.0,10,108464009.33750232,109293121.77067682
2017-05-15,112368750.78439169,0.0,10,108683687.36448048,109520319.54267287
2017-05-16,112836139.04574968,0.0,10,108905737.72436339,109813477.95815164
2017-05-17,113572591.77374747,20033104.57355194,8,108798982.74365045,109692550.11176664
2017-05-18,114874471.83621305,20033104.57355194,8,108501966.66397803,109373740.3349335
2017-05-19,115091404.03966205,20936714.75343737,8,108580728.11641513,109230825.60738759
2017-05-22,115637026.73387007,20184411.106288787,8,109318523.64978674,110165268.05672616
2017-05-23,115862269.61696441,0.0,10,109684337.38369636,110432775.11085054
2017-05-24,117154153.36739568,0.0,10,109950038.66902635,110561031.91762248
2017-05-25,118106716.63764818,12067393.047366576,9,111164198.64966808,111847264.4655356
2017-05-26,118290319.57871982,236589.12685048394,10,111751113.81029879,112484884.01920187
2017-05-29,120028150.28363527,236589.12685048394,10,111640563.09693827,112323646.89068854
2017-05-30,120212705.5708159,669713.1623605285,10,111199783.64323908,111616402.21334603
2017-05-31,119624047.04114357,2644756.5866601486,10,111375336.27818926,111645718.05489391
2017-06-01,118654594.24915065,2644756.5866601486,10,111243909.03526711,111411191.3225109
2017-06-02,119798213.19910029,13933329.848434662,9,112530187.9362127,112803693.79603504
2017-06-05,119049684.93951398,35562305.10748882,7,112383103.29611933,112620469.7863608
2017-06-07,120882577.64620237,68180858.02676482,4,111980755.6354768,112015830.55443586
2017-06-08,121942204.36431798,7164061.788511297,9,112143497.67274143,112224705.92546448
2017-06-09,123879368.87886177,7164061.788511297,9,113003231.11741623,113371688.22602515
2017-06-12,120830170.05911869,7164061.788511297,9,111873051.72160198,112221041.44527102
2017-06-13,122460438.81962909,8047565.35167869,9,112671578.97733471,112873318.91971125
2017-06-14,123737008.0642927,0.0,10,112573838.86165977,112847667.55835685
2017-06-15,125345478.0569959,0.0,10,112052400.08919972,112385943.0539778
2017-06-16,127611545.37955035,0.0,10,112060940.48765674,112422587.85591266
2017-06-19,131243201.60533412,0.0,10,112491281.67657511,113089523.25112684
2017-06-20,129343621.70912966,0.0,10,112412045.75755705,113346036.86467075
2017-06-21,129936935.49362105,14605334.143853335,9,111856919.85784982,112690094.91003701
2017-06-22,129673360.84310457,14605334.143853335,9,112466134.94778495,113404668.54776652
2017-06-23,130244806.60874437,506862.74867541716,10,112856620.9439038,113694162.48305178
2017-06-26,133823095.89070493,0.0,10,113333934.32433584,114291472.75458975
2017-06-27,135762242.90671855,0.0,10,113490033.8294672,114375755.79903992
2017-06-28,134061215.40389378,0.0,10,113044509.70995857,113906702.33427389
2017-06-29,132654992.51659814,0.0,10,113666060.93099831,114536992.92755324
2017-06-30,134536618.0816731,0.0,10,113482442.36417207,114243834.51207447
2017-07-03,132320412.34279174,0.0,10,113610073.87444663,114474696.76426399
2017-07-04,130457082.94514428,41170349.90508245,7,112947718.52744552,113767452.08692147
2017-07-05,132369384.58702016,41170349.90508245,7,113319225.86032653,114247498.99226794
2017-07-06,132689187.77493536,27899443.47310584,8,113293604.66495542,114287808.27439629
2017-07-07,132174661.64049229,1456590.1704783868,10,112916878.199684,113840741.69079117
2017-07-10,131490195.09956267,1336581.121289244,10,113022684.24723503,114133900.10626991
2017-07-11,131855816.23930691,1336581.121289244,10,113682192.7947505,114914434.38748212
2017-07-12,133001633.21039458,14434782.374486854,9,113481493.43101017,114910769.90728866
2017-07-13,134161601.02981234,26758754.439773947,8,114322248.21244714,115925830.9208839
2017-07-14,133793763.72092822,25819029.295722343,8,114566124.0350536,116292278.94023235
2017-07-17,135501880.4137597,0.0,10,115062890.54530443,116721023.12287003
2017-07-18,135075693.21450076,0.0,10,115107490.4039134,116768661.36538531
2017-07-19,134987416.00409827,0.0,10,115292532.37048249,116863937.85041593
2017-07-20,136095777.842428,0.0,10,115857147.60180867,117486899.4833083
2017-07-21,136104241.34954655,0.0,10,116247159.13134658,117919308.14613949
2017-07-24,137754187.65102208,36206774.83196832,7,116316905.71874571,117999926.71039614
2017-07-25,137979548.26165536,36206774.83196832,7,115765101.08510508,117318333.394408
2017-07-26,137757424.29045632,49066788.87434342,6,115509363.59797499,117065484.26105756
2017-07-27,138292722.60227352,35235445.019929186,7,115923572.92314115,117450254.68137345
2017-07-28,136162733.77072603,63281839.64415091,5,113918951.61864272,115112316.31793031
2017-07-31,136789502.4344684,63281839.64415091,5,114000559.87056552,115284546.8870241
2017-08-01,138569147.13431942,49422849.195754156,6,114961354.69698192,116178680.05423433
2017-08-02,138292785.52901083,49422849.195754156,6,115182930.59028389,116416871.26681082
2017-08-03,137281932.66071618,63649215.9628254,5,113248055.87318456,114438051.96232915
2017-08-04,139280638.73277715,77013074.3647522,4,113656097.13279843,114866796.14496684
2017-08-07,138119621.2582349,77013074.3647522,4,113812671.10451074,115050020.15464105
2017-08-08,138943469.26738396,63116646.0957868,5,113621935.5389703,114844809.26380594
2017-08-09,137263287.54609722,95052189.06033337,3,112372190.56475756,113422990.94873391
2017-08-10,137469029.05695015,95052189.06033337,3,111948966.37455338,113001575.72648321
2017-08-11,136567856.41946408,94825453.21883163,3,110062487.24871063,110931144.41716444
2017-08-14,136714103.57922053,94825453.21883163,3,110750938.2576638,111740994.53992452
2017-08-16,136874612.3912971,81135941.62849018,4,111417089.33731253,112558173.6230716
2017-08-17,137094313.41299376,67424456.64490668,5,112053349.02236162,113239766.93905969
2017-08-18,136985904.4406046,53723814.18250438,6,111896775.0506493,113008904.68687017
2017-08-21,137784191.28586084,25548604.096033,8,111736879.81287037,112917292.68203306
2017-08-22,138367400.01611972,11709791.381583117,9,112227003.79098798,113357030.3052512
2017-08-23,138224069.49608502,0.0,10,112277771.71514924,113492616.07241012
2017-08-24,138506950.52386793,0.0,10,112725668.16756262,113866393.05214557
2017-08-25,139200521.78074408,0.0,10,112852350.7446753,114042288.10143282
2017-08-28,138836772.52533582,0.0,10,112462813.68171833,113426655.4289274
2017-08-29,137690326.6625925,28342573.577745415,8,112199010.26271214,113100516.69170728
2017-08-30,138478325.8269851,55231622.30590384,6,112557232.53132665,113470629.19124922
2017-08-31,138840584.98498476,55231622.30590384,6,112125467.94266544,112968595.40474182
2017-09-01,138573560.4857272,55231622.30590384,6,111864511.32314494,112785371.39506762
2017-09-04,136878716.90128574,93539911.47945271,3,110534107.03017132,111469823.00560667
2017-09-05,136926007.22743854,107095926.86306192,2,110390343.65614457,111422184.76309136
2017-09-06,137596553.7001667,107095926.86306192,2,110067706.38110106,111099710.50606473
2017-09-07,137337701.05046988,79620156.26736762,4,111318874.75505662,112488548.49939539
2017-09-08,137164370.81028968,52179062.10705896,6,111201681.50956286,112657114.58829565
2017-09-11,137094169.93894368,67267043.14965501,5,111930462.17789648,113536589.83473194
2017-09-12,138246878.5470165,53440284.38750022,6,112233646.3231212,113752794.16614754
2017-09-13,137696716.4621337,53440284.38750022,6,111982653.50180058,113598885.9980212
2017-09-14,139119699.19781345,67032824.07334285,5,112812021.08529484,114522335.00677928
2017-09-15,141147637.73495567,52915945.93966751,6,113211047.47987077,114951079.18941699
2017-09-18,142885171.38740617,38625288.412879944,7,114735983.07103239,116871266.81080289
2017-09-19,143936086.7111959,24229523.611235894,8,114633498.28954798,116717358.64267653
2017-09-20,145515043.3758524,9675839.490706991,9,114450828.65588361,116706365.20209609
2017-09-21,143501351.2953246,0.0,10,114180382.70474418,116622082.15764594
2017-09-22,139989795.83822984,26531237.68344964,8,113336306.6572406,116057752.20784931
2017-09-25,139405056.74552453,81937963.31529978,4,112942024.92847416,115944153.32185128
2017-09-26,139702051.80948263,83639736.75368267,4,112653549.24725877,115170948.00102608
2017-09-27,140402389.7288184,69597394.58427022,5,112570517.59559315,114998717.43193229
2017-09-28,141060451.32868272,41376850.83563344,7,112597562.19070709,115009710.87251274
2017-09-29,141319977.0540172,44133994.06119502,7,113609599.4078657,115896515.079336
2017-10-10,140599044.9401019,1935319.617107708,10,115476150.93730871,118175821.7596834
2017-10-11,142141560.27869105,1935319.617107708,10,116631477.06191312,119506028.06991827
2017-10-12,146946276.46824056,1935319.617107708,10,117419091.58628412,120235259.62842172
2017-10-13,147553617.64645284,14812200.416679148,9,117365002.39605623,119956759.13371691
2017-10-16,148033755.48267102,6607.355721933767,10,117670084.40760475,120128989.70281065
2017-10-17,148936191.31875628,6607.355721933767,10,117875053.97057356,120381838.83616109
2017-10-18,150254448.41480622,630746.697819028,10,117805781.8497554,120341529.55403277
2017-10-19,148447516.83554357,630746.697819028,10,117338432.26752323,119634284.87669025
2017-10-20,150761414.08475253,630746.697819028,10,118120353.19292285,120521089.08351351
2017-10-23,149429546.10079035,630746.697819028,10,118144550.98855112,120726299.97434865
2017-10-24,150593572.85675883,4293937.232682986,10,118165427.51811275,120546740.44486788
2017-10-25,150061118.98327944,3640200.8879397977,10,118260795.30088298,120674997.25163986
2017-10-26,148030572.26473847,16129736.234930828,9,117697603.46929964,119824837.84675144
2017-10-27,150132587.60015127,16129736.234930828,9,118456749.99881384,120645681.410092
2017-10-30,150974907.8597347,16129736.234930828,9,118708217.28671539,121067096.6323427
2017-10-31,151445664.10784912,30286161.659350865,8,119728320.4357501,122236065.81406428
2017-11-01,151755552.50691766,30182283.751818165,8,121295958.0191969,124137931.03448276
2017-11-02,150145389.65184247,14426760.633216735,9,120816272.30586015,123687199.97068416
2017-11-03,150781244.19990775,0.0,10,121367128.00633886,124163582.39583716
2017-11-06,152716305.03211528,31366116.61576195,8,120960984.61304876,123639561.72816886
2017-11-07,150927010.26436648,45266202.70743407,7,120772621.38041307,123405034.99578586
2017-11-08,152836369.1507662,56142559.34031962,6,121102850.12075175,123786140.93590826
2017-11-09,153600914.89953873,24385602.222578377,8,121016022.73643857,123544285.24313825
2017-11-10,152146869.49242944,9168636.147113448,9,120654479.2017574,123111876.5803071
2017-11-13,153695186.23769096,8382151.231891418,9,120056651.309765,122514566.30876909
2017-11-14,153043170.12117043,24145832.648143522,8,119880624.2082339,122254388.2150317
2017-11-15,156238550.03448364,24145832.648143522,8,119482546.74681988,121723038.58697644
2017-11-16,155631007.66761178,23119683.049618293,8,120267314.47170518,122525559.74934955
2017-11-17,155044226.67339432,37561179.408502,7,120229357.14522946,122459599.10586683
2017-11-20,155365323.95491558,37561179.408502,7,119929494.26607136,121997874.60148779
2017-11-21,154860181.20680028,58001162.35894227,6,120073257.64009811,122214078.93290336
2017-11-22,155369612.62595713,42461873.694150135,7,120538709.35600652,122939646.01121332
2017-11-23,157283288.2889086,57508656.27070446,6,120379288.58480853,122580526.95225184
2017-11-24,157412062.26913902,41765092.04615334,7,120719955.589928,122921323.6102459
2017-11-27,157254866.41136873,27287675.830090478,8,118987203.63631187,120755615.81589651
2017-11-28,157035920.66384998,26925127.606545694,8,119289913.31495567,121290629.92414528
2017-11-29,156604515.7656329,60109024.97431001,6,119228707.12601356,121177031.03814726
2017-11-30,156208626.73597574,58979150.247787535,6,117495480.70581648,119187218.29308514
2017-12-01,156291653.68937355,58979150.247787535,6,117449931.91404562,119014987.72399135
2017-12-04,157533519.71663737,74183530.34088197,5,118695881.1556108,120477115.3211917
2017-12-05,159835933.6718523,74183530.34088197,5,119096805.4165105,120784931.65744439
2017-12-06,160604739.80762187,74183530.34088197,5,117400587.3896272,118919711.23896074
2017-12-07,160165818.80983347,58164549.21160168,6,116812723.29583465,118578914.58096668
2017-12-08,158947518.68539953,75923515.1892406,5,116908565.54518583,118978342.92205651
2017-12-11,159644737.88986877,59956649.957632914,6,117263941.01431464,119128586.60998937
2017-12-12,159622528.65270704,75054573.90571053,5,116766225.5709019,118754809.63025396
2017-12-13,160013991.3842214,11010608.526033146,9,117693807.73665208,119528014.9510792
2017-12-14,157786930.953739,42763861.608856775,7,117168573.23154444,119000329.80321743
2017-12-15,159318869.65244514,26829588.082425073,8,117765926.65695591,119546337.35204662
2017-12-18,159931171.37658146,26829588.082425073,8,117756911.79191794,119681923.11920556
2017-12-19,158646650.4210267,10962546.5488296,9,117597965.4873009,119740554.8023013
2017-12-20,162197802.55104077,0.0,10,117305694.07343791,119385100.2235333
2017-12-21,159521788.37435362,65387511.62415205,6,115287313.23809206,117160760.74608819
2017-12-22,163621717.33791518,63380612.07493869,6,115795466.94628564,117706768.29491737
2017-12-26,163796016.62926933,30611592.767265253,8,115169171.05943643,116856608.89002895
2017-12-27,166952835.10214025,13913808.34076169,9,115611848.3794594,117354978.19634286
2017-12-28,170096015.96256799,0.0,10,117074154.38193609,119000329.80321743
2018-01-02,170865062.8749663,0.0,10,117651105.7443669,119462054.30759646
2018-01-03,170115524.53144953,0.0,10,117968998.35360095,119876140.56946023
2018-01-04,168296685.45636067,30765557.319990903,8,117025284.32409862,118941698.12012166
2018-01-05,169652225.9928718,29905942.137958873,8,118498977.52451806,120550404.92506139
2018-01-08,171029413.75030556,45239436.412401035,7,119246736.85608955,121396899.8497563
2018-01-09,172700983.9974395,39664492.70398656,7,119102024.54890089,121019458.38982742
2018-01-10,182754805.60659233,21386274.51703872,8,118604783.5720691,120052035.61874749
2018-01-11,185137700.57169607,4.656612873077393e-10,10,118043015.14022858,119341126.46121149
2018-01-12,195805523.31337053,4.656612873077393e-10,10,118446786.20061395,119725896.88152736
2018-01-15,200951352.86593258,13872129.434099397,9,118793621.27128574,119971417.05449082
2018-01-16,204832321.9471411,0.0,10,119648135.58357015,120935175.34537725
2018-01-17,200304999.3086676,0.0,10,119348747.170993,120631023.48931804
2018-01-18,198201443.0683809,0.0,10,119366776.90106896,120609036.60815714
2018-01-19,192219788.7633937,32965821.16327645,9,119577914.52959013,120751951.33570302
2018-01-22,191961155.65559918,32965821.16327645,9,118716757.68517245,119560995.27282056
2018-01-23,196903154.94219998,11028211.732941411,10,120353192.92285646,121268643.04298437
2018-01-24,198824268.22966358,16737156.075297382,10,120419618.24418896,121261314.08259739
2018-01-25,198130115.32536817,16737156.075297382,10,121569250.76982202,122422954.303932
2018-01-26,198946860.9335841,16737156.075297382,10,122163757.39574783,122899336.72908497
2018-01-29,201114321.78305697,16737156.075297382,10,123275432.59490517,123877752.94074537
2018-01-30,201533691.39980978,38477081.68581567,8,121830681.85592344,122173769.65077505
2018-01-31,200292046.66678983,61137929.26515879,7,121769950.13356233,122166440.69038807
2018-02-01,200789731.18639064,74968504.64204171,6,121868639.18239918,122159111.7300011
2018-02-02,200533966.047189,34849693.81578128,8,119821315.88561557,119832166.80713841
2018-02-05,194479841.09083134,72954436.72077464,6,118225210.307312,118468980.17516217
2018-02-06,194536078.80848125,135161687.70883316,3,116401360.77015415,116534134.63300231
2018-02-07,195118172.39008147,135161687.70883316,3,113708762.92328349,113774781.04730844
2018-02-08,196973251.0810783,135161687.70883316,3,114233522.96181017,114192531.78936568
2018-02-09,195289782.69990137,173121176.2862615,1,112152987.00436033,111704349.73798966
2018-02-12,196190945.56224447,173121176.2862615,1,113178309.28578545,112913628.20183957
2018-02-13,195920596.70354155,173121176.2862615,1,113643761.00169384,113917695.77485436
2018-02-14,196041423.94520804,153514097.2348683,2,114907739.97333497,115211257.28315438
2018-02-19,195667177.811934,94787556.52901389,5,115903645.32674143,116021107.40591449
2018-02-20,193065006.57914189,0.0,10,114589372.89751996,114635933.89277731
2018-02-21,197206372.31522036,0.0,10,115278772.83963503,115236908.6445088
2018-02-22,195551477.412175,0.0,10,114549517.70472048,114394078.20000733
2018-02-23,196899924.26222524,0.0,10,116316431.25216475,116094397.00978416
2018-02-26,197331740.50932658,2759147.9147794135,10,116607279.26628487,116288614.46003884
2018-02-27,196754043.8669933,37724285.6119775,8,116535634.81256197,116101725.97017112
2018-02-28,192625446.66931435,74611285.59440985,6,115170119.99259833,114646927.33335777
2018-03-02,193348573.84624094,93047359.23218316,5,113974464.20861346,112994246.76609623
2018-03-05,190254253.36508298,130406912.65947889,3,112688659.7742488,111612737.73315254
2018-03-06,192720042.95378315,149452688.9919157,2,114413345.79598886,113767452.08692147
2018-03-07,192153961.73397434,149452688.9919157,2,113958332.3448613,114016636.74007842
2018-03-08,193926083.73622042,149452688.9919157,2,115441514.87689964,115350507.53050679
2018-03-09,193146656.22933945,110811782.83656543,4,116692683.2508552,116409542.30642384
2018-03-12,195402164.61863536,52164781.82795547,7,117863192.30604991,117519879.80504966
2018-03-13,195226386.61442363,0.0,10,118355214.15049128,118355381.28916414
2018-03-14,195331274.10898077,0.0,10,117956187.7559154,117992597.75000916
2018-03-15,198429265.2085028,0.0,10,118255101.70191163,118267433.76452051
2018-03-16,199493137.1800157,0.0,10,118330541.88828209,118318736.48722929
2018-03-19,200891385.4207748,0.0,10,117431902.18396968,117391622.9982777
2018-03-20,202384990.12379566,0.0,10,117929617.62738241,117919308.14613949
2018-03-21,204870456.35294574,18672374.241390884,9,117903521.96543035,117849683.02246328
2018-03-22,201802783.5554327,0.0,10,118427807.53737609,118479973.61574261
2018-03-23,199987988.74298638,14714907.109454207,9,114667185.41679516,114485690.20484444
2018-03-26,203841589.5102056,75140890.14889447,6,115631301.50927818,115390816.81263512
2018-03-27,207095996.66475087,12984162.514985688,9,116342052.44753586,115922166.44069038
2018-03-28,207809792.3556343,12984162.514985688,9,114787225.4617746,114262156.91304189
2018-03-29,209497383.94155544,0.0,10,115597614.382031,114998717.43193229
2018-03-30,212844195.81144857,0.0,10,116047408.70076816,115288211.36721757
2018-04-02,213814150.00331888,0.0,10,115967223.84858821,115064678.075415
2018-04-03,217279733.48935965,3.725290298461914e-09,10,115885141.13008448,114837480.30341896
2018-04-04,225672447.39984465,0.0,10,114254399.49137181,113063871.88977244
2018-04-05,230999748.57709393,9180091.820451127,9,115652178.03883983,114712887.9768405
2018-04-06,241421837.44175777,0.0,10,115275451.5735684,114188867.30917221
2018-04-09,246162408.37383318,0.0,10,115963428.11594065,114863131.66477336
2018-04-10,245381440.38167515,0.0,10,116279422.85885091,115042691.1942541
2018-04-11,245766647.9269188,0.0,10,115970070.6480739,114676243.17490563
2018-04-12,237562231.48128656,0.0,10,115898426.194351,114778848.62032321
2018-04-13,239504150.57479674,4133602.938882157,10,116484866.88840072,115379823.37205468
2018-04-16,240996104.4170943,1455746.5022398569,10,116599687.80098973,115493422.2580527
2018-04-17,242795089.9006849,10363860.985889742,9,116423186.23287769,115299204.80779801
2018-04-18,241256612.6521114,51871559.68155611,8,117666763.14153813,116764996.88519184
2018-04-19,241971890.95937806,51871559.68155611,8,117957136.6890773,117307339.95382756
2018-04-20,242120195.94993693,27655913.179947104,9,117493582.8394927,116490160.8706805
2018-04-23,245902550.0640226,654930.897964187,10,117388251.25852261,116490160.8706805
2018-04-24,243038859.84724155,21570576.85554198,9,116915208.07731906,115746271.39140314
2018-04-25,242895355.70745212,44145997.04595273,8,116187850.8087283,115061013.59522152
2018-04-26,243835725.23913944,44145997.04595273,8,117460844.64540738,116559785.9943567
2018-04-27,244861707.50638336,44145997.04595273,8,118256050.63507351,117556524.60698451
2018-04-30,253582237.76790372,44145997.04595273,8,119346374.83808827,118567921.14038624
2018-05-02,262804167.29944077,40160013.139461815,8,118882820.98850366,118190479.68045732
2018-05-03,255131127.08778787,14643078.62321679,9,118011700.34588613,117464912.6021474
2018-05-04,261662962.93741333,14643078.62321679,9,116784255.30097787,116072410.12862326
2018-05-08,258809318.5516518,0.0,10,116235297.4668229,115749935.87159663
2018-05-09,262763056.14827296,52433284.75198835,8,115958683.45013118,115218586.24354136
2018-05-10,263228034.21256697,25572801.699831877,9,116916157.01048094,116277621.0194584
2018-05-11,265112824.14928097,0.0,10,117559059.2276633,116717358.64267653
2018-05-14,274193175.1882424,0.0,10,117483144.57471187,116427864.70739128
2018-05-15,271561744.02494913,0.0,10,116649506.79198909,115409139.21360256
2018-05-16,264485257.25906375,0.0,10,116710238.51435025,115786580.67353147
2018-05-17,269919332.7138963,0.0,10,116170770.01181419,115170948.00102608
2018-05-18,279125380.46385735,0.0,10,116749619.24056879,115566711.8619224
2018-05-21,277679328.26808965,18689722.265741456,10,116983056.7983944,115889186.11894903
2018-05-23,279158421.8317524,17235996.596955374,10,117283868.61071438,116644069.03880684
2018-05-24,277922518.4937133,15848807.365041371,10,117003933.32795605,116339917.18274763
2018-05-25,279940939.57714397,39423109.42969863,9,116756736.239283,116548792.55377626
2018-05-28,279836432.8903226,39423109.42969863,9,117618367.55028158,116893253.69196379
2018-05-29,279708674.80792105,39423109.42969863,9,116588300.60304701,115870863.7179816
2018-05-30,281393957.12607193,38001485.40953991,9,114300422.74972363,113327714.46370333
2018-05-31,284130976.1620606,38001485.40953991,9,114963727.02988666,113936018.17582178
2018-06-01,287003821.09328175,38001485.40953991,9,115720501.22649612,114778848.62032321
2018-06-04,288954143.69268686,72652397.8946257,8,116138031.81772892,115372494.4116677
2018-06-05,289691037.0554143,14696829.854074866,10,116422711.76629674,115709626.58946829
2018-06-07,294713437.3882068,12412602.22869628,10,117220764.55544852,116409542.30642384
2018-06-08,295070082.6320748,9249956.435919631,10,116319278.05165043,115420132.65418303
2018-06-11,296827734.815271,9249956.435919631,10,117200362.49246784,116244640.69771706
2018-06-12,299345313.6181528,9249956.435919631,10,117137732.9037829,116105390.4503646
2018-06-14,298478808.9203085,9249956.435919631,10,114986026.95919113,114038623.62123933
2018-06-15,297774977.5425197,64320873.455878794,8,114063663.92583138,113133497.01344866
2018-06-18,291063949.1273357,121216736.52794321,6,112744646.83080046,111894902.70805088
2018-06-19,287207044.72213024,180161867.56235164,4,111030399.07384123,110429110.63065706
2018-06-20,290330333.47344005,209695769.12290567,3,112159629.53649358,111407526.8423174
2018-06-21,289579794.3366138,225623382.13855702,2,110922220.69338544,110308182.78427206
2018-06-22,289363042.4429513,254261399.53240886,1,111842211.39384045,111286598.99593243
2018-06-25,290981368.3087468,225158903.86543828,2,111873526.18818294,111169335.62974092
2018-06-26,288085463.8365892,196346042.02568755,3,111543297.44784425,110945802.33793835
2018-06-27,287982430.8426463,167543485.0287424,4,111121496.65738294,110758913.84807067
2018-06-28,286128153.9496492,167543485.0287424,4,109802954.02893296,109296786.25087032
2018-06-29,286889448.0969442,172692381.2303354,4,110367094.79367821,109809813.47795817
2018-07-02,281055219.8556996,224890978.0158239,2,107776981.72829196,107343618.30774306
2018-07-03,280093866.6325985,196877395.60881862,3,107834866.65116744,107497526.4758694
2018-07-04,277587878.94563866,222318515.56701016,2,107488506.04707655,107098098.13477957
2018-07-05,277810486.6610833,222318515.56701016,2,107113202.98154801,106867235.88259006
2018-07-06,278701623.1470201,194444178.36406007,3,107840085.78355782,107409578.95122579
2018-07-09,280945933.90512896,138238155.0308626,5,108453571.07272148,108175455.31166403
2018-07-10,282306580.9131136,53508109.34348938,8,108850225.13439265,108538238.850819
2018-07-11,280343411.8808204,53508109.34348938,8,108207797.38379127,107893290.33676574
2018-07-12,284737677.47287923,25030076.289203815,9,108418460.54573146,107885961.37637877
2018-07-13,289901789.32299167,25030076.289203815,9,109644482.19089688,109439700.9784162
2018-07-16,290540977.48506945,25030076.289203815,9,109221732.46727365,108970647.5136502
2018-07-17,290121043.7284504,25030076.289203815,9,109028624.5688285,108791087.98416945
2018-07-18,289059989.64079684,25030076.289203815,9,108658066.16910937,108640844.29623659
2018-07-19,289173044.6809082,80391284.59288111,7,108287033.30280931,108431968.92520797
2018-07-20,290424353.3102018,136745521.46973297,5,108614415.24366231,108816739.34552385
2018-07-23,285011093.422637,161044007.948155,4,107671175.68074092,107940928.57928103
2018-07-24,283657977.8170117,161044007.948155,4,108187869.78739153,108281725.23727511
2018-07-25,283869152.92104626,189511967.28025112,3,107847677.24885298,108047198.50489211
2018-07-26,286236534.1108372,189511967.28025112,3,108608247.17810999,108816739.34552385
2018-07-27,287655226.0915148,160742135.6598734,4,108889605.86061119,109120891.20158306
2018-07-30,287646263.03949964,160742135.6598734,4,108819384.80663116,108941331.67210232
2018-07-31,288076566.58673334,191864932.46981496,3,108902416.45829678,108999963.35519806
2018-08-01,289105607.12674713,134026485.49869287,5,109462761.49039443,109454358.89919016
2018-08-02,285885252.4129108,109208510.93229465,6,107713403.20644514,107570816.07973911
2018-08-03,278234210.31303596,101137365.09762418,6,108542770.78993939,108325698.99959692
2018-08-06,274727209.6672275,101137365.09762418,6,108486783.73338774,108190113.23243798
2018-08-07,276332952.499571,133433110.45330769,5,109134905.08296047,108901022.38997398
2018-08-08,276921243.8095457,161462005.93728346,4,109196111.27190255,108904686.87016748
2018-08-09,278294633.2493134,190960533.7932463,3,109303340.71919642,108985305.43442415
2018-08-10,277703110.90614986,190960533.7932463,3,108310756.63185664,107603796.40148045
2018-08-13,273233478.9539177,216774623.2241284,2,106681438.39288677,106214958.40814981
2018-08-14,275341517.5488148,189236346.9146324,3,107177730.4365567,106665689.47194842
2018-08-16,278273311.13924,161404847.32847884,4,106318471.45846282,105624977.09699881
2018-08-17,279483199.5697867,77522196.80079049,7,106615013.0715543,105745904.94338378
2018-08-20,281187762.05485934,49399208.46524931,8,106654393.79777285,105760562.86415774
2018-08-21,286374467.11320823,49399208.46524931,8,107706760.6743119,106977170.2883946
2018-08-22,286940180.90017486,20700892.075223334,9,107861911.24628136,107369269.66909744
2018-08-23,283856778.2903186,19028297.186490476,9,108301741.76681864,107841987.61405696
2018-08-24,287443811.0515272,0.0,10,108805150.80920275,108300047.63824253
2018-08-27,285662387.63178647,0.0,10,109094100.9569991,108772765.58320202
2018-08-28,287071061.97462666,0.0,10,109275347.1909206,108915680.31074794
2018-08-29,291161846.29032904,0.0,10,109555756.94025992,109219832.16680714
2018-08-30,290444311.9921339,0.0,10,109476046.55466092,109219832.16680714
2018-08-31,293256964.7599927,0.0,10,110212893.15487064,109960057.165891
2018-09-03,299218249.9238149,0.0,10,109460863.62407063,109014621.27597201
2018-09-04,300831703.097184,0.0,10,109873175.08291301,109494668.1813185
2018-09-05,295890123.2166725,18669714.766785603,9,108736827.62154646,108087507.78702042
2018-09-06,295889341.03273904,0.0,10,108539449.52387278,107838323.13386345
2018-09-07,297025553.39108914,0.0,10,108253346.17556213,107317966.94638866
2018-09-10,299348184.0101829,25472054.719256632,9,108589268.51487213,107625783.28264137
2018-09-11,298751232.0486656,0.0,10,108330209.76167542,107171387.73864926
2018-09-12,299808455.77843076,28312988.227672134,9,108316924.69740894,107131078.45652097
2018-09-13,298950325.8142173,59072622.66893925,8,108473973.13570218,107156729.81787534
2018-09-14,302302396.1721219,73736820.24596907,8,109993215.12789246,108941331.67210232
2018-09-17,304784097.2615304,43253844.92191428,9,109270128.0585302,108186448.7522445
2018-09-18,305546815.82935816,12694586.315722417,10,109553384.60735518,108505258.52907766
2018-09-19,303250772.54588807,42836537.83665866,9,109528712.34514596,108703140.45952582
2018-09-20,306550540.0167775,71368413.18579318,8,110239937.74998458,109582615.70596212
2018-09-21,312836261.6013582,8782413.187039629,10,110985799.21523228,110231228.70020887
2018-09-27,318775340.1450815,8782413.187039629,10,111757281.87585105,110883506.17464913
2018-09-28,313503324.0869514,8782413.187039629,10,111170841.18180136,110121294.29440434
2018-10-01,312551520.70353985,40257251.32913153,9,110972039.68438482,109996701.96782587
2018-10-02,306084069.6711309,97183365.73438177,7,109581378.13563102,108662831.17739747
2018-10-04,304785420.628361,125339855.65728137,6,107916949.36967114,106922203.08549231
2018-10-05,304511011.349475,155631813.0854651,5,107586246.16275153,106738979.07581809
2018-10-08,302641979.4788232,212798349.7081643,3,106936701.41343594,106236945.28931074
2018-10-10,296470775.0116265,242313740.78033596,2,105740096.69628918,105482062.3694529
2018-10-11,293557021.2408791,263500544.7809313,1,101045724.3444058,100828172.5237275
2018-10-12,293557021.2408791,263500544.7809313,1,102572557.80189121,102374583.165378
2018-10-15,294045779.139642,263500544.7809313,1,101778775.21196795,101575726.48319837
2018-10-16,294317904.1706126,263500544.7809313,1,101778775.21196795,101469456.5575873
2018-10-17,294719419.3723727,204538998.93565935,3,102841105.88670687,102623767.81853496
2018-10-18,293594069.2584245,145802590.5532558,5,101930130.05128984,101681996.40880942
2018-10-19,293996479.4844159,0.0,10,102307330.9831422,102103411.63106014
2018-10-22,294635087.97931707,0.0,10,102565915.26975799,102385576.60595843
2018-10-23,285046791.080326,0.0,10,99927406.6131152,99871743.19322805
2018-10-24,289353792.16762817,0.0,10,99523161.08614889,99439334.53039688
2018-10-25,283695926.85914797,0.0,10,97896689.64666474,97739015.72062005
2018-10-26,275837120.902537,132285333.85525122,5,96181492.9565436,96262230.20264576
2018-10-29,271209797.855331,211715430.6785969,2,94705901.88980038,95346110.15427463
2018-10-30,274091024.4573371,187651933.3871595,3,95590307.59668443,96181611.63838911
2018-10-31,274771309.3647432,132681204.99547145,5,96302007.46810398,96745941.58818571
2018-11-01,274054232.00575143,132681204.99547145,5,96053861.44626904,96357506.68767636
2018-11-02,276170802.1608467,22146662.737868097,9,99448195.36635935,99879072.15361501
2018-11-05,272563603.55003136,0.0,10,98542913.12991369,98966616.58543736
2018-11-06,273534478.36949897,0.0,10,99145485.68771558,99516288.61446005
2018-11-07,267073357.15537575,0.0,10,98626893.7147412,99105866.83278976
2018-11-08,272911106.8379946,0.0,10,99288300.12858044,99714170.54490821
2018-11-09,270847551.4297352,2192640.4980931506,10,98977998.9846415,99428341.0898164
2018-11-12,268771781.82552534,0.0,10,98709925.36640681,99516288.61446005
2018-11-13,267140423.76763332,27405903.95679522,9,98272941.64535521,98831030.81827843
2018-11-14,267544909.02624995,27405903.95679522,9,98122061.27261427,98530543.4424127
2018-11-15,274120288.53984606,26947739.605995815,9,99071468.90108794,99505295.1738796
2018-11-16,273588930.23903,0.0,10,99277387.39721867,99545604.45600791
2018-11-19,276995788.12781006,0.0,10,99664552.1272709,99787460.1487779
2018-11-20,277833692.3718834,25995568.40540275,9,98811461.21472934,98787057.0559566
2018-11-21,281399046.89151657,25995568.40540275,9,98525357.86641869,98307010.15061013
2018-11-22,279411801.124324,50050793.833074294,8,98212209.92299406,98120121.66074242
2018-11-23,280087782.6903769,50050793.833074294,8,97620550.09655395,97596100.99307413
2018-11-26,284941386.97505367,0.0,10,98832337.74429098,98864011.1400198
2018-11-27,286974999.250363,55820326.08377803,8,99610462.93704303,99703177.10432774
2018-11-28,289199698.0312532,0.0,10,100027993.52827583,100205210.89083514
2018-11-29,288979405.98757213,0.0,10,100306979.87787229,100465388.98457256
2018-11-30,290365070.9976243,19725322.58306891,9,99488999.49232076,99435670.0502034
2018-12-03,298615010.93413836,0.0,10,101152953.79169966,101205613.98365642
2018-12-04,293780728.1931814,0.0,10,100318841.54239595,100146579.2077394
2018-12-05,290483697.6157136,2998219.6661593616,10,99700137.12084188,99486972.77291217
2018-12-06,281809001.80628896,85677190.9776237,7,98152427.13379483,97907581.80952033
2018-12-07,283997066.6941974,117727192.5754863,6,98487875.00652392,98310674.63080361
2018-12-10,282240046.65843093,142222052.1587088,5,97445471.92818473,97236981.93411265
2018-12-11,281570791.0708965,169969955.4477911,4,97406565.66854712,96995126.24134266
2018-12-12,289029789.6362928,169969955.4477911,4,98810986.7481484,98380299.75447984
2018-12-13,290830314.7763128,169969955.4477911,4,99426844.37021679,98724760.89266738
2018-12-14,287089823.71070963,174805541.26128724,4,98185165.32788013,97310271.53798234
2018-12-17,290754550.0272982,174805541.26128724,4,98266299.11322197,97596100.99307413
2018-12-18,290116575.1869832,174805541.26128724,4,97840228.12353213,97174685.77082342
2018-12-19,290881583.393568,174805541.26128724,4,98634010.7134554,97955220.05203563
2018-12-20,289725145.7009395,145828686.67303228,5,97745809.27392378,97039100.0036645
2018-12-21,289031035.7420587,115404624.27622731,6,97810811.19551343,97130712.00850159
2018-12-24,288532796.16023415,115404624.27622731,6,97503356.8510602,96907178.71669903
2018-12-26,284223760.29592264,135991867.78477672,5,96222297.08250499,95635604.08955991
2018-12-27,285192672.1383868,79908656.94445215,7,96242699.14548568,95485360.40162703
2018-12-28,289443066.8986379,57024934.59351915,8,96840527.0374781,96002052.10890837
2019-01-02,291542933.69381803,113060411.69015558,6,95367782.77022058,94627872.03635165
2019-01-03,286892732.56053793,139004497.50263566,5,94594402.243278,93726409.90875445
2019-01-04,296559912.7498066,139004497.50263566,5,95379644.43474424,94503279.70977317
2019-01-07,301513721.2701817,108848608.76721977,6,96653587.20458524,95851808.42097548
2019-01-08,298023454.62535036,79041798.97970408,7,96092293.23932567,95148228.22382645
2019-01-09,304728959.60996246,0.0,10,97963589.43457817,97328593.93894976
2019-01-10,309074275.72549087,0.0,10,97895740.71350284,97310271.53798234
2019-01-11,307638706.2459361,0.0,10,98478860.14148593,97889259.4085529
2019-01-14,304372747.8020971,0.0,10,97954574.56954019,97105060.64714721
2019-01-15,310209192.5676706,0.0,10,99504182.42291102,98915313.86272858
2019-01-16,309309050.6531337,0.0,10,99927406.6131152,99391696.28788157
2019-01-17,307669440.9169045,3762.41837945953,10,99972955.40488604,99629887.50045806
2019-01-18,312726905.16721314,10252235.344471984,10,100789986.85727571,100362783.53915498
2019-01-21,316941178.41338533,10252235.344471984,10,100805644.25444694,100406757.30147679
2019-01-22,315683524.52107954,10252235.344471984,10,100481109.11307961,99934039.35651729
2019-01-23,320469906.2797859,42307419.203609556,9,100956050.16060694,100359119.05896148
2019-01-24,321673176.56612414,10135282.954448588,10,101774505.01273943,101363186.63197625
2019-01-25,327609476.06004405,10135282.954448588,10,103326010.73243406,103217413.60987946
2019-01-28,330510691.2768636,41573349.99863364,9,103305608.66945337,103206420.16929899
2019-01-29,335464310.44459033,8021893.773511831,10,103593135.41750687,103704789.47561288
2019-01-30,341354692.8889424,38766795.34861903,9,104676817.08838837,105031331.3056543
2019-01-31,344069202.7547573,4354720.993110031,10,104612764.09996061,104763824.25152992
2019-02-01,343308380.5455383,4253849.066907048,10,104546813.24520907,104727179.4495951
2019-02-07,353573352.14003605,4253849.066907048,10,104544915.37888528,104675876.7268863
2019-02-08,350164717.1444582,4253849.066907048,10,103293747.0049297,103151452.96639672
2019-02-11,348944748.25549674,4253849.066907048,10,103468350.70671795,103374986.2581993
2019-02-12,354096163.7552823,4253849.066907048,10,103930481.15655972,103957638.60896333
2019-02-13,357883375.27995574,4253849.066907048,10,104452868.86218168,104426692.07372937
2019-02-14,363974149.5351981,4253849.066907048,10,105609143.91994798,105786214.2255121
2019-02-15,356080023.6393354,77968319.81935266,8,104197131.3750516,104063908.53457439
2019-02-18,358957957.38619554,117346619.57809994,7,104899341.91485222,104767488.73172341
2019-02-19,356689861.71488625,117346619.57809994,7,104649772.49327444,104404705.19256847
2019-02-20,359733862.604808,115522593.71217209,7,105794660.35309803,105683608.78009455
2019-02-21,359128339.14210624,185950515.28949392,5,105742469.02919391,105687273.26028804
2019-02-22,360248591.61745477,252147022.68089446,3,105829770.88008805,105808201.10667302
2019-02-25,363318056.4757801,252147022.68089446,3,105927510.995763,105903477.59170362
2019-02-26,362488386.1327158,179627622.2190657,5,105644728.91351897,105496720.29022683
2019-02-27,368347901.7353493,179627622.2190657,5,106033317.04331404,105815530.06706
2019-02-28,364815580.47882223,179627622.2190657,5,104166291.04729007,103997947.89109167
2019-03-04,372241319.79005563,179627622.2190657,5,103939496.02159771,103525229.94613214
2019-03-05,371099178.2701746,205497781.84912345,4,103397180.71957602,102770347.02627432
2019-03-06,368803824.61092913,247629260.21239445,3,103224949.35069248,102550478.21466525
2019-03-07,368071797.03482854,247629260.21239445,3,102759497.63478409,102191359.15570377
2019-03-08,368482176.8040439,247629260.21239445,3,101414384.87780112,100714573.63772948
2019-03-11,368426987.26183665,210781042.53199005,4,101445699.67214358,100795192.20198616
2019-03-12,370799305.0182607,210781042.53199005,4,102350981.90858924,101773608.41364653
2019-03-13,372218293.34147316,173553637.45070124,5,101934874.7170993,101139653.34017369
2019-03-14,372133758.6852585,173553637.45070124,5,102279811.9214473,101374180.07255672
2019-03-15,370061101.1359445,136541983.90422416,6,103249147.14632075,102557807.17505223
2019-03-18,369433049.91281736,174370726.14331996,5,103409516.8506806,102579794.05621314
2019-03-19,367017785.1332951,217923549.39016345,4,103320791.60004364,102539484.77408479
2019-03-20,368295956.9622351,181088436.70252392,5,103296119.33783442,102576129.57601964
2019-03-21,372517594.2526419,218158616.11432767,4,103665254.33781071,103477591.70361686
2019-03-22,371707595.4891667,180982288.4684096,5,103763468.92006661,103752427.71812817
2019-03-25,365982007.95885336,215390509.32656425,4,101766439.08086334,101671002.96822895
2019-03-26,366403981.53718615,252506399.46502343,3,101953378.91375622,101725970.17113122
2019-03-27,367131806.30181164,252506399.46502343,3,101802498.54101527,101608706.80493972
2019-03-28,366480327.0840622,252506399.46502343,3,100971233.09119722,100802521.16237311
2019-03-29,367772888.3256763,252506399.46502343,3,101567637.5834468,101315548.38946098
2019-04-01,369249119.2029717,30757652.983846508,9,102877639.81343974,102722708.78375901
2019-04-02,367580402.3101301,0.0,10,103299915.070482,103235736.01084688
2019-04-03,376640816.905519,0.0,10,104537798.38017108,104675876.7268863
2019-04-04,377996054.5364037,0.0,10,104692474.48555961,104859100.73656051
2019-04-05,379184580.2541142,0.0,10,104838610.1924911,105053318.1868152
2019-04-08,378761970.6353831,0.0,10,104885582.38400479,104943383.78101067
2019-04-09,377790409.430291,0.0,10,105026024.49196489,105064311.62739564
2019-04-10,380461652.0452564,0.0,10,105539871.79912983,105507713.73080729
2019-04-11,383742633.3292149,0.0,10,105542244.13203457,105324489.72113307
2019-04-12,383190479.78050005,35818436.83516977,9,105969738.52146722,105672615.33951409
2019-04-15,386217425.63748,72507709.52117482,8,106417160.50729966,106042727.83905604
2019-04-16,387532881.5823399,33748616.20667805,9,106689978.79134384,106497123.38304813
2019-04-17,388171627.38162154,70446650.89280033,8,106559974.94816452,106390853.45743707
2019-04-18,385349109.45949453,108888020.78378731,7,105035988.29016478,104738172.89017554
2019-04-19,388707170.5079469,111734946.13708244,7,105148911.33643001,104763824.25152992
2019-04-22,388927782.73211956,111734946.13708244,7,105172634.66547732,104756495.29114296
2019-04-23,388376798.1607617,70569939.28447744,8,105355778.76572265,104976364.10275204
2019-04-24,387325379.4511194,112495533.72200152,7,104431517.8660391,103961303.0891568
2019-04-25,386861318.602223,152238858.94154835,6,103931904.55630256,103642493.31232364
2019-04-26,385975573.2586121,152238858.94154835,6,103400976.45222357,103096485.76349443
2019-04-29,390739138.68412006,74067614.95590186,8,105162196.4006965,105093627.46894355
2019-04-30,392990000.7075011,78438395.24802637,8,104552981.31076138,104408369.67276193
2019-05-02,396021513.24493253,0.0,10,104987592.69890825,104848107.29598007
2019-05-03,394887254.3510045,0.0,10,104208044.10641338,103950309.64857636
2019-05-07,388444229.7886818,0.0,10,103290900.20544401,103085492.32291399
2019-05-08,385964375.2491102,35636117.640694,9,102864829.2157542,102660412.6204698
2019-05-09,376735621.66276884,150968947.1372224,6,99733349.78150815,99307413.24343142
2019-05-10,376834609.77489364,225640608.48790857,4,100019453.1298188,99695848.14394079
2019-05-13,373374715.9440677,263576876.89915258,3,98642076.64533149,98471911.75931695
2019-05-14,372386290.5564064,335751051.91219354,1,98776350.68773931,98416944.55641468
2019-05-15,374305286.01941717,298314916.3004248,2,99295417.12729464,98809043.93711752
2019-05-16,374320912.95401275,298314916.3004248,2,98104980.47570018,97471508.66649567
2019-05-17,374694427.70835924,298314916.3004248,2,97540839.71095496,96870533.9147642
2019-05-20,375583160.53793955,298314916.3004248,2,97536569.51172644,97094067.20656675
2019-05-21,377655933.96479464,298314916.3004248,2,97799423.99757072,97519146.90901096
2019-05-22,379411554.45842457,298314916.3004248,2,97970706.43329237,97713364.35926563
2019-05-23,378580770.8424929,298314916.3004248,2,97720662.54513364,97614423.39404157
2019-05-24,378722183.6179931,298314916.3004248,2,97043124.26754221,96896185.27611859
2019-05-27,377772924.4775779,298314916.3004248,2,96990932.9436381,96888856.31573161
2019-05-28,378306107.0997811,336060670.4542428,1,97210136.50403532,96998790.72153616
2019-05-29,380854049.40455747,336060670.4542428,1,95999772.25604114,95778518.8171058
2019-05-30,380313111.11066043,336060670.4542428,1,96734246.52334613,96716625.74663785
2019-05-31,381241312.0467792,336060670.4542428,1,96873739.69814436,96701967.8258639
2019-06-03,380777211.57871985,336060670.4542428,1,98112571.94099534,98266700.86848181
2019-06-04,380854049.40455747,336060670.4542428,1,98070818.88187204,98083476.8588076
2019-06-05,380313111.11066043,336060670.4542428,1,98172354.73019458,98204404.70519257
2019-06-07,380326523.9215387,380326523.9215387,0,98325132.96925929,98307010.15061013
2019-06-10,380326523.9215387,380326523.9215387,0,99613784.20310964,99710506.06471473
2019-06-11,380326523.9215387,380326523.9215387,0,100198327.03083558,100117263.3661915
2019-06-12,380269560.3882504,342293871.52938485,1,100053140.257066,99945032.79709774
2019-06-13,380493209.91038746,342293871.52938485,1,99787438.97173601,99355051.48594671
2019-06-14,381521997.7122177,342293871.52938485,1,99420201.83808352,99116860.27337024
2019-06-17,381521997.7122177,342293871.52938485,1,99198151.47820063,98973945.54582432
2019-06-18,382640245.3229028,342293871.52938485,1,99576775.80979584,99439334.53039688
2019-06-19,383132274.27160424,342293871.52938485,1,100813710.18632303,100886804.20682327
2019-06-20,383490113.50702345,342293871.52938485,1,101122587.93051912,101143317.82036719
2019-06-21,383196372.76283675,265631632.75152206,3,100853565.37912251,100949100.37011251
2019-06-24,382299568.1005508,227395949.1790747,4,100887252.5063697,100985745.17204735
2019-06-25,381725919.70697117,227395949.1790747,4,100664727.67990586,100875810.76624282
2019-06-26,381736629.9699531,189216567.85237494,5,100674691.47810572,100967422.77107991
2019-06-27,385681362.3874744,189216567.85237494,5,101266351.30454586,101780937.37403351
2019-06-28,384559237.0875877,226461076.08407307,4,101090798.66959569,101689325.3691964
2019-07-01,385089366.34845006,187946370.89627934,5,101049045.61047241,101605042.32474624
2019-07-02,385163246.52426434,149424276.58419558,6,100682757.40998183,101128659.89959325
2019-07-03,388866205.4288528,189308165.5308864,5,99449144.29952125,99809447.02993882
2019-07-04,388375292.59037125,189308165.5308864,5,100052191.32390411,100604639.23192498
2019-07-05,388856724.9002266,189308165.5308864,5,100140442.10796013,100535014.10824877
2019-07-08,386599549.3982692,260888682.66610005,3,97937968.23920707,98409615.59602772
2019-07-09,384185682.3870428,260888682.66610005,3,97361965.80993818,98105463.73996851
2019-07-10,381415244.64882356,299681569.2871706,2,97682230.75207698,98482905.1998974
2019-07-11,382980486.13730526,261377783.71104723,3,98716567.89854005,99593242.69852321
2019-07-12,386267406.4786381,261377783.71104723,3,99005043.57975544,99923045.91593684
2019-07-15,397510947.59550977,221620734.3260267,4,98806716.54891987,99908387.99516289
2019-07-16,393948315.67109,221620734.3260267,4,99252240.66842851,100425079.70244421
2019-07-17,394417443.70565474,182173081.66999102,5,98353126.49753515,99483308.2927187
2019-07-18,394111515.5747303,182173081.66999102,5,98050891.2854723,99186485.39704645
2019-07-19,398324832.061228,143173035.88390452,6,99370382.84708416,100608303.71211845
2019-07-22,400099546.0711969,103157087.87468658,7,99321987.25582764,100608303.71211845
2019-07-23,395962251.2317797,71737547.8958014,8,99706779.65297513,101110337.49862583
2019-07-24,392901526.5893037,32441509.659501627,9,98798176.15046285,100120927.846385
2019-07-25,394305409.2874114,32441509.659501627,9,98427143.28416277,100054967.20290227
2019-07-26,398281904.22724336,71315322.68344408,8,98037131.75462487,99765473.26761699
2019-07-29,387951691.3221595,183841175.84254348,5,96292043.6699041,98116457.18054895
2019-07-30,389046919.521228,222524759.15732807,4,96728552.92437476,98556194.80376709
2019-07-31,386778909.07747394,295745252.83538306,2,96058131.64549755,97599765.47326761
2019-08-01,389715046.9503919,256767910.29572985,3,95716041.2406352,97376232.18146507
2019-08-02,389920329.2313607,256767910.29572985,3,94804590.93863724,96372164.6084503
2019-08-05,384590396.56730354,256767910.29572985,3,92377694.37709655,94246766.09622926
2019-08-06,381419522.0089259,337492291.252087,1,90978966.89646664,92861592.5830921
2019-08-07,381287674.2606693,381287674.2606693,0,90609357.42990942,92344900.87581077
2019-08-08,381287674.2606693,381287674.2606693,0,91126526.00314096,92491480.08355016
2019-08-09,381287674.2606693,381287674.2606693,0,91939761.72288305,93389277.73095387
2019-08-12,381287674.2606693,381287674.2606693,0,92155169.5506327,93572501.7406281
2019-08-13,381287674.2606693,381287674.2606693,0,91374197.55839497,92649052.73187
2019-08-14,381287674.2606693,381287674.2606693,0,91969178.65090172,93392942.21114735
2019-08-16,381287674.2606693,381287674.2606693,0,91437776.08024178,93041152.11257283
2019-08-19,381287674.2606693,381287674.2606693,0,92041772.03778651,93484554.21598448
2019-08-20,381287674.2606693,381287674.2606693,0,93007311.53001238,94561911.39286894
2019-08-21,381287674.2606693,381287674.2606693,0,93216076.82562879,94682839.23925391
2019-08-22,381287674.2606693,381287674.2606693,0,92568904.40921794,93913298.39862214
2019-08-23,381287674.2606693,381287674.2606693,0,92440323.96578147,93851002.23533292
2019-08-26,381287674.2606693,381287674.2606693,0,90922505.37333402,92414525.99948697
2019-08-27,381287674.2606693,381287674.2606693,0,91315838.16893856,92894572.90483345
2019-08-28,381287674.2606693,381287674.2606693,0,92098233.56091914,93638462.38411082
2019-08-29,381287674.2606693,381287674.2606693,0,91733843.22675233,93191395.80050571
2019-08-30,381287674.2606693,381287674.2606693,0,93365059.33204594,94910037.01124996
2019-09-02,381287674.2606693,381287674.2606693,0,93431484.65337844,94939352.85279784
2019-09-03,381287674.2606693,381287674.2606693,0,93265421.3500472,94635200.99673863
2019-09-04,381287674.2606693,381287674.2606693,0,94349103.02092871,95895782.1832973
2019-09-05,381287674.2606693,381287674.2606693,0,95118687.81522374,96903514.23650555
2019-09-06,381287674.2606693,381287674.2606693,0,95326504.17767826,97302942.57759537
2019-09-09,381287674.2606693,381287674.2606693,0,95820898.35502435,97988200.37377697
2019-09-10,381287674.2606693,381287674.2606693,0,96415404.98095016,98486569.68009089
2019-09-11,381287674.2606693,381287674.2606693,0,97227691.76753034,99248781.56033567
2019-09-16,381287674.2606693,381287674.2606693,0,97845447.25592251,99681190.22316684
2019-09-17,381287674.2606693,381287674.2606693,0,97850666.38831294,99556597.89658837
2019-09-18,381287674.2606693,381287674.2606693,0,98249218.31630789,100062296.16328923
2019-09-19,381287674.2606693,381287674.2606693,0,98705655.16717829,100743889.47927737
2019-09-20,381287674.2606693,381287674.2606693,0,99235634.3380954,101300890.46868703
2019-09-23,381287674.2606693,381287674.2606693,0,99244174.73655242,101377844.55275019
2019-09-24,381287674.2606693,381287674.2606693,0,99687326.52315634,101861555.93829016
2019-09-25,381287674.2606693,381287674.2606693,0,98375426.42683962,100560665.46960314
2019-09-26,381287674.2606693,381287674.2606693,0,98429041.15048656,100732896.0386969
2019-09-27,381230566.77076507,343158906.83460236,1,97262327.82793942,99428341.0898164
2019-09-30,379348577.77113163,305218366.50027484,2,97884827.98214108,100241855.69277
2019-10-01,383568690.4589163,263669009.2282005,3,98329403.16848783,100560665.46960314
2019-10-02,382779226.22746825,263669009.2282005,3,96407339.04907408,98409615.59602772
2019-10-04,392658817.2792672,263669009.2282005,3,95874987.54525225,97984535.89358349
2019-10-07,409386494.1377591,263669009.2282005,3,95924332.06967068,98087141.33900107
2019-10-08,408480031.7915052,222814887.10914198,4,97087724.12615116,99439334.53039688
2019-10-10,410259635.70339704,260040848.58478037,3,96228939.61463824,98501227.60086483
2019-10-11,409147962.2450962,219119923.4149133,4,97009911.60687597,99417347.64923596
2019-10-14,419902879.5564464,9011138.06603448,9,98091220.94485275,100491040.34592696
2019-10-15,426774720.1634491,0.0,10,98127754.87158562,100531349.62805526
2019-10-16,433637508.3800941,0.0,10,98823322.879253,101256916.70636521
2019-10-17,432426930.4101865,0.0,10,98591308.72117022,100982080.69185387
2019-10-18,430295451.1142576,0.0,10,97772853.86903773,99970684.15845212
2019-10-21,456417560.3745157,0.0,10,97969757.50013049,100329803.21741363
2019-10-22,465222173.087603,0.0,10,99109426.22756366,101656345.04745504
2019-10-23,463981829.44986385,41038362.58900339,9,98718465.76486383,101223936.38462386
2019-10-24,467440419.3817016,83406043.65961105,8,98957596.92166081,101396166.95371762
2019-10-25,445142280.47468853,207286750.82701057,5,99063402.96921186,101531752.72087656
2019-10-28,428201438.0440309,203667702.21816456,6,99334323.38693224,101791930.81461395
2019-10-29,426298669.6603252,244277573.32476848,5,99291146.92806612,101707647.7701638
2019-10-30,425200127.60318077,202162600.34107953,6,98701859.43453072,100960093.81069295
2019-10-31,429468989.02915436,202162600.34107953,6,98854163.20701452,101073692.69669098
2019-11-01,428270212.01909226,202162600.34107953,6,99647471.33035684,102030122.02719045
2019-11-04,431022081.13078916,29650415.606346667,10,101072768.93951973,103536223.3867126
2019-11-05,431864512.5717409,29650415.606346667,10,101661107.49989323,104210487.74231376
2019-11-06,436778686.5320215,29650415.606346667,10,101732751.95361616,104261790.46502253
2019-11-07,437167590.8478099,29650415.606346667,10,101739394.48574938,104206823.26212028
2019-11-08,437321453.4276869,111159786.35448319,8,101404421.07960126,103752427.71812817
2019-11-11,435547153.6003785,111159786.35448319,8,100780971.99223772,102916926.23401372
2019-11-12,436865129.5537504,156213692.64842927,7,101579499.24797048,103942980.68818937
2019-11-13,432457873.1141662,156213692.64842927,7,100703159.47296251,103074498.88233353
2019-11-14,432453115.51190877,168692618.94651353,6,101499314.39579052,104045586.13360696
2019-11-15,435308310.87479883,168692618.94651353,6,102588215.19906245,105276851.47861776
2019-11-18,434705271.7527149,214442583.7737004,5,102517519.67850144,105236542.19648944
2019-11-19,436853111.61240095,300420183.0274137,3,102164042.07569638,104888416.57810842
2019-11-20,434453097.67038137,301151082.39374554,3,100839331.38169414,103415295.5403276
2019-11-21,432982928.11117995,301151082.39374554,3,99476663.36121614,101975154.82428816
2019-11-22,433930023.69616413,343851724.9354757,2,99730977.4486034,102396570.0465389
2019-11-25,438707641.3274932,299974389.05995923,3,100752978.4639619,103407966.57994065
2019-11-26,437237222.3613981,256244117.1076009,4,100650968.1490584,103276045.29297519
2019-11-27,451669244.82314646,252237647.01389897,4,100959371.42667355,103649822.27271062
2019-11-28,453570969.4457189,161496271.48455667,6,100520489.83929816,103056176.48136613
2019-11-29,450802825.8555356,116409235.97306529,7,99066724.23527849,101425482.79526548
2019-12-02,457304290.7760562,116409235.97306529,7,99254613.00133325,101667338.48803549
2019-12-03,448938867.2269554,116409235.97306529,7,98882156.73529035,101209278.4638499
2019-12-04,447113848.80280834,163007049.41326773,6,98161916.46541375,100461724.50437905
2019-12-05,438136014.0320606,253708422.12716076,4,97775226.20194246,100150243.68793288
2019-12-06,438780158.20828,253708422.12716076,4,98776825.15432024,101344864.23100884
2019-12-09,435487727.7286984,296390598.5335249,3,99099462.42936379,101883542.81945105
2019-12-10,439349113.6027736,296390598.5335249,3,99543088.68254864,102352596.28421709
2019-12-11,435634830.809597,169991096.881211,6,99904632.21722977,102708050.86298509
2019-12-12,436985459.9109292,126286004.94524501,7,101410114.67857261,104477994.79643813
2019-12-13,440127394.9548021,0.0,10,102971109.72988617,106310234.89318042
2019-12-16,440962649.78819245,0.0,10,102871471.74788745,106181978.08640844
2019-12-17,444626964.7678734,0.0,10,104177678.24523279,107882296.89618526
2019-12-18,443833976.75608253,0.0,10,104134027.31978574,107816336.25270258
2019-12-19,443448687.2604819,0.0,10,104219431.30435607,107849316.57444392
2019-12-20,443708938.9616684,42800662.36220415,9,104580974.8390372,108215764.59379238
2019-12-23,445314610.4055384,42800662.36220415,9,104558674.90973271,108054527.46527906
2019-12-24,444670280.78405595,42800662.36220415,9,103911976.95990282,107332624.8671626
2019-12-26,455390115.7095648,39761879.58220914,9,104284433.22594571,107757704.56960681
2019-12-27,459012865.6751321,85248992.13721035,8,104582398.23878004,108175455.31166403
2019-12-30,466527880.308684,82611830.0146027,8,104272097.09484114,107651434.64399576
2020-01-02,470092486.22953767,82611830.0146027,8,103204547.28771178,106398182.41782404
2020-01-03,466228986.69992226,82611830.0146027,8,103265753.47665387,106541097.14536995
2020-01-06,459398450.4987092,166396594.2219003,6,102250869.46000959,105694602.22067502
2020-01-07,461219169.91913915,166396594.2219003,6,103222102.55120681,106720656.67485069
2020-01-08,451692095.876601,303599496.07194906,3,102072470.02557373,106057385.75982997
2020-01-09,462784227.67602456,303599496.07194906,3,103739745.59101929,107885961.37637877
2020-01-10,467007232.1924771,303599496.07194906,3,104685831.95342636,108857048.62765217
2020-01-13,470768070.87641245,303599496.07194906,3,105770937.02405071,109982044.04705192
2020-01-14,471486069.5916439,162090091.33811015,6,106227373.87492111,110495071.27413976
2020-01-15,471268833.19035333,67808082.4607352,8,105852545.27597347,109839129.31950603
2020-01-16,472512336.2260473,0.0,10,106662459.72964893,110953131.29832533
2020-01-17,470106046.7210799,0.0,10,106782025.30804743,111143684.26838654
2020-01-20,472630915.33060074,0.0,10,107354706.4712497,111979185.75250101
2020-01-21,466322203.3199715,0.0,10,106265805.66797777,110707611.12536187
2020-01-22,476242764.1044148,13653268.510762766,10,107573435.56506598,112162409.76217525
2020-01-23,481545224.44347423,13653268.510762766,10,106571362.14610723,110788229.68961853
2020-01-28,468225605.79880816,215017268.8430259,5,103278089.60775846,107284986.62464729
2020-01-29,467783072.81921506,261348181.75222656,4,103684233.00104856,107728388.72805895
2020-01-30,467453445.0062595,308178920.9053984,3,101915421.58728048,105672615.33951409
2020-01-31,462734024.4603625,308178920.9053984,3,100539942.96911697,104265454.94521601
2020-02-03,464044485.5020734,355863331.63734263,2,100533774.90356468,104456007.91527723
2020-02-04,467860150.5416401,406541369.5680262,1,102385143.50241742,106519110.26420903
2020-02-05,468982324.3110919,406541369.5680262,1,102751906.16948895,107010150.61013594
2020-02-06,469011956.11428493,265774532.53237677,4,105708307.4353658,110172597.01711313
2020-02-07,468080949.88215995,172130291.3603865,6,104949635.37243253,109278463.8499029
2020-02-10,471122194.8555824,30730098.118930265,9,104433415.73236288,108556561.25178643
2020-02-11,475078791.2589625,3.725290298461914e-09,10,105479614.54334962,109670563.23060574
2020-02-12,477339627.11187166,3.725290298461914e-09,10,106203650.54587379,110498735.75433327
2020-02-13,472300053.3618473,3.725290298461914e-09,10,105946489.65900086,110275202.4625307
2020-02-14,469746001.3404111,3.725290298461914e-09,10,106450847.63454686,111037414.34277548
2020-02-17,468524791.9359571,195514325.45080796,6,106383473.38005248,110945802.33793835
2020-02-18,462385092.8690555,239636622.3454617,5,104803974.132082,109106233.28080913
2020-02-19,459199402.3214557,315607710.91828525,3,104873246.25290018,109322437.61222471
2020-02-20,455434384.6137978,407781799.84230983,1,104169137.84677576,108706804.93971929
2020-02-21,457859709.4663326,407781799.84230983,1,102619529.99340491,107156729.81787534
2020-02-24,456942271.99799025,407781799.84230983,1,98643500.04507431,102979222.39730296
2020-02-25,458515021.94372,407781799.84230983,1,99809264.43445955,104159185.01960497
2020-02-26,460285034.3188674,407781799.84230983,1,98535796.1311995,102583458.53640662
2020-02-27,459236534.3550475,407781799.84230983,1,97497663.25208883,101539081.6812635
2020-02-28,457007803.24572897,407781799.84230983,1,94276984.10062487,98215398.14577302
2020-03-02,460678221.8052998,407781799.84230983,1,95012407.30109175,99076550.9912419
2020-03-03,460219503.07112867,407781799.84230983,1,95564686.40131332,99512624.13426656
2020-03-04,462841421.66687965,407781799.84230983,1,97708326.41402902,101920187.6213859
2020-03-05,462903142.30252254,361484551.42607415,2,98938618.25842297,103111143.68426839
2020-03-06,460620585.8459475,315415592.8476833,3,96801620.77784051,100809850.12276009
2020-03-09,456280054.7957612,315415592.8476833,3,92747303.84365377,96416138.37077212
2020-03-10,454569131.11840546,357943708.6355311,2,93134468.57370602,96987797.28095572
2020-03-11,450197903.29917353,406310677.62343955,1,90541034.24225314,94180805.45274653
2020-03-12,448501954.928422,448501954.928422,0,87032828.34273566,90739858.55106454
2020-03-13,448501954.928422,448501954.928422,0,84048908.01516394,88185715.8562058
2020-03-16,448501954.928422,448501954.928422,0,81364376.10016938,85371395.06760967
2020-03-17,448501954.928422,448501954.928422,0,79351688.86379488,83143391.10997106
2020-03-18,448501954.928422,448501954.928422,0,75497122.36018656,79090476.01597714
2020-03-19,448501954.928422,448501954.928422,0,69160146.70506683,73025761.2957602
2020-03-20,448501954.928422,448501954.928422,0,74308583.5749159,78298948.29418446
2020-03-23,448501954.928422,448501954.928422,0,70337772.75897573,73974861.66587271
2020-03-24,448501954.928422,448501954.928422,0,76387696.1326229,80743156.58323868
2020-03-25,448501954.928422,448501954.928422,0,80885164.85341355,85342079.22606179
2020-03-26,448501954.928422,448501954.928422,0,80006452.74550086,84041188.75737478
2020-03-27,448501954.928422,448501954.928422,0,81500548.00890099,85671882.4434754
2020-03-30,448501954.928422,448501954.928422,0,81471605.54746325,85180842.09754845
2020-03-31,448501954.928422,448501954.928422,0,83251804.15917405,86782219.94210121
2020-04-01,448501954.928422,448501954.928422,0,79969444.35218705,82945509.17952289
2020-04-02,448501954.928422,448501954.928422,0,81838842.68111575,84957308.80574591
2020-04-03,448501954.928422,448501954.928422,0,81866361.74281065,84906006.08303712
2020-04-06,448501954.928422,448501954.928422,0,85018717.70661832,88244347.53930156
2020-04-07,448501954.928422,448501954.928422,0,86523725.70138022,89732126.49785629
2020-04-08,448501954.928422,448501954.928422,0,85742753.70914249,88640111.40019788
2020-04-09,448501954.928422,448501954.928422,0,87122028.0599536,90003298.03217416
2020-04-10,448501954.928422,448501954.928422,0,88283996.71669126,90879108.79841696
2020-04-13,448501954.928422,448501954.928422,0,86626210.48286463,89193447.90941405
2020-04-14,448501954.928422,448501954.928422,0,88112239.81438868,90677562.38777529
2020-04-16,448501954.928422,448501954.928422,0,88111765.34780772,90549305.58100334
2020-04-17,448501954.928422,448501954.928422,0,90838050.32192557,93451573.8942431
2020-04-20,448501954.928422,448501954.928422,0,90070837.86053528,92396203.59851955
2020-04-21,448501954.928422,448501954.928422,0,89170300.28989908,91392136.02550478
2020-04-22,448501954.928422,448501954.928422,0,89965980.74614614,92300927.11348896
2020-04-23,448501954.928422,448501954.928422,0,90847539.6535445,92982520.4294771
2020-04-24,448501954.928422,448501954.928422,0,89627211.60735044,91714610.28253143
2020-04-27,448501954.928422,448501954.928422,0,91229010.78462538,93385613.25076039
2020-04-28,448501954.928422,448501954.928422,0,91766106.95425667,93953607.68075049
2020-04-29,448501954.928422,448501954.928422,0,92405213.43879144,94598556.19480376
2020-05-04,448501954.928422,448501954.928422,0,89928972.35283232,91831873.64872293
2020-05-06,448434780.39697987,403651759.4355798,1,91513216.26661225,93444244.93385613
2020-05-07,448481970.0924081,403651759.4355798,1,91506099.26789805,93246363.00340797
2020-05-08,448367615.92662585,358808281.3958818,2,92322656.25370675,94037890.72520064
2020-05-11,447622039.7693657,309422584.69545907,3,91828262.07636066,93425922.53288871
2020-05-12,443353304.0174184,309422584.69545907,3,91200542.7897686,92846934.66231816
2020-05-13,444855943.0916817,264930326.54333252,4,92066444.29999574,93755725.75030231
2020-05-14,445334988.9901788,264930326.54333252,4,91332918.96585263,92949540.10773572
2020-05-15,451608689.3832407,264930326.54333252,4,91442995.2126322,93000842.83044451
2020-05-18,454784206.4761245,263409229.78357527,4,91909395.86170247,93605482.06236947
2020-05-19,453006495.31795466,260277374.27237138,4,93973325.48881918,95932426.98523216
2020-05-20,455152091.5466224,260277374.27237138,4,94401768.81141376,96273223.64322622
2020-05-21,454129867.2539144,260277374.27237138,4,94813131.33709426,96647000.62296164
2020-05-22,448686989.46242553,215401954.094949,5,93476084.5119874,95137234.78324601
2020-05-25,450901820.9744401,259845910.4033836,4,94637104.23556316,96287881.56400014
2020-05-26,450952547.29848474,259845910.4033836,4,96306277.6673325,97955220.05203563
2020-05-27,452359938.05693567,313985539.0103612,3,96373651.92182688,98076147.8984206
2020-05-28,447839873.8781194,357404776.9911902,2,96247443.81129514,98314339.11099711
2020-05-29,449410592.9749152,357404776.9911902,2,96297737.26887546,98325332.55157755
2020-06-01,448039500.641657,402057278.5961477,1,97981144.69807318,100109934.40580453
2020-06-02,446376313.8868194,402057278.5961477,1,99030190.30854562,101168969.18172158
2020-06-03,444906582.41172683,356031915.52963996,2,101867974.92918587,104771153.2119169
2020-06-04,448173015.2246553,311207900.4752142,3,102066301.96002145,104969035.14236507
2020-06-05,448162939.99970573,221548454.92792982,5,103522439.89694585,106497123.38304813
2020-06-08,449381052.79652524,176603618.02018327,6,103637260.80953488,106552090.58595039
2020-06-09,448617359.9703984,176603618.02018327,6,103856938.83651306,106753636.99659204
2020-06-10,446576001.21421355,217801149.44552404,5,104178152.71181375,106966176.84781413
2020-06-11,441431358.3349844,261132084.06433657,4,103280936.40724416,105764227.3443512
2020-06-12,434642997.0619936,301291265.9930375,3,101170509.05519469,103257722.89200777
2020-06-15,424983818.2183725,424983818.2183725,0,96355622.19175091,98189746.78441863
2020-06-16,424983818.2183725,424983818.2183725,0,101443327.33923887,103554545.78768001
2020-06-17,424920166.1237817,382485436.3965353,1,101585667.31352277,103712118.43599986
2020-06-18,423979904.2641241,340081094.84557706,2,101226496.11174637,103305361.1345231
2020-06-19,419321544.6318596,379242242.35454655,1,101598477.91120833,103840375.2427718
2020-06-22,417944298.6998439,376206215.2425269,1,100906231.16960758,103125801.60504234
2020-06-23,418669105.29634166,376206215.2425269,1,101120215.59761438,103316354.57510354
2020-06-24,421685318.0558288,291843880.8372308,3,102556425.93813905,105060647.14720218
2020-06-25,429137750.89346814,248923677.35994428,4,100224897.15936857,102506504.45234343
2020-06-26,444173020.636373,204499721.68337488,5,101282008.70171708,103844039.7229653
2020-06-29,433083562.66143763,156700410.04897794,6,99328629.78796087,101887207.29964456
2020-06-30,431768546.2406775,70320825.73814324,8,100033212.66066623,102638425.73930888
2020-07-01,422261763.10874957,104085860.7506337,7,99955874.60797197,102700721.90259811
2020-07-02,430268434.73366797,61052571.9519351,8,101316170.29554522,104019934.77225257
2020-07-03,436035610.39043564,0.0,10,102124661.34947784,104763824.25152992
2020-07-06,442790267.9188832,0.0,10,103809966.64499936,106497123.38304813
2020-07-07,442296447.55924964,0.0,10,102682634.04867077,105086298.50855656
2020-07-08,446474181.2015752,0.0,10,102431641.22735016,104793140.09307781
2020-07-09,448820694.76198536,41414646.7958103,9,102859610.08336377,105262193.55784383
2020-07-10,454008643.9818182,218654980.30168205,5,102022176.56799343,104459672.39547071
2020-07-13,451679659.50450265,218654980.30168205,5,103721241.39436239,106211293.92795631
2020-07-14,448187028.95610875,218654980.30168205,5,103604997.08203052,106134339.84389316
2020-07-15,443460349.4119791,216559314.4531202,5,104471847.52541953,107101762.61497307
2020-07-16,442277094.99207175,318822345.9250108,3,103612114.08074473,105995089.59654073
2020-07-17,445725345.51768446,229650565.35450324,5,104439109.33133425,106845249.00142916
2020-07-20,446529479.2772721,229650565.35450324,5,104297243.82363126,106566748.50672431
2020-07-21,444994088.7029138,229650565.35450324,5,105750534.96107,108160797.3908901
2020-07-22,449364148.43934166,139750806.13316873,7,105742469.02919391,107750375.60921985
2020-07-23,454903179.2298691,139750806.13316873,7,105150809.2027538,107138407.41690792
2020-07-24,452230220.26869726,156064907.45445305,7,104403524.33776328,106511781.30382206
2020-07-27,466818778.31133425,156064907.45445305,7,105230045.12177186,107556158.15896516
2020-07-28,468753394.5373984,156064907.45445305,7,107086632.85301499,109982044.04705192
2020-07-29,470793924.3548285,108978462.63082887,8,107379378.73345889,110392465.8287222
2020-07-30,484196916.9619746,12110062.243809775,10,107562048.36712326,110612334.64033128
2020-07-31,480672315.6191005,12110062.243809775,10,106725089.31833385,109685221.15137969
2020-08-03,485508779.1553617,6732360.832941301,10,106804325.23735191,109736523.87408845
2020-08-04,497861936.26148945,0.0,10,108176957.05602974,111048407.78335594
2020-08-05,514443623.9864099,0.0,10,109690030.98266774,112367620.65301038
2020-08-06,532102353.37178123,0.0,10,111149015.71907783,114082597.38356115
2020-08-07,531071755.26502836,0.0,10,111578882.44141524,114540657.4077467
2020-08-10,554687385.0555171,0.0,10,113225755.9438801,116079739.08901021
2020-08-11,549847643.5755682,0.0,10,114757808.53375593,117637143.17124116
2020-08-12,544258025.1078228,111583729.82273433,8,115406878.81649055,118245446.88335961
2020-08-13,546234176.0177425,111583729.82273433,8,115652652.50542079,118483638.09593609
2020-08-14,540417602.0308263,57533874.28432392,9,114227354.89625786,116984865.69680092
2020-08-18,518764007.44685304,152436259.9574001,7,111416140.40415062,114639598.37297079
2020-08-19,517749182.1593015,311274178.78835636,4,111999734.29871465,114896111.98651473
2020-08-20,513126642.6125881,404788998.9689746,2,107904138.77198558,110517058.15530066
2020-08-21,516856766.69046515,404788998.9689746,2,109345093.77831973,112191725.60372312
2020-08-24,519159141.2423397,300926058.5066887,4,110542647.42862836,113353365.8250577
2020-08-25,517240156.5898811,93905969.85656749,8,112293429.11232048,114914434.38748212
2020-08-26,511409793.6493707,42757329.68681218,9,112416315.95678559,115134303.19909121
2020-08-27,507301069.2786654,0.0,10,111236317.56997195,114104584.26472205
2020-08-28,519855789.517345,0.0,10,111679943.82315682,114419729.56136173
2020-08-31,537510166.8465505,44190789.65942988,9,110368992.660002,112550844.66268459
2020-09-01,532729901.4839519,0.0,10,111478295.52625461,113529260.87434499
2020-09-02,539464380.3954507,0.0,10,112181454.99921712,114148558.02704386
2020-09-03,546326186.2767555,0.0,10,113677448.12894103,115955146.76243176
2020-09-04,557375653.7673078,0.0,10,112365548.0326243,114342775.47729854
2020-09-07,563402925.799681,55494425.20994343,9,113123271.16239567,114943750.22903003
2020-09-08,548833692.6711652,55494425.20994343,9,113962602.54408978,116303272.3808128
2020-09-09,539527205.6297843,198322322.72893384,6,112724244.76781978,114980395.03096487
2020-09-10,543199074.2107198,193148152.80751967,6,113704967.19063592,115991791.56436658
2020-09-11,536175594.63216436,259354401.9629456,5,113714930.98883581,115962475.72281873
2020-09-14,533782412.3768586,146378433.74859738,7,115196215.65455036,117622485.25046724
2020-09-15,532693473.870192,53628782.461288236,9,115939704.78689332,118494631.53651656
2020-09-16,526340334.590862,986864.5412055254,10,115576263.38588843,118109861.11620067
2020-09-17,526547942.505926,0.0,10,114164725.30757296,116530470.15280885
2020-09-18,530897119.1224094,0.0,10,114460317.98750256,116673384.88035472
2020-09-21,525685360.68718904,102378867.21283771,8,113368570.38474494,115757264.83198358
2020-09-22,509718015.6252526,298881791.4474441,4,110673600.20496957,113166477.33519001
2020-09-23,509150109.86124337,399094634.3631971,2,110704440.53273106,113466964.71105573
2020-09-24,502768903.6435585,449033414.61015403,1,107832019.85168174,110843196.8925208
2020-09-25,502688300.41000843,502688300.41000843,0,108120969.99947809,111242625.23361062
2020-09-28,502613010.1004113,452419470.3690076,1,109510682.61507,112510535.38055627
2020-09-29,504507105.93933225,452419470.3690076,1,110450600.91192475,113393675.10718605
2020-10-05,508075066.2334471,147300234.61078405,7,111879219.78715429,114885118.54593426
2020-10-06,506501775.660347,0.0,10,112254048.38610193,115229579.68412182
2020-10-07,514195492.6475808,0.0,10,113252326.07241309,116292278.94023235
2020-10-08,529933037.4441623,0.0,10,113490508.29604816,116336252.70255417
2020-10-12,529201389.21616995,0.0,10,114048955.46182203,116951885.37505955
2020-10-13,531855605.4272334,0.0,10,114021436.40012716,117109458.02337937
2020-10-14,529560547.58803874,0.0,10,112945820.66112173,116006449.48514053
2020-10-15,529812355.5805189,47667388.59329516,9,112031523.55963808,115035362.23386714
2020-10-16,522005022.09070957,194155499.84291115,6,111097773.32833561,114269485.87342885
2020-10-19,519374945.740415,194155499.84291115,6,111344970.41700865,114547986.36813368
2020-10-20,522921935.02343893,309084284.35264945,4,111898672.91697308,115324856.1691524
2020-10-21,525665151.67085636,151313848.4907956,7,112489383.81025133,115709626.58946829
2020-10-22,528183490.3322625,97495433.41066667,8,111739252.14577511,114980395.03096487
2020-10-23,525360433.70582503,152096375.544443,7,112012544.89640023,115354172.01070029
2020-10-26,511391860.4362973,248857792.21517012,5,111210696.37460084,114892447.50632122
2020-10-27,502578060.4466283,245903117.08357733,5,110590568.55330396,114258492.43284841
2020-10-28,505822951.54603314,354265394.3706027,3,111274749.36302862,114760526.21935579
2020-10-29,500655122.23304147,452556324.8167516,1,110392715.98904932,113576899.11686029
2020-10-30,499137355.83296555,499137355.83296555,0,107568690.89925651,110520722.63549417
2020-11-02,499137355.83296555,499137355.83296555,0,109134905.08296047,112114771.51965994
2020-11-03,499137355.83296555,499137355.83296555,0,111182228.37974407,114357433.3980725
2020-11-04,499137355.83296555,499137355.83296555,0,111846956.05964994,115002381.91212577
2020-11-05,499137355.83296555,499137355.83296555,0,114526268.8422541,117816702.7007219
2020-11-06,499137355.83296555,499137355.83296555,0,114654849.28569056,118032907.03213751
2020-11-09,499137355.83296555,499137355.83296555,0,116111461.6891959,119399758.14430723
2020-11-10,499137355.83296555,499137355.83296555,0,116378586.37426873,119509692.55011177
2020-11-11,499137355.83296555,499137355.83296555,0,117946223.95771553,121338268.16666056
2020-11-12,499137355.83296555,499137355.83296555,0,117459895.7122455,120825240.93957274
2020-11-13,499137355.83296555,499137355.83296555,0,118325797.22247262,122038183.88361612
2020-11-16,499137355.83296555,499137355.83296555,0,120658274.934405,124823188.83066437
2020-11-17,499137355.83296555,499137355.83296555,0,120474181.90099782,124537359.37557259
2020-11-18,499137355.83296555,499137355.83296555,0,120782110.71203198,124577668.6577009
2020-11-19,499137355.83296555,499137355.83296555,0,120866565.76344046,124650958.26157062
2020-11-20,499137355.83296555,499137355.83296555,0,121155041.44465584,124819524.3504709
2020-11-23,499137355.83296555,499137355.83296555,0,123484197.89052159,127692476.82216278
2020-11-24,499137355.83296555,499137355.83296555,0,124203963.69381723,128359412.21737696
2020-11-25,499137355.83296555,499137355.83296555,0,123434378.8995222,127633845.13906704
2020-11-26,499137355.83296555,499137355.83296555,0,124590653.9572885,129033676.57297812
2020-11-27,499137355.83296555,499137355.83296555,0,124948401.75932208,129257209.86478068
2020-11-30,499137355.83296555,499137355.83296555,0,122950422.98695691,126809337.09553301
2020-12-01,499137355.83296555,499137355.83296555,0,124986359.08579779,129136282.01839569
2020-12-02,499137355.83296555,499137355.83296555,0,126962512.39543943,131430246.61951703
2020-12-03,499137355.83296555,499137355.83296555,0,127926628.48792244,132529590.6775624
2020-12-04,499137355.83296555,499137355.83296555,0,129598174.2525965,134717285.35307267
2020-12-07,499137355.83296555,499137355.83296555,0,130261952.99934049,135534464.43621972
2020-12-08,499137355.83296555,499137355.83296555,0,128150102.24754816,133185532.63219613
2020-12-09,499137355.83296555,499137355.83296555,0,130737842.98002969,136124445.74737075
2020-12-10,499137355.83296555,499137355.83296555,0,130310348.59059702,135354904.906739
2020-12-11,499137355.83296555,499137355.83296555,0,131430089.72163044,136406610.72226906
2020-12-14,499062597.3672891,449223620.249669,1,131057158.98900658,136157426.0691121
2020-12-15,501857306.36453885,449223620.249669,1,130801895.96845746,135908241.41595516
2020-12-16,501008506.7100996,348991894.42662376,3,131512172.44013418,136512880.6478801
2020-12-17,502247998.4405843,348991894.42662376,3,131447644.98512547,136318663.19762543
2020-12-18,501036539.02625555,348991894.42662376,3,131530676.63679108,136153761.58891863
2020-12-21,500141634.7967943,348991894.42662376,3,131837656.5146634,136384623.84110814
2020-12-22,494091654.89600635,394605218.5126018,2,129703980.30014753,134277547.72985452
2020-12-23,494453585.42400414,442052791.72557175,1,130944235.94274138,136069478.54446846
2020-12-24,495152262.67331654,442052791.72557175,1,133176126.73951311,138949759.97654733
2020-12-28,497248294.42125386,442052791.72557175,1,133258683.92459777,139224595.99105868
2020-12-29,499269536.7044629,392118359.10865265,2,133823773.6225049,139715636.33698562
2020-12-30,500519232.84110415,342058938.1578996,3,136336548.63519686,142654549.45216024
2021-01-04,502079737.9506252,291843443.3201754,4,139704312.4267542,146535233.97706038
2021-01-05,504736586.0686563,241362223.871655,5,141892552.2980789,148788889.29605335
2021-01-06,501334963.8413395,241362223.871655,5,140831645.0230828,147341419.61962697
2021-01-07,504632917.90617734,190891372.79230845,6,143843084.4123494,150540510.82853898
2021-01-08,503400104.0057285,190891372.79230845,6,149560406.71275318,157653266.8840925
2021-01-11,497855982.0270244,238861909.65442616,5,149383430.67806017,157986734.58169958
2021-01-12,505879104.1293491,332579967.91201746,3,148315880.87093085,156792114.03862363
2021-01-13,504942743.89161575,332579967.91201746,3,149375839.21276504,157711898.56718826
2021-01-14,503652195.6638119,384492621.3758911,2,149453651.73204023,157517681.11693358
2021-01-15,500426489.4541223,384492621.3758911,2,146415642.21424064,154065740.77467114
2021-01-18,497510577.9598443,431136239.2751633,1,143000906.23116958,150426911.94254097
2021-01-19,499839502.12421906,431136239.2751633,1,146736381.62296036,154402872.9524717
2021-01-20,501236856.6228439,431136239.2751633,1,147774988.968652,155377624.6839386
2021-01-21,499997496.0292425,381128999.8210976,2,149971294.77185273,157671589.2850599
2021-01-22,499695091.0014613,381128999.8210976,2,149012397.81176013,156520942.50430578
2021-01-25,499996208.4356885,400419726.33389586,2,152255851.35910952,160247718.86107954
2021-01-26,497845278.80041254,300820835.6589832,4,148997214.88116983,156374363.2965664
2021-01-27,498900682.1635694,201010801.0631352,6,148155036.69999,155253032.35736012
2021-01-28,492356762.41813433,246313957.88767332,5,145616166.025346,152588955.25669685
2021-01-29,482303440.633759,383317074.31326944,2,141211218.2878399,148250210.70761114
2021-02-01,483357743.8102615,431545200.8799029,1,145022133.86600116,152240829.6383158
2021-02-02,482878487.70301163,238278019.1696156,5,146933285.25405312,154285609.5862802
2021-02-03,486783074.1548418,140892232.36057162,7,148492856.90562382,155817362.3071567
2021-02-04,482377070.1189023,89186106.30567062,8,146493929.2000968,153288870.9736524
2021-02-05,484298605.8090379,0.0,10,148063464.6498674,155117446.5902012
2021-02-08,494753635.98962426,0.0,10,146669007.368466,153523397.7060354
2021-02-09,497981704.2255578,0.0,10,146357282.82478425,153142291.76591304
2021-02-10,502200992.81755364,0.0,10,147112159.1550699,153779911.3195793
2021-02-15,506708381.0842451,0.0,10,149314633.02382296,156476968.74198395
2021-02-16,511105375.2180785,0.0,10,150085641.21786082,157294147.82513103
2021-02-17,518348484.7497833,0.0,10,148685015.87090713,155447249.8076148
2021-02-18,507331355.4825839,0.0,10,146451701.67439255,152970061.19681925
2021-02-19,513613390.26010454,100730330.87697968,8,147446183.62805614,154252629.26453885
2021-02-22,513376294.9469631,254303330.55930638,5,146123845.2669586,152764850.3059841
2021-02-23,514563373.8661094,254100302.34251797,5,145665510.54976442,152376415.40547472
2021-02-24,502635568.7070536,203829216.10293,6,142101792.0602762,149202975.55791712
2021-02-25,508214105.903072,203829216.10293,6,147069931.62936568,154831617.13510936
2021-02-26,502590604.128459,394915208.0306177,2,142954408.50623685,150210707.61112538
2021-03-02,502048087.39085853,294475503.7713399,4,144421459.17452303,152002638.42573932
2021-03-03,503339257.8910494,244134038.07224506,5,146277572.43918523,154007109.09157535
2021-03-04,509260896.8156507,0.0,10,144403429.44444707,151771776.1735498
2021-03-05,518348330.48424274,0.0,10,143585923.5254765,150976583.97156364
2021-03-08,516460801.900009,0.0,10,142155406.78392318,149635384.2207483
2021-03-09,523484165.5585955,47225241.64662506,9,141206948.08861136,148700941.77140972
2021-03-10,520398838.2288501,0.0,10,140352908.24290788,147854446.8467148
2021-03-11,524405257.9172737,0.0,10,142989993.49980783,150617464.91260216
2021-03-12,529118556.8156053,2337016.9718078375,10,144920598.0176786,152490014.29147276
2021-03-15,539770378.538245,2337016.9718078375,10,144508761.02541718,151775440.6537433
2021-03-16,545119196.9393691,2337016.9718078375,10,145526966.3081281,152922422.95430395
2021-03-17,551205912.2919171,2337016.9718078375,10,144593690.54340658,151713144.49045402
2021-03-18,553395098.4515208,2337016.9718078375,10,145471928.1847383,152830810.94946682
2021-03-19,555755927.7428923,35423218.77144553,9,144215540.67839232,151310051.66917077
2021-03-22,551330925.4597616,85317070.48902667,8,144022432.77994713,151211110.70394665
2021-03-23,542523420.1322354,146117189.1393284,7,142564871.44327986,149770969.98790723
2021-03-24,538851639.2125862,247573402.84658653,5,142166793.98186588,149180988.67675623
2021-03-25,544564288.7161479,371153763.73238957,3,142735204.9458396,149705009.3444245
2021-03-26,546300252.4739985,261860974.50891578,5,144285761.73237237,151302722.70878375
2021-03-29,547603063.6291015,42688442.49790763,9,144049951.84164202,150994906.3725311
2021-03-30,544964598.9163396,0.0,10,145661240.3505359,152665909.34076002
2021-03-31,552008491.2031099,0.0,10,145254148.0240839,152090585.95038295
2021-04-01,552510441.8251017,0.0,10,146486812.2013826,153695628.2751292
2021-04-02,550029302.9861729,0.0,10,147691957.31698638,155278683.7187145
2021-04-05,550608957.321828,0.0,10,148072953.9814863,155685441.0201913
2021-04-06,553474542.459084,0.0,10,148369495.5945778,156062882.48012018
2021-04-07,558971010.3355873,0.0,10,148859619.57269537,156363369.85598594
2021-04-08,563961209.7859676,0.0,10,149137182.522549,156422001.5390817
2021-04-09,562921454.6123834,0.0,10,148597239.55343205,155483894.60954964
2021-04-12,570712893.7655855,0.0,10,148773266.65496317,155454578.76800177
2021-04-13,572826876.791223,0.0,10,150362255.23455253,157235516.14203525
2021-04-14,579600224.6875757,0.0,10,150993295.78721124,157832826.41357324
2021-04-15,585771962.0959061,0.0,10,151560283.35144213,158547400.05130273
2021-04-16,584796775.9410822,0.0,10,151763829.5146681,158463117.0068526
2021-04-19,586863983.8423386,0.0,10,151774267.77944896,158290886.4377588
2021-04-20,593534247.5427431,60560307.30261076,9,152811451.7253977,159258309.20883873
2021-04-21,588098576.757459,60560307.30261076,9,150484667.6124367,156381692.25695336
2021-04-22,603936609.7845548,157599.48823700845,10,150762705.02887127,156608890.0289494
2021-04-23,602175068.0574696,0.0,10,151169797.35532328,156964344.6077174
2021-04-26,611517765.6584493,43750409.857163005,9,152661045.8192377,158437465.64549822
2021-04-27,610117030.3963547,0.0,10,152560933.37065804,158356847.08124155
2021-04-28,601339853.8246788,118847443.83920649,8,150950119.3283451,156649199.31107774
2021-04-29,603288200.5796664,177190276.59904748,7,150599014.0584448,156209461.6878596
2021-04-30,604676264.3195665,116713592.25131235,8,149355437.14978436,154772985.45201364
2021-05-03,593999319.5944118,294656407.5067478,5,148375189.19354913,154040089.41331673
2021-05-04,589810967.4759514,176658867.769,7,149332188.287318,155216387.55542526
2021-05-06,602725338.1606392,56077679.96079383,9,150820589.95174673,156341382.97482502
2021-05-07,610552873.5365379,54843195.17812599,9,151696455.26017374,157044963.17197406
2021-05-10,628370488.4637449,0.0,10,154168426.14690435,159635750.66876766
2021-05-11,641266210.4904377,0.0,10,152276727.88867116,157121917.25603724
2021-05-12,626357873.5630889,0.0,10,150010201.03149036,154589761.44233942
2021-05-13,626291033.1227164,0.0,10,148133685.70384744,152468027.41031185
2021-05-14,631186042.3531533,0.0,10,149614495.90298107,153970464.28964052
2021-05-17,652632486.4634717,52575876.93974308,9,148722498.73080188,153274213.05287844
2021-05-18,666074584.7898915,0.0,10,150550618.46718827,155040492.506138
2021-05-20,650122617.5519267,0.0,10,150039617.95950902,154523800.7988567
2021-05-21,651375800.8420295,0.0,10,149761580.54307446,154670380.0065961
2021-05-24,651881851.7976147,69160430.51112531,9,149186527.04696745,154117043.4973799
2021-05-25,668252002.3321033,69160430.51112531,9,150468535.74868456,155502217.01051706
2021-05-26,680201238.338382,1130117.414217189,10,150331414.90679103,155205394.11484483
2021-05-27,679394033.0888687,1130117.414217189,10,150192870.6651547,155007512.18439665
2021-05-28,685071460.8300647,1130117.414217189,10,151294582.06611216,156088533.8414746
2021-05-31,705777501.5880646,13124459.973911852,10,152015296.80256972,156806771.95939758
2021-06-01,721152082.0953764,13124459.973911852,10,152866964.31536844,157689911.68602735
2021-06-02,722253518.3256446,13124459.973911852,10,152978938.4284718,157627615.5227381
2021-06-03,745521856.8844981,13124459.973911852,10,154079700.89626735,158990802.15471438
2021-06-04,782129935.0546893,4657545.8690918535,10,153730967.95927176,158386162.92278942
2021-06-07,841206586.2486556,4657545.8690918535,10,154302225.7227312,158767268.8629118
2021-06-08,801639040.4453468,50892670.45710248,9,154098679.55950522,158628018.6155594
2021-06-09,782493846.2395258,50892670.45710248,9,152596992.83080995,156898383.9642347
2021-06-10,780430852.9531995,0.0,10,152998391.55829057,157334457.10725936
2021-06-11,781161160.8433187,68423344.68473956,9,154169375.08006623,158591373.81362453
2021-06-14,769979176.2706516,49736033.5705896,9,154302700.18931216,158752610.9421379
2021-06-15,791924751.6117754,286661882.1178607,7,154611103.4669273,159086078.63974497
2021-06-16,793873761.5836285,46308619.4947584,10,155562408.9617248,160123126.5345011
2021-06-17,802807005.4911654,5727603.440333813,10,154911440.81266636,159305947.45135406
2021-06-18,812185760.3122932,5727603.440333813,10,155052357.38720742,159412217.37696508
2021-06-21,805988905.8899614,5727603.440333813,10,153764655.08651897,158107662.42808458
2021-06-22,799034494.9672575,0.0,10,154860198.42192414,159192348.56535602
2021-06-23,805252457.8623664,227862099.76836562,7,155444266.78306913,160038843.49005094
2021-06-24,807926185.6174085,225002813.72342592,7,155914463.16478696,160643482.7219759
2021-06-25,812256670.9113827,0.0,10,156708720.2212912,161383707.72105977
2021-06-28,813252752.099262,0.0,10,156663645.8961013,161229799.55293342
2021-06-29,818602446.540436,457563.734676674,10,155941982.22648185,160335666.3857232
2021-06-30,822542254.6923902,0.0,10,156416448.80742824,160812048.8108762
2021-07-01,818820903.7846856,0.0,10,155722778.66608465,159895928.76250505
2021-07-02,830838955.3004357,137744822.27877808,8,155709493.60181817,159771336.4359266
2021-07-05,830155068.3711436,0.0,10,156251808.90383986,160379640.14804503
2021-07-06,826006014.9646801,0.0,10,156821168.8009755,161053904.50364617
2021-07-07,822951954.3627983,0.0,10,155878403.70463505,160126791.01469457
2021-07-08,812780843.8115177,0.0,10,154328795.8512642,158536406.61072227
2021-07-09,811399414.2544724,258192799.22722018,7,152680973.41563743,156781120.59804317
2021-07-12,809564734.5723841,558415262.8811535,3,154034152.1044965,158041701.78460187
2021-07-13,831145867.4645787,308959415.6410229,6,155216048.35763392,159298618.49096704
2021-07-14,841368762.7352235,224809935.85080707,7,154904323.81395215,158880867.7489098
2021-07-15,858617224.6810913,0.0,10,155920156.76375833,160049836.9306314
2021-07-16,865003456.4726553,0.0,10,155478428.37689725,159338927.7730954
2021-07-19,876110562.5747426,0.0,10,153918856.72532654,157532339.0377075
2021-07-20,856421365.5677881,0.0,10,153380811.62253335,157041298.6917806
2021-07-21,867134254.1646799,0.0,10,152584182.2331244,156106856.24244204
2021-07-22,875340088.2159398,0.0,10,154211602.60577044,158078346.5865367
2021-07-23,884023343.7919183,0.0,10,154411353.03634888,158140642.74982595
2021-07-26,901254752.1288697,181873413.00612354,8,153013100.02229992,156645534.83088425
2021-07-27,899440163.7865299,53095754.88955413,9,153372745.6906573,156920370.8453956
2021-07-28,888233399.8985553,0.0,10,153578189.72020704,157261167.50338966
2021-07-29,907254330.0283133,0.0,10,153852905.870575,157385759.82996812
2021-07-30,896913875.4645171,82466311.99155542,9,151939382.1496183,155340979.88200375
2021-08-02,889245942.7562873,79534761.34079953,9,152922476.90533915,156396350.1777273
2021-08-03,896572448.0448304,0.0,10,153591474.78447354,157565319.35944888
2021-08-04,892681741.2352355,27497884.80025637,10,155643068.28048566,159789658.836894
2021-08-05,904503874.4499911,27497884.80025637,10,155441419.98358345,159309611.93154752
2021-08-06,901015980.6056422,27901839.744284377,10,155167652.76637742,158778262.30349225
2021-08-09,898398204.3801445,26001197.783294946,10,154696032.9849167,158177287.5517608
2021-08-10,896764247.05749,113586085.36988412,9,153878527.0659461,157044963.17197406
2021-08-11,900648419.0833441,150853116.84398186,8,152807655.99275014,155645131.73806295
2021-08-12,901420301.271978,150853116.84398186,8,152226908.8976718,154780314.4124006
2021-08-13,893229890.7073191,141164057.47136223,8,150467112.3489417,152464362.93011838
2021-08-17,895674140.311757,138108157.0909257,8,149129116.59067294,150723734.8382132
2021-08-18,906074624.2216222,223731605.71429712,7,149880671.65489197,151474953.27787754
2021-08-19,891827880.9463516,225916968.28960016,7,146981680.84530964,148396789.9153505
2021-08-20,882257169.9122825,225916968.28960016,7,145210971.5652178,146865037.19447398
2021-08-23,894902904.6825695,310949887.7103699,6,146620137.31062853,148257539.6679981
2021-08-24,909816936.6769282,395998646.00435203,5,148901847.0983996,151152479.02085093
2021-08-25,921469060.4961481,27190068.089718282,9,149305618.158785,151691157.60929313
2021-08-26,928334210.5498973,0.0,10,148438293.248815,150382938.18021914
2021-08-27,936977043.3454585,0.0,10,148693081.80278322,150331635.45751035
2021-08-30,962732562.8830637,0.0,10,149181307.914577,150793359.96188942
2021-08-31,961410065.5214051,0.0,10,151794669.84242964,153831214.04228812
2021-09-01,973159264.9633881,205019787.25635433,8,152162381.44266307,153878852.28480342
2021-09-02,981228002.5752441,8715383.624890715,10,150683469.10985324,152402066.76682913
2021-09-03,1004484525.4007882,8715383.624890715,10,151879599.36041903,153622338.6712595
2021-09-06,1021798965.9730835,103041765.85825434,9,151987303.27429387,154043753.89351022
2021-09-07,1036887482.4705346,0.0,10,151232426.9440082,153101982.48378468
2021-09-08,1037731815.8954477,0.0,10,150073305.0867562,151907361.94070873
2021-09-09,1046434304.4710783,200694811.8334552,8,147782105.96736616,149246949.32023892
2021-09-10,1061422104.9363642,114231589.73929022,8,148306866.00589287,149767305.50771374
2021-09-13,1080162972.2337039,166446152.89465776,8,148406503.9878916,150133753.5270622
2021-09-14,1084697745.6512125,0.0,10,149401460.40813613,151108505.25852907
2021-09-15,1078946086.228467,0.0,10,149618291.63562864,151288064.78800985
2021-09-16,1083039681.1717045,130659800.20986076,9,148512310.03544265,149957858.47777495
2021-09-17,1083885934.96662,130659800.20986076,9,149006704.21278876,150606471.4720217
2021-09-23,1079816271.6102238,261720131.17099035,8,148393218.9236251,150412254.02176702
2021-09-24,1078552403.7535365,366578521.0715892,7,148282193.74368367,150185056.24977097
2021-09-27,1082155581.36064,150082553.2863952,9,148680745.6716786,150599142.51163474
2021-09-28,1084262584.8350904,41640052.79082993,10,146985951.04453817,148851185.4593426
2021-09-29,1067620929.605272,41640052.79082993,10,145199584.3672751,146612188.06112352
2021-09-30,1081263531.3902597,279370502.88098145,8,145605253.29398423,147055590.16453516
2021-10-01,1080921831.564288,384741442.9868523,7,143250001.18616644,144670013.55857673
2021-10-05,1082924127.4448147,485370126.1826541,6,140545067.2081912,142185495.98739418
2021-10-06,1087412655.4748547,580411026.0727957,5,137989590.20321402,139957492.0297556
2021-10-07,1088970469.0273042,362551672.3510928,7,140416486.7647547,142233134.22990948
2021-10-08,1086519340.7998118,312667900.1358077,7,140266555.32517567,141969291.6559786
2021-10-12,1075553027.6978235,205096485.8211954,8,138372484.73403776,139503096.48576352
2021-10-13,1077548549.3603544,97182376.85069585,9,139702414.5604304,140752684.23174176
2021-10-14,1088432456.4787002,0.0,10,141800980.24795622,142764483.85796475
2021-10-15,1099657796.6841235,0.0,10,143054520.95481655,144083696.7276192
2021-10-18,1107675881.365814,0.0,10,142656917.95998347,143654952.54498148
2021-10-19,1118215947.9020097,0.0,10,143717825.23497957,144897211.33057278
2021-10-20,1123649768.695782,0.0,10,142962948.9046939,144285243.13826084
2021-10-21,1121462550.6188724,0.0,10,142687758.28774497,144080032.2474257
2021-10-22,1121820430.0869746,0.0,10,142632245.69777426,144138663.93052146
2021-10-25,1133933082.5725482,110499158.67310467,9,143314528.64117515,144750632.1228334
2021-10-26,1133979385.997868,335900555.1481544,7,144668656.26319608,146238411.08138812
2021-10-27,1133596119.2778358,449669764.5541667,6,143549389.5987436,144922862.69192716
2021-10-28,1132950932.739235,768889079.9275417,3,142793089.8687151,144340210.3411631
2021-10-29,1113154336.9329448,875373096.2595994,2,140948838.26857653,142354062.07629448
2021-11-01,1117701019.21153,875373096.2595994,2,141340747.66443825,142845102.42222142
2021-11-02,1126420087.2367103,762714214.0138747,3,142980029.70160794,144681006.9991572
2021-11-03,1123206422.0180688,762714214.0138747,3,141187494.95879257,142724174.57583645
2021-11-04,1125376166.3410053,650159739.4954228,4,141543819.3610833,143479057.49569425
2021-11-05,1122911538.4658144,313134843.90374017,7,140881938.4806631,142863424.82318884
2021-11-08,1121983985.2236845,330439204.9677043,7,140451597.29174474,142764483.85796475
2021-11-09,1119180469.5433173,553162423.557801,5,140558826.73903865,143046648.83286306
2021-11-10,1109345325.9909787,553162423.557801,5,139026774.1491628,141536882.99314743
2021-11-11,1109034437.5943818,553162423.557801,5,138777679.19416595,141437942.02792335
2021-11-12,1114922460.4283378,771653494.462671,3,140859638.55135864,143053977.79325005
2021-11-15,1116154797.1885738,771653494.462671,3,142317199.88802588,144512440.9102569
2021-11-16,1125913666.9036026,767856934.6540201,3,142207598.10782725,144406170.98464584
2021-11-17,1121093692.52841,431377637.99535096,6,140556928.87271485,142709516.6550625
2021-11-18,1112476786.4247122,431377637.99535096,6,139843331.13497153,141976620.61636558
2021-11-19,1107006920.6658552,535329356.33994347,5,140964970.13232872,143108944.9961523
2021-11-22,1121720895.1018672,535329356.33994347,5,142968642.50366527,146238411.08138812
2021-11-23,1119815413.9671495,544276693.1770169,5,142213291.7067986,145274652.79050165
2021-11-24,1121222266.6950831,546072599.6713938,5,142069053.86619094,144893546.8503793
2021-11-25,1122796835.9315882,546072599.6713938,5,141403851.71970412,143621972.22324014
2021-11-26,1107976292.6782436,650453874.7346033,4,139324264.69541615,141108138.81050974
2021-11-29,1103338071.5669823,650453874.7346033,4,138037511.32788962,139847557.62395105
2021-11-30,1090385525.7624586,760117432.6427815,3,134701536.7972557,136773058.7416175
2021-12-01,1096897674.3640883,986039543.97728,1,137582023.41018108,140397229.6529737
2021-12-02,1095925234.6238532,986039543.97728,1,139743218.6863918,142782806.25893217
2021-12-03,1099814993.5847938,986039543.97728,1,140837338.62205413,143632965.66382056
2021-12-06,1098842553.8445587,986039543.97728,1,141070776.17987975,143959104.40104073
2021-12-07,1096897674.3640883,986039543.97728,1,141947115.9548877,145227014.54798636
2021-12-08,1099328773.7146761,986039543.97728,1,142425378.26848164,145578804.64656088
2021-12-09,1100301213.4549115,986039543.97728,1,143742971.96376973,146993294.00124592
2021-12-10,1101759873.0652642,986039543.97728,1,142825353.59621945,145835318.26010484
2021-12-13,1106622071.76644,986039543.97728,1,142418735.7363484,145578804.64656088
2021-12-14,1108566951.2469103,986039543.97728,1,141768242.05387092,144897211.33057278
2021-12-15,1112456710.207851,986039543.97728,1,141836565.2415272,144988823.33540988
2021-12-16,1112456710.207851,986039543.97728,1,142644107.36229792,145729048.33449376
2021-12-17,1114887809.5584388,986039543.97728,1,143181203.53192922,146198101.79925978
2021-12-20,1113429149.948086,986039543.97728,1,140584447.93440974,143416761.332405
2021-12-21,1111970490.3377333,986039543.97728,1,141155231.23128822,144362197.222324
2021-12-22,1111970490.3377333,986039543.97728,1,141603602.15028253,145139067.02334273
2021-12-23,1116346469.1687915,986039543.97728,1,142253146.89959812,145901278.90358752
2021-12-24,1117805128.7791443,986039543.97728,1,142929736.2440276,146773425.18963686
2021-12-27,1119750008.2596145,986039543.97728,1,142318623.28776872,146069844.99248782
2021-12-28,1118777568.5193794,986039543.97728,1,143300294.64374673,147022609.8427938
2021-12-29,1122181107.6102026,986039543.97728,1,142021607.2080963,145377258.23591924
2021-12-30,1120236228.1297321,986039543.97728,1,141279541.47549617,144450144.74696764
2022-01-03,1119263788.389497,986039543.97728,1,141807148.31350854,144933856.1325076
2022-01-04,1124125987.0906727,986039543.97728,1,141829448.242813,144893546.8503793
2022-01-05,1125584646.7010255,986039543.97728,1,140156004.61181515,143057642.27344352
2022-01-06,1115860249.2986739,986039543.97728,1,138569388.3651305,141529554.03276047
2022-01-07,1121491404.7244406,1121491404.7244406,0,140199655.5372622,143226208.36234382
2022-01-10,1121491404.7244406,1121491404.7244406,0,138863083.17873627,142005936.45791343
2022-01-11,1121491404.7244406,1121491404.7244406,0,138894397.97307876,142537286.0859687
2022-01-12,1121323432.9713616,1009342264.2519965,1,141034242.2531469,144622375.31606144
2022-01-13,1125651188.7295468,896760283.3749164,2,140541271.47554362,144014071.603943
2022-01-14,1137814520.2086253,896760283.3749164,2,138635339.21988204,141980285.09655908
2022-01-17,1143204201.8925347,896760283.3749164,2,137125586.55931067,140646414.30613068
2022-01-18,1141236066.573376,896760283.3749164,2,135898615.98098335,139620359.851955
2022-01-19,1157028661.8982787,896760283.3749164,2,134856687.36922514,138594305.39777932
2022-01-20,1157030793.7823563,896760283.3749164,2,135824599.19435573,139393162.07995895
2022-01-21,1159171925.1154227,896760283.3749164,2,134477588.57104897,137813771.1165671
2022-01-24,1144572656.510091,782285872.2804084,3,132471069.40022679,136062149.5840815
2022-01-25,1148257473.1625557,782285872.2804084,3,129073414.21406981,132797097.73168676
2022-01-26,1140426343.4232423,905643835.2814543,2,128544383.9763146,132225438.82150318
2022-01-27,1134936540.5753448,905643835.2814543,2,124048813.12184775,127736450.58448459
2022-01-28,1140934006.5620513,905643835.2814543,2,126366582.36977078,131181061.96636008
2022-02-03,1138954931.9211898,900095379.8308644,2,128477009.72182024,132507603.7964015
2022-02-04,1141948884.753837,328693027.5545875,7,130490645.89135663,134244567.40811315
2022-02-07,1143533945.312982,99917708.6910335,9,130243923.26926453,132991315.18194145
2022-02-08,1142611883.326716,99917708.6910335,9,130310823.05717796,133196526.07277659
2022-02-09,1154019190.7020466,99917708.6910335,9,131372679.26533593,135091062.3328081
2022-02-10,1160769427.8963635,0.0,10,131518814.9722674,136161090.5493056
2022-02-11,1155205441.284004,0.0,10,130369656.91321531,135076404.41203415
2022-02-14,1135835700.3892002,108482819.63085182,9,128318537.88378416,133013302.06310235
2022-02-15,1137127259.5725393,216191539.91157863,8,126992878.25661997,132078859.6137638
2022-02-16,1145696248.830453,342274673.4068519,7,129514193.667769,134596357.50668767
2022-02-17,1142973033.8085606,678242220.4508977,4,130197900.01091273,135420865.5502217
2022-02-18,1150613145.6319106,678242220.4508977,4,130218302.07389343,135054417.53087327
2022-02-21,1149522594.0193257,678242220.4508977,4,130184140.48006529,134959141.04584265
2022-02-22,1142299887.0097685,678242220.4508977,4,128428139.66398276,133207519.51335703
2022-02-23,1151944431.7446737,678242220.4508977,4,129032610.08810845,133548316.1713511
2022-02-24,1142353694.9697118,796759870.3233132,3,125676707.96107477,130103704.78947562
2022-02-25,1140012378.8320787,441174019.2409666,6,127003316.52140082,131349628.05526036
2022-02-28,1153275150.195558,0.0,10,128067070.59588256,132485616.91524059
2022-03-02,1159958066.6308994,0.0,10,128272989.0920133,132137491.29685955
2022-03-03,1199714656.5251763,0.0,10,130339765.51861568,134508409.98204404
2022-03-04,1205358767.7109246,0.0,10,128743185.47373113,132540584.11814284
2022-03-07,1186121124.9455116,0.0,10,125795799.0728923,129367144.27058522
2022-03-08,1172184553.5745764,221364833.97667328,8,124424116.18737635,128029608.99996336
2022-03-10,1178704551.9179127,221364833.97667328,8,127172226.62421772,131192055.40694052
2022-03-11,1199928663.099635,92562727.62413163,9,126268842.25409582,130202645.7546997
2022-03-14,1183795486.3427126,0.0,10,125527250.98807664,129946132.14115578
2022-03-15,1168510939.3345075,12056680.076561376,10,124382837.59483401,128634248.2318883
2022-03-16,1159806586.3447433,341961498.4171294,7,126171576.60500182,130488475.2097915
2022-03-17,1171437258.1880782,0.0,10,127845494.70258062,132456301.07369271
2022-03-18,1169767368.922063,0.0,10,128439052.39534453,132775110.85052584
2022-03-21,1163020793.1119196,0.0,10,127444095.9751,131470555.90164536
2022-03-22,1171460693.5481842,0.0,10,128580443.43646654,132529590.6775624
2022-03-23,1174953875.1457243,6629533.982712537,10,129768982.2217372,133694895.37909047
2022-03-24,1170496139.4531128,6629533.982712537,10,129513244.7346071,133159881.27084173
2022-03-25,1170494560.6528962,115843105.04289398,9,129528427.66519739,132676169.88530177
2022-03-28,1168858064.7020264,457761579.5823887,6,129508500.06879763,132676169.88530177
2022-03-29,1168547908.0150435,457761579.5823887,6,130054611.10346693,133302795.99838763
2022-03-30,1167407467.1234434,454218930.86451274,6,130323633.6548635,133570303.052512
2022-03-31,1168216469.10859,220505628.06542104,8,130841276.694676,133977060.3539888
2022-04-01,1166026315.204516,220505628.06542104,8,129996726.18059146,133090256.14716552
2022-04-04,1171752965.214053,226741297.03309807,8,130853138.35919967,133731540.18102533
2022-04-05,1172823595.7721033,226741297.03309807,8,130914819.01472269,133658250.57715563
2022-04-06,1167005061.3871634,221919989.8720109,8,129768033.2885753,132291399.46498589
2022-04-07,1186442358.3131459,548662609.8709482,5,127909547.69100837,130356553.92282605
2022-04-08,1179790253.314281,675552825.597867,4,128124481.05217709,130459159.36824362
2022-04-11,1183756860.4840555,553883845.0914959,5,127778594.91466716,130374876.32379347
2022-04-12,1198410347.3252482,553883845.0914959,5,126528849.94045445,129106966.17684783
2022-04-13,1202688491.4166334,192915105.02244085,8,128888372.24750073,131554838.9460955
2022-04-14,1215784480.2000809,315109658.3750311,7,128898810.51228155,130961193.154751
2022-04-15,1223985784.760194,0.0,10,127919037.02262731,129663967.16625746
2022-04-18,1222942247.7638881,0.0,10,127783814.04705758,129587013.0821943
2022-04-19,1244954193.086651,0.0,10,129002244.22692785,130953864.19436403
2022-04-20,1294484335.809347,0.0,10,128992754.89530894,131012495.87745978
2022-04-21,1296518840.0743916,0.0,10,129444447.08036989,131562167.90648247
2022-04-22,1288247877.2690434,0.0,10,128329450.6151459,130246619.51702152
2022-04-25,1274207139.6084166,119216449.90234472,9,126071938.62300308,127883029.79222399
2022-04-26,1274585505.9888854,478387412.6037575,6,126602392.26050112,128502326.94492288
2022-04-27,1275394574.349487,478387412.6037575,6,125214577.51123299,126867968.77862877
2022-04-28,1265427237.2907524,478387412.6037575,6,126563486.0008635,128315438.45505518
2022-04-29,1290326998.8947368,474035596.0356411,6,127871115.89795172,130118362.71024954
2022-05-02,1279299974.861412,470847419.5895424,6,127510521.29643248,129729927.8097402
2022-05-03,1268505299.461019,683265851.0347651,5,127178869.15635097,129473414.19619627
2022-05-04,1263290607.7987604,430532022.88645136,7,127041748.31445748,129667631.64645097
2022-05-06,1253850011.125295,564948779.8377788,6,125473161.79784878,127890358.75261095
2022-05-09,1239807353.2320895,802762787.4420154,4,123874209.42005949,126574810.36314999
2022-05-10,1241108402.7992136,802762787.4420154,4,123198094.5422109,125937190.80948369
2022-05-11,1236632906.7400188,733647001.4144895,4,122994548.37898491,125852907.76503353
2022-05-12,1232915464.3649933,1098266628.7932053,1,120992773.87397218,123837443.65861703
2022-05-13,1267191726.6007085,844752343.0979178,3,123562484.87637772,126607790.68489136
2022-05-16,1274483273.6366446,589779311.026983,5,123199043.4753728,126036131.77470776
2022-05-17,1278538129.6522403,206045450.52649292,8,124331120.73751085,127351680.16416872
2022-05-18,1306639098.2539725,0.0,10,124593975.22335513,127648503.05984096
2022-05-19,1283001179.2942762,117585673.99505243,9,122997869.64505155,125779618.16116385
2022-05-20,1309088738.4127402,0.0,10,125225490.24259475,127996628.67822202
2022-05-23,1325922731.6376188,0.0,10,125609333.70658039,128381399.09853788
2022-05-24,1301527891.7658057,0.0,10,123639822.929072,126087434.49741656
2022-05-25,1302094182.1236393,0.0,10,124178342.4984461,126644435.4868262
2022-05-26,1296467777.2228007,0.0,10,123952021.93933468,126153395.14089927
2022-05-27,1305308110.4673793,56203808.83113155,10,125166656.38655742,127538568.65403643
2022-05-30,1308239195.3470953,56203808.83113155,10,126666445.24892887,129169262.34013706
2022-05-31,1323744973.2227383,181987791.7833534,9,127436978.9763858,129920480.77980141
2022-06-02,1307396772.336977,305512009.00734246,8,126160189.40705909,128443695.26182711
2022-06-03,1319132463.8922386,435815282.2940701,7,126713417.44044258,128993367.2908498
2022-06-07,1299885174.753851,830170647.3368989,4,124611056.0202692,126670086.84818059
2022-06-08,1296181757.1934721,1019169471.4480299,2,124602041.15523124,126871633.25882225
2022-06-09,1296204648.2353106,1019169471.4480299,2,124568354.02798402,127018212.46656162
2022-06-10,1293259661.8198,1019169471.4480299,2,123165356.34812559,125284913.33504343
2022-06-13,1277566177.8113556,1019169471.4480299,2,118830629.66459958,120883872.62266849
2022-06-14,1271603912.6015947,1271603912.6015947,0,118283095.23018745,120279233.39074354
2022-06-15,1271603912.6015947,1271603912.6015947,0,116120002.08765297,118073216.31426582
2022-06-16,1271603912.6015947,1271603912.6015947,0,116311212.11977433,118087874.23503977
2022-06-17,1271603912.6015947,1271603912.6015947,0,115813971.14294253,117296346.5132471
2022-06-20,1271603912.6015947,1271603912.6015947,0,113446382.90402016,115225915.20392834
2022-06-21,1271603912.6015947,1271603912.6015947,0,114295678.08391415,115936824.36146434
2022-06-22,1271603912.6015947,1271603912.6015947,0,111158505.05069676,112895305.80087215
2022-06-23,1271603912.6015947,1271603912.6015947,0,109806749.76158054,111931547.5099857
2022-06-24,1271603912.6015947,1271603912.6015947,0,112287261.04676816,114357433.3980725
2022-06-27,1271603912.6015947,1271603912.6015947,0,113963077.01067074,115870863.7179816
2022-06-28,1270270728.2698605,381481173.78047836,7,114920076.1044396,116937227.45428564
2022-06-29,1275588278.824609,381481173.78047836,7,112827678.48246607,114646927.33335777
2022-06-30,1256013601.8273997,381481173.78047836,7,110675972.5378743,112572831.5438455
2022-07-01,1245329861.4791982,256929532.86856773,8,109384474.50453828,111407526.8423174
2022-07-04,1240480610.2736616,374386993.624727,7,109143445.48141752,111403862.36212394
2022-07-05,1261277457.1081955,122055916.25879455,9,111109634.99285929,113243431.41925317
2022-07-06,1241438377.5096416,122055916.25879455,9,108748214.8194892,110769907.28865111
2022-07-07,1260087132.7954826,115174976.38912459,9,110753310.59056854,112979588.84532228
2022-07-08,1270968369.1985092,234523997.50894105,8,111528588.98383494,113653853.20092344
2022-07-11,1255206121.3224728,234523997.50894105,8,111037990.53913637,112972259.88493533
2022-07-12,1249412453.3826194,722277523.5236475,4,109969966.2654261,111777639.34185936
2022-07-13,1269708791.7713978,722277523.5236475,4,110484762.50575289,112349298.25204293
2022-07-14,1286653589.1120105,722277523.5236475,4,110186323.02633764,111894902.70805088
2022-07-15,1265366720.449329,722277523.5236475,4,110597211.08543718,112833009.63758291
2022-07-18,1273243218.6587262,722277523.5236475,4,112697674.63928677,115383487.85224816
2022-07-19,1283134907.363668,853800454.9610054,3,112494602.94264174,115028033.27348015
2022-07-20,1294480685.5153499,724332995.3770815,4,113248055.87318456,115804903.07449889
2022-07-21,1290883678.1045294,724332995.3770815,4,114306590.81527592,117146102.82531424
2022-07-22,1291116675.45091,724332995.3770815,4,113546495.35259981,116284949.97984536
2022-07-25,1295338352.5497508,724332995.3770815,4,114047057.59549825,116655062.47938731
2022-07-26,1295113615.170558,724332995.3770815,4,114486888.11603554,117120451.46395984
2022-07-27,1300790792.2491188,724332995.3770815,4,114608826.02733877,117168089.70647514
2022-07-28,1301681991.0163655,871776025.5876051,3,115545423.0581269,117857011.98285024
2022-07-29,1303712220.535228,871776025.5876051,3,116315482.31900287,118476309.13554911
2022-08-01,1307767318.1304936,871776025.5876051,3,116351067.31257384,118351716.80897066
2022-08-02,1298419452.3560548,871776025.5876051,3,115751816.02083857,117864340.94323722
2022-08-03,1307473542.1472695,1025451714.7857987,2,116787576.56704448,118655868.66502988
2022-08-04,1305205985.6445646,1025451714.7857987,2,117340804.60042797,119267836.8573418
2022-08-05,1307786187.2391112,1025451714.7857987,2,118180135.9821221,120011726.33661917
2022-08-08,1310679033.9254994,1025451714.7857987,2,118289263.29573974,119912785.37139507
2022-08-09,1313869449.8432722,1025451714.7857987,2,118780810.6736002,120235259.62842172
2022-08-10,1310863605.8085132,1025451714.7857987,2,117709465.1338233,118857415.07567154
2022-08-11,1316449651.4378188,1025451714.7857987,2,119744926.76608324,120898530.54344241
2022-08-12,1317316781.5291831,761909414.2061988,4,119942304.86375692,121173366.55795376
2022-08-16,1322288490.2369428,497372473.9400586,6,120207057.215925,121580123.85943054
2022-08-17,1330712304.3986802,497372473.9400586,6,119398091.69541143,120894866.06324895
2022-08-18,1329093723.90623,497372473.9400586,6,118998590.8342546,120488108.76177216
2022-08-19,1331935442.7646194,640594300.0011773,5,118269810.16592096,119751548.24288176
2022-08-22,1324659729.6384408,762599857.6447418,4,116837395.55804387,118278427.20510095
2022-08-23,1311213770.1151698,902436133.1588976,3,115548744.32419354,116783319.28615926
2022-08-24,1309574364.1314359,902436133.1588976,3,116123323.35371958,117212063.46879695
2022-08-25,1309811823.2851772,771435330.1409614,4,117537708.23152073,118593572.50174063
2022-08-26,1301010402.088074,778999786.2740686,4,117716582.1325375,118696177.94715822
2022-08-29,1294934898.9533472,908098033.3918412,3,115147820.06329383,115925830.9208839
2022-08-30,1304290628.6712346,516634950.24487317,6,116288437.7238889,117076477.70163803
2022-08-31,1305830520.3807411,516634950.24487317,6,117290511.14284766,118348052.32877716
2022-09-01,1296930564.3523998,637014971.6432072,5,114612621.75998634,115438455.05515042
2022-09-02,1303029319.6969256,376331019.65030444,7,114318452.47979957,114668914.21451868
2022-09-05,1315281867.4876757,244783130.27207434,8,114046583.1289173,114504012.6058119
2022-09-06,1316487753.7035692,106801207.94141005,9,114347394.94123732,114701894.53626002
2022-09-07,1300085868.2796187,224921123.06191933,8,112755085.0955813,112924621.64242002
2022-09-08,1294505639.981877,226363298.0657897,8,113126117.96188137,113276411.74099454
2022-09-13,1311932862.6070337,0.0,10,116222486.86913736,116735681.04364395
2022-09-14,1295613214.3503854,6638997.470824704,10,114413820.26256981,114602953.57103597
2022-09-15,1294169615.7995234,6638997.470824704,10,113958806.81144224,113829748.2502107
2022-09-16,1299601739.698361,6638997.470824704,10,113054947.9747394,113118839.0926747
2022-09-19,1275703151.4778752,261529851.9068845,8,111768194.60721283,112312653.4501081
2022-09-20,1285439887.593538,135665038.4816617,9,112346569.36938645,112697423.87042399
2022-09-21,1289349571.3831496,135665038.4816617,9,111367270.34631315,111645718.05489391
2022-09-22,1291177763.8346562,386474670.68528664,7,110660315.14070305,110539045.03646158
2022-09-23,1294279244.4857488,473651758.5713171,6,108652847.03671896,109106233.28080913
2022-09-26,1273799829.8886747,473651758.5713171,6,105376180.82870333,106185642.56660192
2022-09-27,1274791030.6326125,738848300.0708497,4,105514725.07033968,106343215.21492176
2022-09-28,1268194631.0144174,986585889.8274525,2,102925560.93811531,103774414.59928909
2022-09-29,1282916764.1271713,986585889.8274525,2,103003373.45739052,103576532.66884093
2022-09-30,1279888116.8472385,986585889.8274525,2,102270797.05640931,103103814.72388144
2022-10-04,1288237136.9921024,986585889.8274525,2,104827697.46112932,105635970.53757925
2022-10-05,1289015655.3989146,728705510.5062354,4,105104785.944402,105921799.99267104
2022-10-06,1308206255.6717992,466985861.07449204,6,106178978.28366458,106731650.11543113
2022-10-07,1307843419.909379,466985861.07449204,6,105940796.0600295,106420169.29898494
2022-10-11,1302733839.8464875,466985861.07449204,6,104006395.80951117,104423027.59353586
2022-10-12,1311484183.0880826,466985861.07449204,6,104499841.05369537,105203561.87474807
2022-10-13,1298102064.237687,630420805.8606919,5,102620953.39314774,103547216.82729304
2022-10-14,1306356640.5198195,757472399.0674418,4,104978103.36728932,106035398.87866907
2022-10-17,1299613698.0043883,757472399.0674418,4,105317821.43924692,106112352.96273226
2022-10-18,1307333361.0143778,889524929.7781465,3,106752608.38002874,107585474.00051302
2022-10-19,1302860071.5545454,628874837.556437,5,106159050.68726483,106742643.5560116
2022-10-20,1296716339.537908,628874837.556437,5,105240957.8531336,105760562.86415774
2022-10-21,1295931504.757315,628874837.556437,5,105005147.96240325,105745904.94338378
2022-10-24,1307096244.9577434,628874837.556437,5,106098318.9649037,106808604.19949432
2022-10-25,1302786367.7239053,771149317.8374496,4,106046602.10758054,106848913.48162262
2022-10-26,1299746152.8657641,895434641.5005264,3,106734104.18337184,107680750.48554364
2022-10-27,1304025616.5110016,895434641.5005264,3,108594962.11384352,109501997.14170545
2022-10-28,1304707190.6157506,895434641.5005264,3,107627999.2218748,108124152.58895527
2022-10-31,1307613593.3099396,895434641.5005264,3,108824129.4724406,109780497.63641027
2022-11-01,1314241616.977212,895434641.5005264,3,110798384.91575845,111356224.11960864
2022-11-02,1319033574.6236238,895434641.5005264,3,110876671.9016146,111352559.63941514
2022-11-03,1306777773.9344249,895434641.5005264,3,110511332.6342859,110542709.51665507
2022-11-04,1314269189.541275,1031550586.9218132,2,111425155.2691886,111521125.72831543
2022-11-07,1315965741.1889086,1031550586.9218132,2,112533509.20227933,112818351.71680899
2022-11-08,1322438577.5756543,1031550586.9218132,2,113826430.6353582,114335446.51691158
2022-11-09,1322706709.1417952,1031550586.9218132,2,115030152.35121913,115515409.1392136
2022-11-10,1322714120.503043,1031550586.9218132,2,113977785.4746801,114012972.25988494
2022-11-11,1331113225.7850707,1031550586.9218132,2,117817643.51427905,118395690.57129246
2022-11-14,1337277755.1609051,1031550586.9218132,2,117413872.45389369,117824031.66110887
2022-11-15,1350427205.4176776,1031550586.9218132,2,117683369.47187124,118109861.11620067
2022-11-16,1349876119.5629003,1031550586.9218132,2,117546723.09655868,117981604.3094287
2022-11-17,1348759125.13085,1031550586.9218132,2,115907441.05938897,116072410.12862326
2022-11-18,1346486134.9061644,1031550586.9218132,2,115982406.7791785,116207995.89578219
2022-11-21,1344587579.9913435,897071687.3001695,3,114797189.25997446,115310198.24837847
2022-11-22,1331952912.928958,1044483691.861451,2,114122023.31528778,114339110.99710505
2022-11-23,1330768905.267643,1168246215.404332,1,114726493.73941346,115104987.35754335
2022-11-24,1331965622.8236856,1035029700.5735613,2,115832949.8061804,116273956.53926492
2022-11-25,1324531258.9627287,1066229787.9980203,2,115668309.902592,115823225.47546631
2022-11-28,1307891717.8230653,1179750742.4278345,1,114264363.2895717,114408736.12078126
2022-11-29,1307061005.5531378,787456172.6077054,4,115456223.34090897,115643665.94598557
2022-11-30,1301351964.3887444,787456172.6077054,4,117313285.53873308,117629814.21085419
2022-12-01,1315132762.337788,524350806.7504751,6,117660120.60940488,118003591.1905896
2022-12-02,1313551306.6873395,261561826.79694515,8,115500823.19951794,115438455.05515042
2022-12-05,1332200781.1058118,0.0,10,114788648.86151744,115031697.75367366
2022-12-06,1304848632.8264403,0.0,10,113547444.28576171,113650188.72072996
2022-12-07,1319870751.4622598,0.0,10,113056371.37448223,112964930.92454836
2022-12-08,1314570608.4395204,131278518.69182996,9,112499822.07503213,112953937.48396792
2022-12-09,1369984914.9712894,0.0,10,113351964.05441181,114196196.26955917
2022-12-12,1362991912.1421938,0.0,10,112591868.59173574,113466964.71105573
2022-12-13,1380068485.9605105,0.0,10,112562451.66371706,113437648.86950786
2022-12-14,1382082051.1735342,0.0,10,113836394.43355806,114782513.1005167
2022-12-15,1366712903.7440093,1.4901161193847656e-08,10,112020136.36169535,112767048.9941002
2022-12-16,1345715398.3770523,1.4901161193847656e-08,10,111975062.03650545,112675436.98926307
2022-12-19,1342533696.4249992,16113453.474099457,10,111602605.77046254,112415258.89552566
2022-12-20,1326482388.3193245,124354486.09330225,9,110706812.8656358,111418520.28289787
2022-12-21,1349755205.2648265,253712764.24587137,8,110500894.36950508,111118032.90703215
2022-12-22,1364677007.676966,0.0,10,111818962.53137408,112675436.98926307
2022-12-23,1329401070.305303,132657855.32444328,9,109776858.36698093,110692953.20458794
2022-12-26,1338071001.488586,132657855.32444328,9,109940549.3374074,110766242.80845761
2022-12-27,1352765137.4618754,132657855.32444328,9,110683089.53658848,111480816.44618712
2022-12-28,1360579552.8902423,0.0,10,108199731.45191517,108868042.06823261
2022-12-29,1365411434.0597339,232402627.3416401,8,106109706.16284643,106673018.43233539
2023-01-02,1346257845.6373267,348897446.6256691,7,105600603.52149096,106192971.5269889
2023-01-03,1333211828.7177615,618341079.8851273,5,105268951.38140944,106116017.44292572
2023-01-04,1328706097.8312457,618341079.8851273,5,107038711.7283394,108461284.76675585
2023-01-05,1325544579.975097,755604255.3842118,4,107450074.25401992,109153871.52332443
2023-01-06,1328271538.7253547,781924805.3625795,4,108651423.63697611,110495071.27413976
2023-01-09,1334185197.6298501,247930809.7880786,8,111508661.38743518,113485287.11202317
2023-01-10,1358957534.1131415,0.0,10,111561801.64450116,113441313.34970136
2023-01-11,1352746715.8114893,0.0,10,111951813.17403908,113738136.24537359
2023-01-12,1361307422.681935,0.0,10,112216091.0596262,113855399.6115651
2023-01-13,1367358577.0862978,0.0,10,113211996.41303265,114980395.03096487
2023-01-16,1367649942.6060574,0.0,10,113865336.89499581,115812232.03488587
2023-01-17,1372194084.0813227,0.0,10,112894103.80379856,114973066.07057789
2023-01-18,1371526833.724238,0.0,10,112368869.29869094,114298801.71497674
2023-01-19,1377012301.7419887,273101947.1021539,8,112939178.12898849,114995052.95173879
2023-01-20,1377470188.2989614,415738470.4508631,7,113647082.26776049,115643665.94598557
2023-01-25,1372902706.751662,549672071.2022059,6,115227530.44889282,117541866.68621056
2023-01-26,1389445855.692625,549672071.2022059,6,117129192.5053259,119304481.65927663
2023-01-27,1396532985.2629323,409997852.9228004,7,117858447.64024045,120187621.38590641
2023-01-30,1390529747.069144,409997852.9228004,7,116266612.26116537,118241782.40316612
2023-01-31,1393752472.7009826,661457059.2680538,5,115061941.61214253,116259298.61849098
2023-02-01,1399194862.426199,661457059.2680538,5,116234823.00024197,117699439.3345304
2023-02-02,1399159172.4835987,945522748.3579509,3,117140105.23668765,118703506.90754516
2023-02-03,1398664869.6209674,945522748.3579509,3,117686690.73793787,119410751.5848877
2023-02-06,1396682804.1710079,945522748.3579509,3,115683967.29976325,116834622.00886805
2023-02-07,1396516572.7065125,945522748.3579509,3,116325446.11720273,117464912.6021474
2023-02-08,1398332508.6091475,945522748.3579509,3,117840417.91016449,119326468.54043753
2023-02-09,1399533214.3088388,945522748.3579509,3,117739830.99500386,119058961.48631316
2023-02-10,1405406999.2433567,945522748.3579509,3,117180434.89606808,118615559.38290153
2023-02-13,1402705809.546714,966724127.114349,3,116372418.3087164,117904650.22536553
2023-02-14,1402501310.5425208,966724127.114349,3,116986378.06446102,118534940.81864488
2023-02-15,1398637250.634758,1105005451.9185133,2,115195741.18796943,116526805.67261535
2023-02-16,1401492791.1811984,964835178.750493,3,117453253.18011226,118765803.07083441
2023-02-17,1398100922.2750149,964835178.750493,3,116301722.7881554,117549195.64659752
2023-02-20,1399564020.4611976,964729160.309439,3,116487239.22130544,117919308.14613949
2023-02-21,1397699451.59412,545230833.3213234,6,116669434.38838886,117835025.10168932
2023-02-22,1378615776.076384,673098739.9849483,5,114710836.34224221,115775587.232951
2023-02-23,1381933908.1640644,534884648.1063533,6,115726669.29204842,117058155.30067061
2023-02-24,1372177838.472518,690931286.3882298,5,114992195.02474342,116142035.25229947
2023-02-27,1360434142.6466217,819679230.5559077,4,113997238.60449888,115042691.1942541
2023-02-28,1351550770.6526668,1083753495.057183,2,114481668.98364514,115357836.49089377
2023-03-02,1377728432.333827,945960013.7587032,3,115193368.85506468,115892850.59914252
2023-03-03,1390839115.9067497,806855267.7078109,4,115393593.75222407,115929495.40107737
2023-03-06,1409900275.4444668,242557085.72853896,8,116843089.15701522,117607827.32969329
2023-03-07,1477423399.05795,94792614.34924734,9,116877725.2174243,117190076.58763605
2023-03-08,1528175764.6715865,0.0,10,115386002.2869289,115570376.34211586
2023-03-09,1532912921.1526165,0.0,10,114777736.13015567,115079335.99618895
2023-03-10,1482600286.3105373,130645097.23160438,9,113615293.00683706,113837077.21059768
2023-03-13,1431065683.811779,520609526.1275203,6,114374914.0029322,114775184.14012973
2023-03-14,1376055095.2659724,643899915.8680025,5,111450776.4645597,111979185.75250101
2023-03-15,1392541925.4863787,890321428.9263419,3,112909761.2009698,113269082.78060758
2023-03-16,1404385960.9294748,749861795.4444555,4,112823882.74981849,113008904.68687017
2023-03-17,1430988507.690381,914543427.4622614,3,113667484.33074117,114357433.3980725
2023-03-20,1432531509.9535947,484590785.57069016,6,112885088.9387606,113411997.50815347
2023-03-21,1434943800.499864,53914131.19759786,9,113319225.86032653,113730807.28498663
2023-03-22,1442040150.713135,0.0,10,114676674.7484141,115104987.35754335
2023-03-23,1447517972.248681,14678153.560404092,10,115033473.61728576,115705962.10927479
2023-03-24,1430692344.5601423,14678153.560404092,10,114581781.43222481,115174612.48121955
2023-03-27,1433858338.0411425,3237593.567704022,10,114309437.6147616,114643262.85316429
2023-03-28,1414715690.4244246,39086042.38865626,10,115529765.66095567,115929495.40107737
2023-03-29,1404189584.4330504,37766989.9230791,10,115955836.65064551,116167686.61365387
2023-03-30,1411959696.6907213,37766989.9230791,10,116394243.77143994,116548792.55377626
2023-03-31,1403794001.5283856,55487048.40058458,10,117518729.56828286,118007255.6707831
2023-04-03,1397617333.5884979,187413712.42039546,9,117304270.67369512,117402616.43885814
2023-04-04,1430754122.4574811,44316867.79652098,10,117691909.87032829,117904650.22536553
2023-04-05,1447029037.89627,44316867.79652098,10,118389375.74431945,118567921.14038624
2023-04-06,1445386476.1725178,44316867.79652098,10,116682244.9860744,116464509.5093261
2023-04-07,1450837877.493024,44316867.79652098,10,118161631.78546517,118494631.53651656
2023-04-10,1454583412.246933,383727293.275215,7,119189800.86637597,119601304.55494888
2023-04-11,1472548556.9724803,519883130.0624962,6,120887442.2930021,121246656.16182347
2023-04-12,1472897706.5718186,77815185.46482068,9,121019344.00250518,121693722.74542856
2023-04-13,1500220360.167857,0.0,10,121542206.17470808,122060170.76477702
2023-04-14,1511108333.9808552,0.0,10,122008606.82377835,122276375.09619263
2023-04-17,1508629823.4490986,0.0,10,122218321.05255665,122364322.62083626
2023-04-18,1500880271.4862084,0.0,10,121989628.1605405,122210414.45270988
2023-04-19,1487509442.8308353,333566241.52045727,8,122178940.32633811,122309355.41793397
2023-04-20,1479076255.711341,191962245.63336474,9,121611003.82894532,121902598.11645721
2023-04-21,1474018730.338004,354370735.4290477,8,120723276.85599464,121272307.52317783
2023-04-24,1454852723.2012763,284880420.78846955,8,119731641.70181672,120451463.9598373
2023-04-25,1458441354.661171,432785869.43874943,7,118095680.93071364,118905053.31818683
2023-04-26,1478142919.7744308,577888629.9928236,6,117896879.4332971,118718164.82831912
2023-04-27,1485372302.3633027,725583780.5667813,5,118417843.73917623,119128586.60998937
2023-04-28,1482724919.850292,725583780.5667813,5,118689238.62347755,119630620.39649674
2023-05-02,1493312986.9391532,576230112.3768815,6,119773869.22752096,120594378.68738319
2023-05-03,1503252723.067624,275489480.70444334,8,118683070.55792524,119652607.27765767
2023-05-04,1500156633.7295563,117319640.02027941,9,118661245.0952017,119524350.47088572
2023-05-08,1481045446.527151,0.0,10,119243415.59002292,120524753.56370698
2023-05-09,1496777217.7371047,0.0,10,119093958.61702481,120275568.91055004
2023-05-10,1486132861.1352568,0.0,10,118451056.39984249,119476712.22837041
2023-05-11,1499055553.3118172,8505013.9541592,10,118189625.31374101,119198211.73366559
2023-05-12,1481148025.7824326,8505013.9541592,10,117450406.38062659,118586243.54135367
2023-05-15,1470952735.4344544,6071033.780005753,10,117636871.74693848,118897724.35779984
2023-05-16,1463511399.1999428,305842762.24897414,8,117679099.2726427,119209205.17424604
2023-05-17,1464351748.7713342,12884656.6967386,10,118363280.08236739,119685587.59939905
2023-05-18,1476167351.2194328,148450071.18959776,9,119347323.77125017,120869214.70189454
2023-05-19,1478072053.5728765,620724.6421132684,10,120409654.44598907,122477921.50683427
2023-05-22,1507817336.8702548,0.0,10,121324900.48063464,123225475.4663051
2023-05-23,1518991807.231434,0.0,10,121821666.9908855,123525962.84217083
2023-05-24,1519379890.195138,0.0,10,121816922.32507601,123306094.03056176
2023-05-25,1508307454.8524292,149990324.88455942,9,121211502.96778846,122888343.28850453
2023-05-26,1502153125.1732917,178744071.06978366,9,121406983.19913836,123533291.80255781
2023-05-30,1512631541.4641032,313021222.49941266,8,122674283.43684612,125141998.60749753
2023-05-31,1509863599.5281796,313021222.49941266,8,122275731.50885116,124269852.3214482
2023-06-01,1513728156.3288436,161625731.55585277,9,121898530.5769988,123888746.38132581
2023-06-02,1526484756.4476051,301941769.545066,8,123425838.5010652,125570742.79013522
2023-06-05,1553806869.4327695,146537806.92091674,9,124092464.04729481,126025138.33412732
2023-06-07,1548407850.970209,0.0,10,124101478.9123328,125772289.20077688
2023-06-08,1547312350.5661542,0.0,10,123876107.28638327,125600058.63168311
2023-06-09,1543423219.9868178,291023182.3597925,8,125314215.49323171,127080508.62985088
2023-06-12,1547549966.5060298,0.0,10,124753870.46113406,126266994.0268973
2023-06-13,1532066482.9530604,0.0,10,125161911.72074793,126933929.42211148
2023-06-14,1534401632.4408016,0.0,10,124266593.28250213,126296309.86844516
2023-06-15,1543653952.0173175,122235755.11544818,9,123766505.50618467,125761295.76019642
2023-06-16,1598776837.7369237,271403316.3921566,8,124584960.35831714,126486862.83850637
2023-06-19,1603492255.6731935,238079760.71343172,8,123812054.29795553,125739308.8790355
2023-06-20,1645541950.0142922,238079760.71343172,8,123594274.13730113,125537762.46839385
2023-06-21,1637791809.8129516,238079760.71343172,8,122537162.59495261,124387115.68763971
2023-06-22,1622816051.3598905,238079760.71343172,8,123062397.10006024,125002748.3601451
2023-06-23,1613282825.1052642,414179325.8254782,7,121942655.9690268,124024332.14848474
2023-06-26,1621459176.2287788,566987654.3107041,6,122516760.53197192,124731576.82582726
2023-06-27,1642122563.8443906,402750799.2959583,7,122478328.73891526,124709589.94466634
2023-06-28,1637786208.6732879,238947644.7559575,8,121662246.2196875,124009674.22771081
2023-06-29,1615525775.9007604,741385878.2039032,5,120989927.07448651,123269449.22862692
2023-06-30,1638365959.9602776,1093896258.3473933,3,121666516.41891603,123841108.1388105
2023-07-03,1633233796.3413367,1093896258.3473933,3,123478504.2915502,125720986.47806808
2023-07-04,1631395932.9497914,1093896258.3473933,3,123043892.90340334,125174978.92923887
2023-07-05,1622563437.2379184,1093896258.3473933,3,122364931.22606908,124240536.47990035
2023-07-06,1607808593.9194417,1281283543.582077,2,121287417.62073986,123199824.10495071
2023-07-07,1610102166.1922388,1281283543.582077,2,119883945.47430052,121503169.77536736
2023-07-10,1595366981.0945659,1595366981.0945659,0,119598791.05915174,121235662.721243
2023-07-11,1595366981.0945659,1595366981.0945659,0,121581586.90092662,123500311.48081644
2023-07-12,1595128034.4673426,1435830282.9851093,1,122161859.52942403,124394444.64802667
2023-07-13,1642621047.2806172,1271543572.15957,2,122945203.85456648,125006412.8403386
2023-07-14,1711419614.5634499,1271543572.15957,2,124704051.4701347,127131811.35255964
2023-07-17,1725222577.108246,1271543572.15957,2,124262797.54985456,126699402.68972845
2023-07-18,1725215401.9661703,1098996188.620436,3,123722854.58073759,125830920.88387263
2023-07-19,1682321988.93974,1257383886.4164693,2,123752271.50875628,125731979.91864856
2023-07-20,1699333949.9647121,1257383886.4164693,2,123372223.77741823,125204294.77078678
2023-07-21,1677403928.7763,1257383886.4164693,2,123824390.42906013,125468137.34471765
2023-07-24,1709610666.4224067,1257383886.4164693,2,124714964.20149648,126175382.02206019
2023-07-25,1713783581.8603332,1257383886.4164693,2,125091216.20018692,126395250.83366925
2023-07-26,1693465164.20261,1257383886.4164693,2,122998818.57821344,124797537.46931
2023-07-27,1739864379.117319,1487693007.6418622,1,123542082.81339702,126336619.1505735
2023-07-28,1733753982.418007,1487693007.6418622,1,123756067.24140385,126069112.0964491
2023-07-31,1729523707.7800217,1487693007.6418622,1,124907123.16677974,126651764.44721317
2023-08-01,1735164073.9640021,1487693007.6418622,1,126543558.40446378,128623254.79130785
2023-08-02,1702878735.4345272,1702878735.4345272,0,124142757.50487514,125984829.05199899
2023-08-03,1702878735.4345272,1702878735.4345272,0,123617048.53318655,125156656.52827148
2023-08-04,1702878735.4345272,1702878735.4345272,0,123494161.68872145,125050386.60266042
2023-08-07,1702878735.4345272,1702878735.4345272,0,122446065.0114109,124475063.21228334
2023-08-08,1702878735.4345272,1702878735.4345272,0,122126749.00243402,123841108.1388105
2023-08-09,1702878735.4345272,1702878735.4345272,0,123604237.935501,125182307.88962588
2023-08-10,1702878735.4345272,1702878735.4345272,0,123435327.8326841,124760892.66737513
2023-08-11,1702878735.4345272,1702878735.4345272,0,122946627.25430934,124218549.59873943
2023-08-14,1702878735.4345272,1702878735.4345272,0,121979189.89575969,123247462.34746602
2023-08-16,1702878735.4345272,1702878735.4345272,0,119833177.55013925,121396899.8497563
2023-08-17,1702878735.4345272,1702878735.4345272,0,119558461.39977129,121012129.42944044
2023-08-18,1702623686.1980667,1532590861.8910744,1,118830155.19801863,120348858.51441975
2023-08-21,1708213000.4918952,1532590861.8910744,1,119034175.82782556,120502766.68254606
2023-08-22,1696740197.467721,1532590861.8910744,1,119363455.63500233,120817911.97918575
2023-08-23,1700270290.7059283,1532590861.8910744,1,118877601.85611327,120616365.56854409
2023-08-24,1695857674.158169,1532590861.8910744,1,120404435.31359868,122327677.81890139
2023-08-25,1692368242.3626661,1363328686.3554265,2,119524774.2725241,121019458.38982742
2023-08-28,1690840912.438747,1363328686.3554265,2,120676304.66448094,121854959.87394188
2023-08-29,1692293028.1571624,1194074033.367021,3,121091462.92280902,122305690.93774049
2023-08-30,1705342722.5445125,1023514215.458365,4,121521329.64514643,122738099.60057168
2023-08-31,1715910244.832452,1023514215.458365,4,121286468.68757798,122668474.47689547
2023-09-01,1715917725.5718207,851896738.8357875,5,121639471.82380208,123962035.9851955
2023-09-04,1725882157.9766953,851896738.8357875,5,122628260.17849433,124966103.55821027
2023-09-05,1726331422.1638293,679237736.5591536,6,122515811.59881002,124698596.5040859
2023-09-06,1721876446.4442496,837692397.8729447,5,121621916.56030707,123804463.33687568
2023-09-07,1718337901.8846984,834141976.5615964,5,120906420.95623995,123397706.03539889
2023-09-08,1743677837.1402555,834141976.5615964,5,120878901.89454505,123273113.70882039
2023-09-11,1774716412.4331117,656643750.4616551,6,121315411.14901571,123705522.37165157
2023-09-12,1769629005.3030708,656643750.4616551,6,120352243.98969458,122957968.41218074
2023-09-13,1762432596.7251792,810703143.2179313,5,120263044.27247664,123122870.02088755
2023-09-14,1799603706.523347,630715814.9028435,6,122075032.14511085,125028399.7214995
2023-09-15,1777590846.2698002,777350609.3804641,5,123422042.76841761,126417237.71483016
2023-09-18,1772486605.674386,777350609.3804641,5,122161859.52942403,124837846.75143832
2023-09-19,1764277784.312009,777350609.3804641,5,121425961.86237621,124159917.91564366
2023-09-20,1758750243.8681133,777350609.3804641,5,121451108.59116636,124134266.55428928
2023-09-21,1753316106.5813708,1314273480.9877574,2,119326921.70826946,122041848.3638096
2023-09-22,1744372908.2601914,1522309029.9359236,1,119002386.56690216,121668071.38407417
2023-09-25,1740375031.5636826,1522309029.9359236,1,118415471.40627152,121506834.25556086
2023-09-26,1732064172.7983127,1732064172.7983127,0,116859695.48734833,119791857.52501006
2023-09-27,1732064172.7983127,1732064172.7983127,0,116959333.46934709,119722232.40133387
2023-10-04,1732064172.7983127,1732064172.7983127,0,114141950.91168752,117061819.78086409
2023-10-05,1732064172.7983127,1732064172.7983127,0,114042787.39626974,116743010.00403093
2023-10-06,1732064172.7983127,1732064172.7983127,0,114286188.75229524,116874931.29099637
2023-10-10,1732064172.7983127,1732064172.7983127,0,113994391.80501321,116937227.45428564
2023-10-11,1732064172.7983127,1732064172.7983127,0,116248108.06450847,119000329.80321743
2023-10-12,1732064172.7983127,1732064172.7983127,0,117659171.67624298,120506431.16273957
2023-10-13,1732064172.7983127,1732064172.7983127,0,116536109.27914293,119377771.26314633
2023-10-16,1732064172.7983127,1732064172.7983127,0,115591446.31647868,118468980.17516217
2023-10-17,1731804752.3031359,1558857755.5184815,1,116726844.84468336,119956759.13371691
2023-10-18,1735320993.954631,1558857755.5184815,1,116842140.22385333,120495437.72215912
2023-10-19,1731934983.4754133,1558857755.5184815,1,114621636.62502432,118274762.72490747
2023-10-20,1732976832.853634,1558857755.5184815,1,112685812.97476313,116515812.23203489
2023-10-23,1728158279.479363,1558857755.5184815,1,111832722.06222154,115614350.10443771
2023-10-24,1731674521.1308582,1558857755.5184815,1,113089584.03514849,116688042.80112867
2023-10-25,1734279815.6668086,1385403794.826385,2,112124519.00950356,115977133.64359266
2023-10-26,1725064246.9524899,1385403794.826385,2,109083662.69221827,112774377.95448717
2023-10-27,1728168161.1625266,1385403794.826385,2,109260638.72691125,113060207.40957893
2023-10-30,1730883663.816969,1039123333.517417,4,109627875.86056377,113214115.57770531
2023-10-31,1730414260.7359958,1210250479.900664,3,108083012.67300235,111971856.79211405
2023-11-01,1743470265.5992289,1035877336.5444322,4,109201330.40429296,113492616.07241012
2023-11-02,1749971878.6101756,1035877336.5444322,4,111173213.51470608,115489757.77785924
2023-11-03,1758749709.2840452,1035877336.5444322,4,112369818.23185283,116618417.67745247
2023-11-06,1796859836.8162367,856164436.3026125,5,118729093.81627703,122452270.14547987
2023-11-07,1800366953.1627607,856164436.3026125,5,115957734.5169693,119934772.252556
2023-11-08,1832801201.8957481,856164436.3026125,5,114897776.1751351,118729158.26889956
2023-11-09,1841232735.025072,672013581.543776,6,115156834.92833182,119201876.21385907
2023-11-10,1841346262.304738,672013581.543776,6,114330314.14432324,118637546.26406245
2023-11-13,1839126913.4015188,488073340.4920338,7,114050378.86156489,118476309.13554911
2023-11-14,1850944075.0141544,117773601.95294562,9,115449580.80877572,119670929.67862509
2023-11-15,1859696371.3761091,118085663.8219598,9,117984181.28419124,122378980.54161017
2023-11-16,1850539878.3166203,0.0,10,118055825.73791413,122507237.34838213
2023-11-17,1878227353.381877,0.0,10,117186128.49503945,121682729.30484812
2023-11-20,1882088059.9838421,17409213.126328796,10,118199114.64535995,122477921.50683427
2023-11-21,1893327581.234934,17409213.126328796,10,119111039.41393888,123335409.87210965
2023-11-22,1904004409.123447,17409213.126328796,10,119171771.1363,123423357.39675328
2023-11-23,1927752051.4566457,5542244.6648058,10,119326447.24168852,123460002.19868813
2023-11-24,1953083807.4415855,5542244.6648058,10,118456749.99881384,122393638.46238412
2023-11-27,1943916825.3531206,5542244.6648058,10,118410726.74046202,122272710.61599913
2023-11-28,1936531351.2454386,5542244.6648058,10,119649084.51673207,123683535.49049067
2023-11-29,1923214109.5689929,191482942.69321084,9,119556563.5334475,123353732.27307707
2023-11-30,1906336918.2286224,931808520.5836384,5,120291037.8007525,124017003.18809779
2023-12-01,1906078695.3664327,1125774458.479686,4,118854352.9936469,122686796.87786289
2023-12-04,1907241123.7244046,935021776.0599536,5,119325972.77510756,123177837.22378981
2023-12-05,1902900382.6390667,554327662.3537959,7,118345250.35229144,121972223.24013339
2023-12-06,1905211655.5676003,47212224.814017445,10,118397441.67619555,122192092.05174246
2023-12-07,1904528960.8284807,47212224.814017445,10,118240393.2379023,121906262.59665067
2023-12-08,1905061831.360385,45997519.36940524,10,119463568.08358203,123346403.31269011
2023-12-11,1903838433.0267982,45997519.36940524,10,119819892.48587275,123833779.17842355
2023-12-12,1908449697.1427147,231212180.17162675,9,120290088.8675906,124508043.53402469
2023-12-13,1913028749.9814584,610276920.6166239,7,119122426.61188157,123375719.15423797
2023-12-14,1913151546.9644127,610276920.6166239,7,120712838.59121382,125079702.4442083
2023-12-15,1914664271.539003,604148730.8389521,7,121632354.82508789,126054454.17567518
2023-12-18,1918556575.825378,538393508.0900717,7,121788928.7968002,125874894.64619443
2023-12-19,1908008582.625902,0.0,10,121869113.64898014,126039796.25490125
2023-12-20,1927482840.5501187,0.0,10,124039798.25680977,128297116.05408773
2023-12-21,1914114526.0980008,0.0,10,123362259.97921835,127809740.18835427
2023-12-22,1909277828.2669933,197426842.84661537,9,123338062.18359011,127945325.9555132
2023-12-26,1936553450.0892372,402125751.3614174,8,123484197.89052159,128414379.42027925
2023-12-27,1926004103.3642364,772994703.8354512,6,124001840.93033406,129158268.89955659
2023-12-28,1939935348.5474167,772994703.8354512,6,125984162.305528,131184726.44655357
2024-01-02,1934056826.3342476,960230202.1269251,5,126673562.24764308,132122833.37608561
2024-01-03,1925352525.7152412,1145023688.1854107,4,123708146.11672826,128696544.39517754
2024-01-04,1904751968.0143209,1490495288.238091,2,122745453.42398809,127549562.09461688
2024-01-05,1905093928.8970573,1490495288.238091,2,122321280.30062202,127238081.2781707
2024-01-08,1935306240.418822,1689428060.8686364,1,121834477.58857104,126637106.52643922
2024-01-09,1955215404.7548695,1689428060.8686364,1,121522278.57830833,125988493.53219245
2024-01-10,1939785802.3944328,1689428060.8686364,1,120608455.94340561,124834182.27124482
2024-01-11,1941030125.1654358,1689428060.8686364,1,120527322.15806378,124694932.02389242
2024-01-12,1937297156.8524268,1689428060.8686364,1,119805184.02186342,123940049.1040346
2024-01-15,1948744926.345654,1689428060.8686364,1,119849783.88047236,124313826.08377002
2024-01-16,1940034666.9486332,1689428060.8686364,1,118502298.7905847,122661145.51650849
2024-01-17,1950735842.7792587,1689428060.8686364,1,115575314.45272653,119502363.58972481
2024-01-18,1950238113.6708577,1689428060.8686364,1,115771743.61723833,119876140.56946023
2024-01-19,1958201779.4052765,1689428060.8686364,1,117323249.33693294,122023525.96284218
2024-01-22,1946754009.9120493,1689428060.8686364,1,116925171.87551895,121891604.67587674
2024-01-23,1950051767.694345,1755309492.9957535,1,117601761.21994847,122749093.04115213
2024-01-24,1966421408.1762555,1755309492.9957535,1,117178537.0297443,122126131.40825973
2024-01-25,1963599056.3690295,1755309492.9957535,1,117209377.35750583,122320348.85851444
2024-01-26,1963587150.567493,1558921363.8407784,2,117599388.88704373,122470592.54644728
2024-01-29,1957703678.652702,1558921363.8407784,2,118647485.56435427,123800798.85668218
2024-01-30,1948131559.3381677,1558921363.8407784,2,118560183.71346013,123668877.56971674
2024-01-31,1934012769.7172303,1738435498.2458916,1,118478575.46153738,123214482.02572466
2024-02-01,1939955011.7830703,1738435498.2458916,1,120631230.33929104,125475466.30510464
2024-02-02,1943313670.3420231,1738435498.2458916,1,124087719.38148536,129513723.47832462
2024-02-05,1944347103.744778,1738435498.2458916,1,122948999.58721405,127945325.9555132
2024-02-06,1939179936.7310042,1738435498.2458916,1,122232080.5834041,127450621.1293928
2024-02-07,1940730086.8351364,1738435498.2458916,1,123815850.0306031,129081314.81549343
2024-02-08,1942538595.289957,1738435498.2458916,1,124325427.1385395,129462420.75561583
2024-02-13,1941763520.2378912,1738435498.2458916,1,125716563.15387425,130961193.154751
2024-02-14,1939955011.7830703,1738435498.2458916,1,124330171.80434896,129242551.94400676
2024-02-15,1939910703.3259273,1939910703.3259273,0,124016074.92776248,128700208.87537104
2024-02-16,1939910703.3259273,1939910703.3259273,0,125674810.09475099,130279599.83876286
2024-02-19,1939620152.5465975,1745919632.9933345,1,127169379.82473204,132243761.2224706
2024-02-20,1932748293.7597854,1745919632.9933345,1,126103253.41734554,130792627.06585073
2024-02-21,1938761170.1982458,1745919632.9933345,1,125890692.38908157,130470152.80882408
2024-02-22,1937257951.0886307,1745919632.9933345,1,126410707.76179878,131067463.08036205
2024-02-23,1938116933.4369822,1745919632.9933345,1,126573449.7990634,131397266.29777566
2024-02-26,1932039203.831221,1932039203.831221,0,125595099.70915197,130264941.91798894
2024-02-27,1932039203.831221,1932039203.831221,0,124549849.83132713,129268203.30536112
2024-02-28,1932039203.831221,1932039203.831221,0,125842296.79782504,130744988.82333542
2024-02-29,1932039203.831221,1932039203.831221,0,125371151.48294531,130297922.23973028
2024-03-04,1932039203.831221,1932039203.831221,0,126885174.34274516,132324379.78672726
2024-03-05,1932039203.831221,1932039203.831221,0,125705175.95593153,131038147.23881418
2024-03-06,1932039203.831221,1932039203.831221,0,125329872.89040294,130547106.89288725
2024-03-07,1932039203.831221,1932039203.831221,0,125620720.90452307,130755982.26391587
2024-03-08,1932039203.831221,1932039203.831221,0,127173650.02396055,132547913.0785298
2024-03-11,1931749832.0083807,1738835283.448099,1,126200519.06643957,131312983.25332552
2024-03-12,1932952541.1639934,1738835283.448099,1,127242922.14477873,132328044.26692075
2024-03-13,1930017468.70297,1545804625.3459344,2,127800894.84397165,133035288.94426326
2024-03-14,1953430656.2828743,1155001428.7284155,4,128996076.16137558,134369159.73469162
2024-03-15,1944237231.2370253,1155001428.7284155,4,126532645.673102,131697753.6736414
2024-03-18,1963753267.773059,1155001428.7284155,4,127434132.17690012,132401333.87079042
2024-03-19,1961563053.6975374,1155001428.7284155,4,126026389.83123225,130942870.75378357
2024-03-20,1963449497.445931,1342846731.0330272,3,127638152.80670705,133137894.38968082
2024-03-21,1960696349.621358,1342846731.0330272,3,130708900.51859197,136926966.90974388
2024-03-22,1966874791.1550539,1342846731.0330272,3,130409986.57259575,136556854.4102019
2024-03-25,2000098165.242416,1342846731.0330272,3,129888547.8001357,135853274.2130529
2024-03-26,1992060374.0974612,1342846731.0330272,3,130814706.56614302,137271428.04793143
2024-03-27,1971260189.106031,1342846731.0330272,3,130720762.18311563,137080875.07787022
2024-03-28,1982567560.1113348,1751009703.2993438,1,130279982.72941646,136765729.78123054
2024-03-29,1985664527.3320713,1751009703.2993438,1,130318414.5224731,137282421.48851186
2024-04-01,1999005309.2060132,1751009703.2993438,1,130376773.91192952,137154164.6817399
2024-04-02,1990130975.0989895,1551966794.0706387,2,130628241.19983107,137909047.6015977
2024-04-03,2005675254.0377903,1351369224.0982168,3,128436680.06243978,135483161.71351096
2024-04-04,2011870480.948995,1351369224.0982168,3,130098736.49549493,137641540.54747334
2024-04-05,1992496699.2823958,1351369224.0982168,3,128780193.86704499,136161090.5493056
2024-04-08,1968988066.5658188,1351369224.0982168,3,128943410.37089053,136505551.68749315
2024-04-09,1990760880.8975213,1392512929.2849216,3,128350801.61128849,135684708.1241526
2024-04-11,1993755880.8234935,1588619094.987716,2,128436205.59585884,135849609.7328594
2024-04-12,1985400239.2609549,1588619094.987716,2,127243396.61135969,134578035.10572025
2024-04-15,1979833340.4247112,1192533779.279496,4,126702979.17566176,133867125.94818427
2024-04-16,1962336108.252509,1374196407.0052438,3,123818222.36350784,130701015.06101361
2024-04-17,1971961052.612074,1374196407.0052438,3,122610704.9149993,129279196.7459416
2024-04-18,1977025616.0410323,1561319761.4925127,2,125007710.08194035,131576825.82725641
2024-04-19,1984060161.2283359,1561319761.4925127,2,122975095.24916612,129202242.6618784
2024-04-22,1969120310.1542835,1364378233.49336,3,124758140.66036259,130781633.62527026
2024-04-23,1963781603.985956,1364378233.49336,3,124453533.11539502,130448165.92766318
2024-04-24,1980667599.7175384,1557867865.4150112,2,126955395.39672522,133240499.8350984
2024-04-25,1991228306.2887769,1557867865.4150112,2,124719234.40072496,130642383.37791784
2024-04-26,1988985730.8042328,1557867865.4150112,2,126033981.29652737,132295063.94517939
2024-04-29,1990100991.8578916,1750257757.127831,1,127510046.82985154,133562974.09212506
2024-04-30,1985741522.0661232,1551653858.9554415,2,127729250.39024876,133801165.30470154
2024-05-02,1969646740.874205,1354659679.9984818,3,127330223.99567287,133500677.9288358
2024-05-03,1954775940.5782804,1756394822.5045002,1,126997148.4558485,133233170.87471142
2024-05-07,1959868625.8985918,1756394822.5045002,1,129736244.02765192,136611821.6131042
2024-05-08,1960289122.851645,1756394822.5045002,1,130243448.80268359,137084539.5580637
2024-05-09,1963910068.83627,1756394822.5045002,1,128681979.28478906,135157022.97629082
2024-05-10,2003860797.7352831,1555978725.3424802,2,129416928.018675,135981531.01982483
2024-05-13,2001597632.8174672,1555978725.3424802,2,129397000.42227525,135948550.6980835
2024-05-14,1988846533.5256076,1555978725.3424802,2,129545508.46211147,135966873.0990509
2024-05-16,1976031558.5351996,1160653993.845676,4,130620649.73453593,137271428.04793143
2024-05-17,1975667096.9371636,1160653993.845676,4,129274113.57781014,135798307.0101506
2024-05-20,1962155387.2876859,1176698082.2207797,4,130105379.02762818,136934295.87013084
2024-05-21,1963353901.0293574,980333281.5136441,5,129253237.0482485,136153761.58891863
2024-05-22,1958754161.4515307,784428523.6673658,6,129219075.45442037,136102458.86620983
2024-05-23,1958036468.361774,971841442.0173495,5,129140788.46856421,136179412.950273
2024-05-24,1957464936.1296577,971841442.0173495,5,127517638.29514666,134149290.92308256
2024-05-27,1944969413.1966467,953801428.8543116,5,129196775.52511588,136010846.86137274
2024-05-28,1927764023.6047018,760996149.0180795,6,129190132.99298263,136073143.02466196
2024-05-29,1912268520.1816852,1133939613.198353,4,127028937.71677193,133738869.14141229
2024-05-30,1909457797.9622064,1324024179.8376539,3,125042820.60893041,131444904.54029097
2024-05-31,1914128990.4379625,1324024179.8376539,3,125094062.9996726,131265345.01081023
2024-06-03,1915564222.289397,557339168.8983667,7,127276609.27202591,133929422.1114735
2024-06-04,1914487699.1975937,758370777.2899599,6,126307748.51373343,132844735.97420205
2024-06-05,1946509683.9685233,563690650.6115282,7,127607786.94552648,134281212.21004802
2024-06-07,1916395351.5923095,175040402.92388812,9,129181592.59452559,136095129.90582287
2024-06-10,1932054136.3760378,0.0,10,128161489.44549091,134654989.18978342
2024-06-11,1955005817.960464,176443863.3034961,9,128358393.07658365,134746601.19462055
2024-06-12,1954575489.6500812,0.0,10,129442549.2140461,135996188.9405988
2024-06-13,1992214639.8119678,0.0,10,130710323.9183348,137326395.2508337
2024-06-14,1966788500.9878182,175180815.3331857,9,130877810.62140888,137784455.27501923
2024-06-17,1989967998.867721,366773413.6376604,8,130198374.47749367,137000256.51361355
2024-06-18,1990336820.264843,761003930.8144468,6,131138767.2409294,138418410.3484921
2024-06-19,1977755702.4562697,365334267.2087828,8,132723960.0878712,140353255.8906519
2024-06-20,2014829700.7720275,131950643.39474845,9,133212660.66624597,141001868.88489866
2024-06-21,1993015264.0771763,0.0,10,132103832.26657432,139572721.6094397
2024-06-24,1986092702.8408937,0.0,10,131177199.03398603,138660266.04126206
2024-06-25,1973539567.207406,191960187.93781677,9,131635533.75118022,139195280.1495108
2024-06-26,1966587452.3616073,191960187.93781677,9,132473441.73313154,140353255.8906519
2024-06-27,1956622163.3567405,1030781502.6578046,5,132094342.93495537,140082084.35633406
2024-06-28,1977266588.2500825,1030781502.6578046,5,132747208.95033757,140723368.39019385
2024-07-01,1980453680.0296776,1030781502.6578046,5,133055137.76137176,140840631.75638536
2024-07-02,1977021517.251236,833049735.590634,6,131942513.62905253,139689984.9756312
2024-07-03,1992778831.9168217,633742001.0158403,7,132566437.182997,140433874.45490858
2024-07-04,2018812859.983148,833234631.7942214,6,134033962.31786413,142376048.9574554
2024-07-05,2006931538.858465,964145136.8122838,5,135803248.19821313,144919198.2117337
2024-07-08,1999589811.6555195,764156202.2366606,6,135591161.63653013,144552750.19238523
2024-07-09,2011970547.4184604,764156202.2366606,6,136047598.48740053,145036461.57792518
2024-07-10,2009529457.1105042,957272492.3136427,5,136076540.94883826,144966836.45424896
2024-07-11,2004896519.2795894,1146386312.570386,4,137184894.88192898,146036864.67074645
2024-07-12,2015997058.0827882,944756407.5751383,5,135555102.17637822,143753893.5102056
2024-07-15,2021720690.1563122,944756407.5751383,5,135741093.07610917,144321887.94019568
2024-07-16,2030719882.2477052,741653999.6187718,6,135986392.29845846,144860566.52863792
2024-07-17,2051569750.8229473,741653999.6187718,6,134904608.49390072,143482721.97588775
2024-07-18,2044010749.8456974,742142722.3119496,6,134005968.7895883,142548279.52654916
2024-07-19,2023816686.5844371,945191118.3443902,5,132635234.83723423,140675730.14767855
2024-07-22,2019363761.5514793,1186944543.911058,4,131119314.1111106,139191615.6693173
2024-07-23,2003347250.635069,1377781520.2567515,3,131630789.08537076,139854886.584338
2024-07-24,2016845987.6267285,1576485679.1882043,2,130891570.15225632,138759207.00648615
2024-07-25,1998721597.3173203,1793031055.0304544,1,128611283.76422806,136047491.66330758
2024-07-26,2004534590.9036882,1793031055.0304544,1,129619525.2487391,137124848.84019202
2024-07-29,2005876050.9620807,1793031055.0304544,1,131215156.36046174,138784858.36784053
2024-07-30,2000510210.7285104,1793031055.0304544,1,129917964.72815438,137370369.0131555
2024-07-31,2007888241.0496697,1793031055.0304544,1,131459981.11623007,139429806.8818938
2024-08-01,2007510286.4776232,1391408691.4852407,3,131791633.25631158,139448129.28286123
2024-08-02,2017205629.0853817,1391408691.4852407,3,126976271.92628686,133815823.22547548
2024-08-05,1972415952.2376919,1569582688.6498249,2,115843388.07096122,121609439.70097841
2024-08-06,1992216343.042713,1569582688.6498249,2,119667588.71338896,125226281.65194769
2024-08-07,2023688176.542354,1569582688.6498249,2,121862471.11684687,127923339.0743523
2024-08-08,2052330379.591178,1569582688.6498249,2,121308294.15030152,127047528.3081095
2024-08-09,2062744250.9204726,1569582688.6498249,2,122812353.21190152,128813807.76136906
2024-08-12,2074108228.2456264,1569582688.6498249,2,124229584.88918833,130312580.16050424
2024-08-13,2062681429.2795079,1569582688.6498249,2,124381414.19509117,130829271.86778554
2024-08-14,2065930123.6803193,1569582688.6498249,2,125472687.33126782,132064201.69298984
2024-08-16,2067530272.168615,1569582688.6498249,2,127974549.61259802,135259628.4217084
2024-08-19,2106240482.5851402,1774229118.1329708,1,126889444.54197368,133944080.03224742
2024-08-20,2086342158.3856497,1774229118.1329708,1,127946081.61774126,135215654.65938658
2024-08-21,2053699963.6314297,1774229118.1329708,1,128159591.57916713,134933489.68448827
2024-08-22,2043681380.9736629,2043681380.9736629,0,128469892.72310606,135255963.9415149
2024-08-23,2043681380.9736629,2043681380.9736629,0,128186161.70770012,134819890.79849026
2024-08-26,2043681380.9736629,2043681380.9736629,0,128011558.00591186,134233573.9675327
2024-08-27,2043681380.9736629,2043681380.9736629,0,127595925.28100283,133592289.93367292
2024-08-28,2043681380.9736629,2043681380.9736629,0,127623444.34269772,133856132.5076038
2024-08-29,2043681380.9736629,2043681380.9736629,0,126316288.91219047,131957931.76737882
2024-08-30,2043681380.9736629,2043681380.9736629,0,126887072.20906894,132489281.39543408
2024-09-02,2043681380.9736629,2043681380.9736629,0,127204490.35172208,132687163.32588221
2024-09-03,2043681380.9736629,2043681380.9736629,0,126427788.55871285,131481549.34222582
2024-09-04,2043681380.9736629,2043681380.9736629,0,122450335.21063943,127032870.38733557
2024-09-05,2043681380.9736629,2043681380.9736629,0,122198867.92273787,126761698.85301772
2024-09-06,2043681380.9736629,2043681380.9736629,0,120717583.25702329,125460808.38433069
2024-09-09,2043681380.9736629,2043681380.9736629,0,120321403.66193306,124658287.22195758
2024-09-10,2043681380.9736629,2043681380.9736629,0,119728320.4357501,124035325.58906521
2024-09-11,2043681380.9736629,2043681380.9736629,0,119251007.05531804,122998277.69430907
2024-09-12,2043681380.9736629,2043681380.9736629,0,122037074.81863515,126003151.4529664
2024-09-13,2043681380.9736629,2043681380.9736629,0,122194597.72350934,125944519.76987064
2024-09-19,2043681380.9736629,2043681380.9736629,0,122450335.21063943,125794276.08193779
2024-09-20,2042457008.7034836,1226208828.5841975,4,123046739.70288903,126303638.82883213
2024-09-23,2063747694.8313096,400214896.57358456,8,123456678.8288267,126710396.13030893
2024-09-24,2075184811.7505121,0.0,10,124864421.17449456,128113892.0444135
2024-09-25,2046378561.3118412,0.0,10,123186707.3442682,126263329.5467038
2024-09-26,2101569633.046399,0.0,10,126757068.36588965,130616732.01656345
2024-09-27,2087605093.99106,0.0,10,125723205.6860075,129696947.48799883
2024-09-30,2057849138.3996778,399207838.5502912,8,123041995.03707956,126336619.1505735
2024-10-02,2045564523.2951293,578036929.1422161,7,121543629.57445092,124856169.15240574
2024-10-04,2036645795.2262044,981617562.7752376,5,121924151.7723699,125229946.13214116
2024-10-07,2047580850.7750318,571978685.018307,7,123853807.3570788,127282055.0404925
2024-10-08,2029794862.0183127,744428675.3202226,6,123093711.89440273,126142401.70031883
2024-10-10,2033668664.7822404,541031344.9382968,7,123321455.85325696,126501520.7592803
2024-10-11,2032455110.8579843,988647357.9264319,5,123214700.87254402,126589468.28392392
2024-10-14,2046082622.8072643,579308215.5489898,7,124466343.71308057,128161530.2869288
2024-10-15,2070634377.3187268,0.0,10,124948401.75932208,128648906.15266225
2024-10-16,2086297623.166473,0.0,10,123852858.4239169,127252739.19894464
2024-10-17,2097372172.1398857,0.0,10,123802564.9663366,127424969.7680384
2024-10-18,2110552794.0913033,0.0,10,123068090.69903162,126578474.84334348
2024-10-21,2108495738.9733915,0.0,10,123594748.60388209,127018212.46656162
2024-10-22,2102881316.4850461,0.0,10,121971123.9638836,125358202.9389131
2024-10-23,2101752874.115559,402039791.50282794,8,123343281.3159805,126889955.65978967
2024-10-24,2139366121.7269115,402039791.50282794,8,122461247.94200122,125647696.87419839
2024-10-25,2175253773.149591,608569475.4862105,7,122567528.45613319,125827256.40367916
2024-10-28,2264079163.3518844,608569475.4862105,7,123951073.00617279,127256403.67913811
2024-10-29,2294585079.5005054,0.0,10,124205861.56014101,127626516.17868006
2024-10-30,2358160530.743029,418511403.3323511,8,123066667.29928876,126424566.67521714
2024-10-31,2432148718.2362804,0.0,10,121280775.08860664,124343141.9253179
2024-11-01,2344953437.445621,0.0,10,120626485.6734816,123672542.04991023
2024-11-04,2423398099.1295676,0.0,10,122837974.40727259,125911539.4481293
2024-11-05,2492096746.50449,0.0,10,122264344.31090847,125131005.16691709
2024-11-06,2467666631.6712193,0.0,10,121629982.49218318,124815859.87027742
2024-11-07,2480307551.572129,398362168.6823051,8,121683122.74924915,124911136.35530801
2024-11-08,2441183018.798217,1053939596.9752424,5,121518008.37907982,124486056.65286379
2024-11-11,2434630623.2659607,1419835776.6766517,3,120118806.43186897,122628165.19476712
2024-11-12,2402885528.0666075,1597476867.4812274,2,117789649.98600323,119942101.21294296
2024-11-13,2475006471.0638185,2024045022.8561394,1,114682368.34738544,116838286.48906152
2024-11-14,2478718087.921495,2024045022.8561394,1,114766823.39879392,116420535.74700429
2024-11-15,2480573896.350333,2024045022.8561394,1,114671930.08260463,117457583.64176042
2024-11-18,2500987789.067553,2024045022.8561394,1,117149120.10172565,120356187.4748067
2024-11-19,2511194735.426163,2024045022.8561394,1,117285766.47703816,120235259.62842172
2024-11-20,2528824915.500126,2024045022.8561394,1,117776364.92173673,120568727.32602881
2024-11-21,2511194735.426163,2024045022.8561394,1,117697603.46929964,120740957.89512259
2024-11-22,2417450646.3243895,2176031497.5428057,1,118675479.0926301,121792663.71065265
2024-11-25,2413239847.217734,2176031497.5428057,1,120245963.4755626,123357396.75327055
2024-11-26,2417450646.3243895,2176031497.5428057,1,119582659.19539957,122979955.29334165
2024-11-27,2412116967.4559593,2176031497.5428057,1,118761832.01036234,121778005.78987871
2024-11-28,2419134965.9670515,2176031497.5428057,1,118838221.1298947,121459196.01304555
2024-11-29,2407064008.5279727,2176031497.5428057,1,116524722.0812002,119260507.89695482
2024-12-02,2416327766.5626144,2176031497.5428057,1,116456873.36012487,119220198.61482649
2024-12-03,2419977125.7883825,2176031497.5428057,1,118621389.9024022,121455531.53285207
2024-12-04,2415204886.80084,2176031497.5428057,1,116908565.54518583,119678258.63901205
2024-12-05,2400831183.690301,2400831183.690301,0,115857622.06838961,118681520.02638426
2024-12-06,2400831183.690301,2400831183.690301,0,115208077.319074,118021913.59155706
2024-12-09,2400831183.690301,2400831183.690301,0,112001632.16503845,114969401.59038442
2024-12-10,2400831183.690301,2400831183.690301,0,114718427.80753738,117552860.12679103
2024-12-11,2400831183.690301,2400831183.690301,0,115888936.86273207,118677855.5461908
2024-12-12,2400831183.690301,2400831183.690301,0,117768298.98986062,120576056.28641579
2024-12-13,2400831183.690301,2400831183.690301,0,118353790.75074847,121107405.91447105
2024-12-16,2400831183.690301,2400831183.690301,0,118093308.59780888,120784931.65744439
2024-12-17,2400831183.690301,2400831183.690301,0,116567424.07348537,119187218.29308514
2024-12-18,2399392842.4918847,1440498710.214181,4,117877900.77005924,120825240.93957274
2024-12-19,2382529054.4764266,1202210115.01189,5,115576737.85246935,118135512.47755507
2024-12-20,2353208069.383802,1424674169.1651006,4,114068883.05822179,116651397.99919382
2024-12-23,2381830975.374059,1424674169.1651006,4,115865213.53368475,118355381.28916414
2024-12-24,2378770085.27207,1424674169.1651006,4,115794518.01312375,118505624.977097
2024-12-26,2369670628.589446,1187671609.1678638,5,115279721.77279693,117794715.819561
2024-12-27,2350690328.4999385,1414624199.0214815,4,114098299.98624046,116907911.61273773
2024-12-30,2345080708.792665,1411279929.1582534,4,113847781.63150078,116464509.5093261
2025-01-02,2350437429.552365,1411199400.0847225,4,113821685.96954873,116446187.10835868
2025-01-03,2347000215.056155,1411199400.0847225,4,115860943.33445625,118729158.26889956
2025-01-06,2332906918.3106923,1619343252.1548538,3,118077651.20063767,121484847.37439995
2025-01-07,2334476702.19861,1616964871.8833048,3,118241816.63764513,121253985.12221041
2025-01-08,2335312013.242045,1616964871.8833048,3,119615397.38948488,122741764.08076514
2025-01-09,2328739485.2565117,1616964871.8833048,3,119655727.04886532,122906665.68947195
2025-01-10,2361865192.0102777,1380742972.4676867,4,119365353.50132613,122595184.87302576
2025-01-13,2356363286.69943,1380742972.4676867,4,118121302.12608473,121041445.27098833
2025-01-14,2353332073.7968836,674425983.7335837,7,118493283.9255467,121199017.91930816
2025-01-15,2336492108.23519,440741772.77861863,8,118465290.39727084,121283300.9637583
2025-01-16,2352277935.68576,440741772.77861863,8,119920953.86761433,123027593.53585695
2025-01-17,2356213304.4477715,660703237.0923648,7,119734014.03472146,122793066.80347392
2025-01-20,2351945421.4467726,660152222.7588148,7,119567950.73139024,122371651.5812232
2025-01-21,2347490923.918044,875554946.2562281,6,119472108.48203906,122554875.59089744
2025-01-22,2421073865.0925746,875554946.2562281,6,120849484.96652636,124137931.03448276
2025-01-23,2432737827.479593,875554946.2562281,6,119351593.97047867,122576862.47205834
2025-01-24,2462666345.4097033,875554946.2562281,6,120362682.25447541,123397706.03539889
2025-01-31,2461146512.362345,862596243.049912,6,119440793.6876966,122159111.7300011
2025-02-03,2421664230.59238,1079034883.5159123,5,116431726.63133469,118930704.67954122
2025-02-04,2460558180.0980062,1079034883.5159123,5,117747896.92687994,120458792.92022428
2025-02-05,2471188911.858468,1079034883.5159123,5,119056475.75713003,121832972.992781
2025-02-06,2533742563.0019197,318570418.15061903,8,120360309.92157067,123320751.9513357
2025-02-07,2500471532.2106752,375974379.20136106,8,119656675.9820272,122353329.18025579
2025-02-10,2495868591.890282,1.4901161193847656e-08,10,119625835.65426567,122576862.47205834
2025-02-11,2517392169.4286003,1.4901161193847656e-08,10,120469437.23518835,123372054.6740445
2025-02-12,2505083764.7372622,0.0,10,120912589.02179223,123577265.56487963
2025-02-13,2524666959.930399,0.0,10,122562783.79032372,124980761.4789842
2025-02-14,2552749561.3838525,0.0,10,122936663.45610948,125603723.11187658
2025-02-17,2534763057.745391,281650165.8185405,9,123855705.22340259,126464875.95734546
2025-02-18,2557796640.82765,405714382.79177606,8,124633355.94957368,127465279.05016674
2025-02-19,2566994986.986841,148976431.079855,9,126754696.0329849,129916816.2996079
2025-02-20,2599269557.6993027,148976431.079855,9,125926277.38265254,129044670.01355857
2025-02-21,2577364970.0553503,129251427.08252487,9,125950949.64486176,128960386.96910845
2025-02-24,2576675006.7550178,129251427.08252487,9,125509221.25800069,128220161.97002456
2025-02-25,2576004496.9069023,435334734.87332785,8,124798470.31974302,127355344.6443622
2025-02-26,2576234936.47633,679201078.2615418,7,125310894.2271651,128003957.63860896
2025-02-27,2581118676.6928864,922693243.7600574,6,124393275.85961482,126955916.30327238
2025-02-28,2557346387.5577993,1426184610.6401176,4,120171946.68893497,122492579.42760818
2025-03-04,2526609117.3008947,1410641834.5478375,4,119988802.58868967,122400967.4227711
2025-03-05,2539631255.7144513,1156640665.865756,5,121374719.471634,123522298.36197734
2025-03-06,2530420103.959078,1477782293.0225792,4,122230182.71708031,124705925.46447287
2025-03-07,2519835050.14687,1477782293.0225792,4,121628559.09244032,124013338.7079043
2025-03-10,2526575572.409296,972315765.7017822,6,121956415.49987426,124148924.47506322
2025-03-11,2507212727.113625,1203237743.5730727,5,120400639.58095111,122745428.56095862
2025-03-12,2521715857.1429224,1479589594.3862495,4,122166604.19523351,124918465.31569497
2025-03-13,2535126911.1259584,972412286.8567554,6,122110617.13868183,125112682.76594967
2025-03-14,2546860034.988184,2.9802322387695312e-08,10,121765205.46775287,124885484.99395362
2025-03-17,2547826849.512981,0.0,10,123868515.82108814,127593535.85693869
2025-03-18,2588003812.47349,0.0,10,123946802.8069443,127465279.05016674
2025-03-19,2588275091.1496596,0.0,10,124719234.40072496,128568287.5884056
2025-03-20,2539793105.8078365,472363617.12673473,8,125121582.0613675,129539374.83967899
2025-03-21,2556151347.574892,216710191.79131213,9,125407685.40967818,130155007.51218441
2025-03-24,2577926413.8886895,216710191.79131213,9,124882925.37115149,129444098.35464841
2025-03-25,2553889046.1104918,1025942432.8170677,6,124111442.71053267,128656235.11304922
2025-03-26,2550232666.704656,1025942432.8170677,6,125446117.20273481,130089046.86870168
2025-03-27,2530092163.3781414,1478901957.3026433,4,123700554.65143313,128352083.25698999
2025-03-28,2517910598.326006,1726792656.1914082,3,121367602.47291982,125677012.71574627
2025-03-31,2501974502.898702,1988366252.9532495,2,117720852.331766,121807321.63142657
2025-04-01,2507513900.709528,2507513900.709528,0,119631529.25323704,123940049.1040346
2025-04-02,2507513900.709528,2507513900.709528,0,118894682.65302734,123221810.98611163
2025-04-03,2507138336.970031,2256762510.638575,1,117985604.68393406,121997874.60148779
2025-04-04,2502915130.2608256,2256762510.638575,1,116975939.79968022,120440470.51925686
2025-04-07,2481100095.672901,2481100095.672901,0,110465309.37593408,113452306.79028182
2025-04-08,2481100095.672901,2481100095.672901,0,110751412.72424476,113609879.43860163
2025-04-09,2481100095.672901,2481100095.672901,0,108828399.67166911,111594415.33218512
2025-04-10,2481100095.672901,2481100095.672901,0,116009925.84087339,119124922.12979588
2025-04-11,2481100095.672901,2481100095.672901,0,115424434.07998557,118113525.59639417
2025-04-14,2481100095.672901,2481100095.672901,0,116523773.1480383,119216534.134633
2025-04-15,2480728488.0699544,2232990086.105611,1,117544825.2302349,120246253.06900217
2025-04-16,2482048251.2463245,2232990086.105611,1,116122374.42055768,118556927.69980577
2025-04-17,2481105563.263203,2232990086.105611,1,117212698.62357244,119571988.71340102
2025-04-18,2485253390.388938,2232990086.105611,1,117829979.64538367,120323207.15306535
2025-04-21,2489966830.304546,2232990086.105611,1,118067212.93585686,120674997.25163986
2025-04-22,2496000033.3965235,2232990086.105611,1,117982757.88444838,120418483.63809595
2025-04-23,2499393710.1357613,2232990086.105611,1,119829381.81749168,122371651.5812232
2025-04-24,2501279086.102004,2232990086.105611,1,119676129.111846,122291033.01696655
2025-04-25,2501844698.891877,2232990086.105611,1,120813425.50637446,123445344.27791418
2025-04-28,2504107150.0513687,2232990086.105611,1,120934888.95109671,123522298.36197734
2025-04-29,2512025729.10959,2232990086.105611,1,121720605.60914393,124247865.44028729
2025-04-30,2522395296.923927,2232990086.105611,1,121302600.55133018,124130602.07409582
2025-05-02,2519567232.974562,2232990086.105611,1,121453480.92407112,124148924.47506322
2025-05-07,2520886996.1509323,2232990086.105611,1,122118208.60397698,125072373.48382132
2025-05-08,2521640485.6016126,1980788263.932543,2,122387705.62195452,125131005.16691709
2025-05-09,2521767923.05066,1728573696.1055858,3,122282848.50756536,125138334.12730405
2025-05-12,2522820815.754371,1708997552.0830421,3,123709095.04989016,127186778.5554619
2025-05-13,2530632738.962415,1202719348.313394,5,123760811.90721332,127219758.87720327
2025-05-14,2536174918.7489715,695332376.4542061,7,125286221.9649559,128912748.72659315
2025-05-15,2527826967.9716706,695332376.4542061,7,124374771.66295792,127948990.4357067
2025-05-16,2591353475.3814464,695332376.4542061,7,124636202.74905935,128421708.3806662
2025-05-19,2540924129.99847,186995277.7339769,9,123523578.61674012,126999890.0655942
2025-05-20,2548876387.7042947,731733938.480533,7,123446715.03062683,127164791.674301
2025-05-21,2571563312.388194,209427743.20875445,9,124574996.56011727,128029608.99996336
2025-05-22,2531040782.3923206,0.0,10,123060973.70031741,126351277.07134743
2025-05-23,2577822503.0799828,0.0,10,122986007.98052791,126527172.12063469
2025-05-26,2630944931.115435,0.0,10,125467942.66545835,129030012.09278464
2025-05-27,2624053737.1534843,0.0,10,125127275.66033885,128725860.2367254
2025-05-28,2572898639.25981,22696120.344288617,10,126689694.11139525,130587416.1750156
2025-05-29,2646915403.691655,10898475.154467791,10,129085275.87859349,133049946.86503719
2025-05-30,2681023738.3685846,10898475.154467791,10,127995426.14215966,131782036.71809155
2025-06-02,2677510759.0335627,10898475.154467791,10,128057106.7976827,131807688.07944594
2025-06-04,2746358793.3636475,10898475.154467791,10,131467098.11494428,135549122.35699365
2025-06-05,2748041073.772774,0.0,10,133422374.89502427,137982337.20546743
2025-06-09,2733627032.9753027,0.0,10,135496742.7869218,140345926.93026495
2025-06-10,2761883573.3696346,0.0,10,136259685.04908353,141005533.3650922
2025-06-11,2791001413.6394944,0.0,10,137929332.94743383,142837773.46183446
2025-06-12,2860645505.9294267,0.0,10,138545665.0360832,143141925.31789368
2025-06-13,2872219040.472868,0.0,10,137340045.45389843,141925317.8936568
2025-06-16,2954742786.058423,544790110.2876699,8,139809169.54114336,144439151.30638722
2025-06-17,2982709730.760065,544790110.2876699,8,139981875.37660784,144812928.28612262
2025-06-18,2987120002.9925714,246033363.5959977,9,141020482.72229946,146161456.99732494
2025-06-19,2992308323.4203134,0.0,10,141283811.67472467,146319029.64564478
2025-06-20,2988239592.731234,0.0,10,143376209.29669818,148528711.20231596
2025-06-23,2970538615.9752097,0.0,10,143026527.4265407,148162263.1829675
2025-06-24,2950197950.4999137,0.0,10,147257345.92883947,153087324.56301075
2025-06-25,2958432427.202467,48566247.00233543,10,147476075.02265576,153728608.59687054
2025-06-26,2913325411.133609,48566247.00233543,10,146114830.40192065,152317783.722379
2025-06-27,2904136478.71657,47782988.41815686,10,144994140.3377253,151240426.54549456
2025-06-30,2947647150.923073,47782988.41815686,10,145741899.66929677,151929348.82186964
2025-07-01,3007007685.263237,47782988.41815686,10,146593567.18209553,152537652.53398806
2025-07-02,3024230494.341028,47782988.41815686,10,145901320.44049475,151867052.6585804
2025-07-03,3051865108.6577396,47782988.41815686,10,147856597.22057477,154252629.26453885
2025-07-04,2974069578.3885126,591380598.3118763,8,144915378.88528824,151247755.5058815
2025-07-07,3010599839.1313086,1169900273.676539,6,145161627.04079935,151350360.95129907
2025-07-08,3072177731.3476105,0.0,10,147793967.63188982,154355234.7099564
2025-07-09,3129835177.091133,0.0,10,148685490.33748806,154648393.12543517
2025-07-10,3258289348.0635643,0.0,10,151033625.44659168,156993660.44926527
2025-07-11,3265674372.796447,0.0,10,150679673.37720567,156865403.64249334
2025-07-14,3395460354.5772543,0.0,10,151925622.61877084,158485103.88801348
2025-07-15,3445028716.950761,0.0,10,152554290.8385248,159324269.85232145
2025-07-16,3370695568.3943467,0.0,10,151183082.4195898,157997728.02228004
2025-07-17,3422500027.7312155,249900147.67929998,9,151463492.16892907,158173623.0715673
2025-07-18,3384417380.324937,0.0,10,151263267.2717697,157975741.14111915
2025-07-21,3350597519.8703194,1273032679.934654,6,152342204.27684176,159243651.28806478
2025-07-22,3411135346.628796,1621551650.289095,5,150403059.36051396,156858074.68210635
2025-07-23,3460424972.243749,1600401686.4338849,5,151059246.64196277,157587306.2406098
2025-07-24,3492929903.3303776,1600401686.4338849,5,151376190.31803492,157583641.76041627
2025-07-25,3475901446.923545,1834652675.8488722,4,151641891.6033649,157858477.77492762
2025-07-28,3477951069.402316,2164304929.914422,3,152280998.08789968,158807578.14504015
2025-07-29,3436893002.823952,1934287013.40232,4,153279750.2407918,159712704.7528308
2025-07-30,3391649383.745552,1934287013.40232,4,154413725.3692536,161167503.38964418
2025-07-31,3381409214.131153,1257802529.1929011,6,153985282.04665905,160724101.28623256
2025-08-01,3299798972.4699407,1595122230.6523223,5,148005579.72699192,154172010.7002822
2025-08-04,3318413374.1844854,1263231184.140537,6,149350218.01739395,155663454.1390304
2025-08-05,3344153568.241708,917865748.0099843,7,151734412.58664945,158030708.3440214
2025-08-06,3337583687.8389745,250148995.43892288,9,151741055.1187827,157821832.97299278
2025-08-07,3376569851.9647503,0.0,10,153142629.39889827,159533145.22335008
2025-08-08,3442184396.657474,0.0,10,152304246.95036605,158844222.946975
2025-08-11,3402305710.8060107,0.0,10,152150519.7781394,158778262.30349225
2025-08-12,3315942085.0435658,234765923.37908816,9,151350569.12266383,158169958.5913738
2025-08-13,3181008791.313088,811199400.7258153,7,152985580.96060503,160108468.61372715
2025-08-14,3142025998.0452805,1476115720.5538187,5,153046787.1495471,159980211.8069552
2025-08-18,3123542011.5734053,2115033479.5456219,3,150751317.8309286,157275825.42416358
2025-08-19,3119552186.955122,2115033479.5456219,3,149530989.7847345,156172816.88592476
2025-08-20,3134328427.259305,2115033479.5456219,3,148512310.03544265,155249367.87716663
2025-08-21,3130952222.6452975,2821572930.007373,1,149065063.60224515,155524203.89167798
2025-08-22,3141351526.5995135,2821572930.007373,1,150345648.90421942,157022976.29081318
2025-08-25,3131683023.1896863,2508357715.7741404,2,152297129.95165184,158998131.11510134
2025-08-26,3136413168.028325,2194669416.200528,3,150850006.87976542,157356443.98842025
2025-08-27,3119468638.932946,1882675823.3617258,4,151220090.81290358,157686247.20583385
2025-08-28,3121821929.548644,1258124352.638001,6,151654702.20105046,158235919.23485655
2025-08-29,3091678919.1420727,1258124352.638001,6,151165527.15609476,157616622.08215764
2025-09-01,3101601228.873645,947917768.4549525,7,149121525.12537777,155128440.03078163
2025-09-02,3083305225.762305,947917768.4549525,7,150517405.806522,156894719.48404118
2025-09-03,3085817342.72392,934786383.2655183,7,151090086.96972427,157708234.08699477
2025-09-04,3085979059.8410754,1248294399.5598812,6,151868686.6290573,158422807.72472426
2025-09-05,3061347767.8919287,921146261.5662225,7,152072232.79228327,158620689.6551724
2025-09-08,3090707410.304327,1220873487.6325002,6,152758785.93491268,159349921.21367586
2025-09-09,3109353436.906562,1220873487.6325002,6,154678477.7214217,161706181.9780864
2025-09-10,3137861727.984916,593113095.9870958,8,157263371.6544175,164919931.10777238
2025-09-11,3150315490.9801917,593113095.9870958,8,158671114.00008538,166367400.78419876
2025-09-12,3163952152.8856006,593113095.9870958,8,161107025.42666405,169570156.47330427
2025-09-15,3182707255.86489,1185974641.5474973,6,161665472.59243792,170270072.1902598
2025-09-16,3163216853.46618,1185974641.5474973,6,163672940.69642204,173274945.94891718
2025-09-17,3136597200.2530084,872267935.9946548,7,161954422.7402343,171127560.55553523
2025-09-18,3132819011.9410057,872267935.9946548,7,164227117.6629674,174187401.5170948
2025-09-19,3116227416.304314,872567795.589233,7,163465124.3339675,173491150.28033274
2025-09-22,3114347746.619753,2148788409.70481,3,164575850.59996298,175268423.17417276
2025-09-23,3143212424.0701447,2484106596.88332,2,165408064.9829429,176459379.23705524
2025-09-24,3121006552.3133,2484106596.88332,2,164741439.43671328,176037964.01480448
2025-09-25,3119133047.90405,2484106596.88332,2,164692569.3788758,176125911.53944814
2025-09-26,3112802859.479881,2784787285.5414944,1,160656756.64134598,171508666.4956576
2025-09-29,3119544692.1253576,2472786086.244191,2,162799447.7208998,174143427.75477302
2025-09-30,3117979696.55655,2472786086.244191,2,162485825.31089422,173707354.61174834
2025-10-01,3134485433.72569,2472786086.244191,2,163967584.44318974,175664187.03506908
2025-10-02,3148890015.281973,2472786086.244191,2,168398153.37606695,180809117.2267214
2025-10-10,3131533353.1783304,2472786086.244191,2,171310903.7164967,185778152.36908644
2025-10-13,3129896753.3033257,2801389384.790607,1,170074918.27313143,183909267.47040933
2025-10-14,3129896753.3033257,2801389384.790607,1,168995981.26805937,182084356.33405402
2025-10-15,3126714227.6664963,2801389384.790607,1,173525713.7163544,187090036.27835393
2025-10-16,3128720849.968346,2488470432.252204,2,177847629.80219486,192183663.74729747
2025-10-17,3116038045.7600026,2488470432.252204,2,177872302.06440407,192561105.20722637
2025-10-20,3124963509.4372616,1863290457.2818844,4,180994292.1670312,196152295.7968412
2025-10-21,3189709329.3078794,1863290457.2818844,4,181428429.08859712,196152295.7968412
2025-10-22,3207916807.679496,1542450722.6345568,5,184267637.1089802,198831030.81827843
2025-10-23,3199850508.9199667,1542450722.6345568,5,182458970.50241265,196551724.13793105
2025-10-24,3208355805.397784,1221567081.6393123,6,187015273.07924065,201550075.12184396
2025-10-27,3242160974.0909758,1221567081.6393123,6,191818772.7447417,207295980.06522778
2025-10-28,3231495312.913495,1221567081.6393123,6,190280552.08931357,205031331.3056543
2025-10-29,3241552022.289851,1538927009.1159315,5,193636928.6829282,209428707.53783578
2025-10-30,3197594695.9365797,1538927009.1159315,5,193909272.50039142,210784565.2094251
2025-10-31,3194365274.8986006,2180192487.55773,3,194887148.1237219,212341969.291656
2025-11-03,3180936026.2389255,2169952850.6150513,3,200313622.41000554,219513357.03030527
2025-11-04,3193184791.243206,2169952850.6150513,3,195562788.5349895,213250760.37964016
2025-11-05,3191053287.6035824,2169952850.6150513,3,189996346.60732672,207189710.1396167
2025-11-06,3184344751.2193813,2169952850.6150513,3,191041596.48515156,208281725.2372751
2025-11-07,3211652601.9972935,1848739480.5745769,4,187592698.90825242,204470665.83605117
2025-11-10,3230832672.11188,1848739480.5745769,4,193261625.6173996,210821210.01135987
2025-11-11,3236725129.885717,2150341589.3982043,3,194834482.33323684,213056542.92938545
2025-11-12,3251441152.2340364,2150341589.3982043,3,196922135.2894009,215006046.39231926
2025-11-13,3249288884.315655,2513664550.728977,2,197882455.64923635,215709626.58946827
2025-11-14,3252011912.77383,2513664550.728977,2,190335590.21270338,206467807.54150024
2025-11-17,3255348157.917384,2513664550.728977,2,194021246.61349475,211312250.3572868
2025-11-18,3238109219.442807,2513664550.728977,2,187586056.37611914,203910000.36644807
2025-11-19,3253864267.6983285,2513664550.728977,2,186442117.44945744,202521162.3731174
2025-11-20,3257435233.424535,2513664550.728977,2,190016748.6703074,206749972.5163986
2025-11-21,3261278898.9933305,2844499040.981174,1,182824309.7697414,198013851.73513138
2025-11-24,3250164769.4463396,2844499040.981174,1,182482693.83145997,198178753.34383816
2025-11-25,3249556270.8536415,3249556270.8536415,0,183038768.66432914,199574920.2975558
2025-11-26,3249556270.8536415,3249556270.8536415,0,187930044.64730525,204980028.5829455
2025-11-27,3249556270.8536415,3249556270.8536415,0,189165555.6240896,206442156.18014586
2025-11-28,3249069567.4680915,2924600643.768277,1,186303573.2078211,203012202.71904433
2025-12-01,3242046996.33982,2600347378.992292,2,186008454.99447244,202997544.79827037
2025-12-02,3261403894.929941,2274158134.395264,3,189546077.82200858,207306973.50580823
2025-12-03,3262400830.0430937,2274158134.395264,3,191508946.06738374,209164864.96390486
2025-12-04,3259664255.74007,1948142879.7766314,4,191139336.6008265,208783759.0237825
2025-12-05,3291790906.944358,1618914478.7874894,5,194533670.52091685,212836674.1177764
2025-12-08,3308257258.541019,1618914478.7874894,5,197133747.38450298,215900179.55952948
2025-12-09,3317549738.690135,1618914478.7874894,5,196597600.1480336,214650591.81355125
2025-12-10,3280889314.10144,1290776400.3860722,6,196191931.2213244,214562644.28890762
2025-12-11,3271311061.9056373,1929693357.776444,4,195035181.69697717,212598482.9051999
2025-12-12,3307846453.6342945,1929693357.776444,4,197717815.74564794,215445784.0155374
2025-12-15,3288730720.192664,1929693357.776444,4,194084825.13534158,210520722.63549414
2025-12-16,3291783120.5676384,1929693357.776444,4,189745353.78600606,205767891.8245447
2025-12-17,3306427163.297721,2579493626.98848,2,192463098.3616669,209835464.83931255
2025-12-18,3305433261.3346252,2579493626.98848,2,189526150.22560886,207281322.14445382
2025-12-19,3325109390.98314,2579493626.98848,2,190761661.2023932,208289054.1976621
2025-12-22,3312662482.4363155,2248177755.798589,3,194812656.87051332,213540254.31492546
2025-12-23,3318374413.506918,2248177755.798589,3,195353074.30621123,214240170.031881
2025-12-24,3285892452.533684,2248177755.798589,3,194940288.38078788,214082597.38356116
2025-12-26,3268950672.329483,2950147983.39997,1,195939515.00026098,216233647.25713658
2025-12-29,3267400903.586096,2623358948.1034727,2,200251467.28790158,221953900.839166
2025-12-30,3264879427.847902,2941330523.371104,1,199948283.14267683,222060170.76477703
2026-01-02,3266109347.841714,2614670662.996262,2,204477541.12439093,228725860.23672542
2026-01-05,3283267453.4102554,2614670662.996262,2,211494427.39000678,237729488.07211697
2026-01-06,3285915088.594392,2614670662.996262,2,214718902.27411827,241654146.35933894
2026-01-07,3279021558.2740335,2614670662.996262,2,215932587.78817916,243497379.89666167
2026-01-08,3312063389.00051,2614670662.996262,2,215994742.9102831,243387445.49085712
2026-01-09,3354303593.0248194,2614670662.996262,2,217605556.952596,244878888.92960536
2026-01-12,3351639131.1223826,2614670662.996262,2,219430829.88949674,246568214.29880172
2026-01-13,3373335443.8789062,2614670662.996262,2,222650085.64121786,249444831.25068712
2026-01-14,3375365998.2739143,1939395184.1166527,4,224095310.8467805,251295393.74839678
2026-01-15,3386631538.823485,1939395184.1166527,4,227627714.54192623,255190736.19407088
2026-01-16,3392247290.454374,1919484744.1879559,4,229676935.70503357,258213932.35369566
2026-01-19,3381967842.4861045,1919484744.1879559,4,232709726.0904428,261629227.89402327
2026-01-20,3389438412.8684773,1919484744.1879559,4,231812509.7858732,259621092.7479937
2026-01-21,3373699153.044861,1919484744.1879559,4,232959769.97860155,261988346.95298475
2026-01-22,3371091607.514042,1582325085.235011,5,234980997.61343306,264685404.37538937
2026-01-23,3382567636.3691425,2013190966.5375655,4,236762145.15830573,266513979.99193814
2026-01-26,3394834714.6751175,1673656641.2020555,5,234841504.43863484,263857231.85166183
2026-01-27,3398291983.7525043,1673656641.2020555,5,241259139.41251546,273051412.65711457
2026-01-28,3395225605.426245,1673656641.2020555,5,245337654.1423305,278031441.24006015
2026-01-29,3456629416.146667,1673656641.2020555,5,247730863.57662395,280548939.13298404
