signal_date,entry_date,exit_date,ticker,entry_price,exit_price,return,stage1_prob,stage2_prob,exit_reason
2017-02-27,2017-02-27,2017-03-07,006400,124523.50550000001,122379.0,-0.0186958597949205,0.7586867621511201,0.6115843270868825,trend_exit
2017-02-28,2017-02-28,2017-03-08,020150,14835.219500000001,14523.0,-0.022514260742822256,0.7128039920119611,0.6066481994459835,trend_exit
2017-02-28,2017-02-28,2017-03-08,068270,79884.6475,78429.0,-0.019694535173357286,0.6170644508372705,0.5752508361204013,trend_exit
2017-03-09,2017-03-09,2017-03-16,243070,25517.218500000003,25012.0,-0.02126942244900254,0.6353562405830586,0.6994047619047619,trend_exit
2017-03-03,2017-03-03,2017-03-20,064760,33199.725,32850.0,-0.012018171837266722,0.7244523960049116,0.6115843270868825,trend_exit
2017-03-08,2017-03-08,2017-03-21,005290,8703.035,8580.0,-0.015615816781157199,0.6854983331782343,0.5865921787709496,trend_exit
2017-02-23,2017-02-23,2017-03-22,030190,7040.545,7500.0,0.06366055468717269,0.6621023523883551,0.7883597883597884,trend_exit
2017-03-14,2017-03-14,2017-03-23,011780,74611.75,74300.0,-0.00567202886944751,0.6621003358656264,0.6115843270868825,trend_exit
2017-03-14,2017-03-14,2017-03-27,025980,6409.6,6320.0,-0.015458062905641556,0.6383355317237163,0.5743243243243243,trend_exit
2017-03-13,2017-03-13,2017-04-04,003550,60171.1215,64615.0,0.07224322717667819,0.6307216201187047,0.6066481994459835,trend_exit
2017-03-16,2017-03-16,2017-04-04,051910,278917.75,283000.0,0.013114081122481469,0.7030649080080924,0.6115843270868825,trend_exit
2017-03-13,2017-03-13,2017-04-06,180640,16574.825,19550.0,0.17773038327704804,0.7643112732460314,0.7883597883597884,trend_exit
2017-03-10,2017-03-10,2017-04-10,020150,14592.856500000002,16314.0,0.1162673325815271,0.6613746009793552,0.6066481994459835,trend_exit
2017-03-13,2017-03-13,2017-04-10,093370,6445.654,7119.0,0.10280841944044772,0.6417473426449558,0.6066481994459835,trend_exit
2017-03-21,2017-03-21,2017-04-10,069620,79919.70000000001,84400.0,0.05447593021495312,0.720141535070772,0.6994047619047619,trend_exit
2017-03-27,2017-03-27,2017-04-10,014830,50470.592500000006,50857.0,0.006144607872396124,0.640259662030479,0.4981782047035443,trend_exit
2017-03-20,2017-03-20,2017-04-11,004170,181772.25,189500.0,0.04094959489140937,0.6483109122549536,0.6066481994459835,trend_exit
2017-04-04,2017-04-04,2017-04-11,025980,6499.735000000001,6200.0,-0.0475457845589089,0.631647313641186,0.5011792452830188,trend_exit
2017-03-27,2017-03-27,2017-04-12,214450,32849.200000000004,32950.0,0.0015639650280676598,0.7655182085404699,0.7534246575342466,trend_exit
2017-04-13,2017-04-13,2017-04-20,009150,69303.8,67000.0,-0.03469218138110752,0.7613978175594758,0.6462346760070052,trend_exit
2017-04-19,2017-04-19,2017-04-26,010060,63906.7165,62540.0,-0.02285403757209148,0.6977898599603171,0.6221122112211221,trend_exit
2017-04-12,2017-04-12,2017-04-27,029460,12226.312,12292.0,0.0038646159201565222,0.731964857532347,0.5818930041152265,trend_exit
2017-04-18,2017-04-18,2017-04-28,003550,65469.056500000006,63859.0,-0.02605574436527891,0.6989339022968657,0.6221122112211221,trend_exit
2017-04-20,2017-04-20,2017-04-28,003410,2973.4535,2925.0,-0.01777091856321278,0.9147271163705613,0.8392857142857143,trend_exit
2017-04-12,2017-04-12,2017-05-02,066570,69203.65000000001,70400.0,0.01576145188873701,0.6706702301314365,0.5818930041152265,trend_exit
2017-04-17,2017-04-17,2017-05-04,009450,32899.275,35350.0,0.07288002547168593,0.942772511714479,0.5818930041152265,trend_exit
2017-05-04,2017-05-04,2017-05-12,005290,10716.050000000001,9890.0,-0.07846967865958077,0.7154460478409851,0.6462346760070052,stoploss
2017-05-08,2017-05-08,2017-05-16,028300,5758.625,5470.0,-0.05154529075951286,0.9378939302277125,0.8392857142857143,trend_exit
2017-05-04,2017-05-04,2017-05-17,014680,82323.3,80400.0,-0.02482772192076843,0.6652909956733623,0.6221122112211221,trend_exit
2017-05-08,2017-05-08,2017-05-17,068760,15704.5215,15040.0,-0.04375055298564812,0.841726724467286,0.76,trend_exit
2017-04-17,2017-04-17,2017-05-19,008560,3740.6025000000004,4430.0,0.1825247403326069,0.7284725639187952,0.6462346760070052,trend_exit
2017-03-28,2017-03-28,2017-05-22,012510,24236.300000000003,30350.0,0.2503754698530716,0.6928846710480383,0.6994047619047619,trend_exit
2017-04-17,2017-04-17,2017-05-25,041510,24887.275,28650.0,0.14946393287332582,0.7565930803403897,0.8392857142857143,trend_exit
2017-04-26,2017-04-26,2017-05-30,025980,6109.150000000001,6970.0,0.13920021606933863,0.753338908338209,0.6462346760070052,trend_exit
2017-05-02,2017-05-02,2017-05-31,020150,16871.269,21881.0,0.29499319227261456,0.6715110806683184,0.6759776536312849,trend_exit
2017-05-23,2017-05-23,2017-06-02,011780,78317.3,76400.0,-0.02594445927017397,0.6927548111189578,0.6462346760070052,trend_exit
2017-04-17,2017-04-17,2017-06-05,086280,70884.167,77530.0,0.09211560601396362,0.7224348869551227,0.6462346760070052,trend_exit
2017-05-12,2017-05-12,2017-06-05,064760,36154.15,36700.0,0.013575205059446871,0.8323049350430399,0.6759776536312849,trend_exit
2017-05-19,2017-05-19,2017-06-07,009150,78717.90000000001,82900.0,0.05154799607204974,0.767268669101192,0.6759776536312849,trend_exit
2017-05-23,2017-05-23,2017-06-07,051915,188282.0,194000.0,0.028823785598198537,0.6967959458517763,0.5818930041152265,trend_exit
2017-05-26,2017-05-26,2017-06-07,000660,57185.65,56500.0,-0.013471911222483257,0.6353032960741374,0.7666666666666667,trend_exit
2017-05-22,2017-05-22,2017-06-13,081660,14141.18,16080.0,0.13539888467581918,0.8089418954203828,0.75,trend_exit
2017-05-16,2017-05-16,2017-06-21,005290,10515.75,15000.0,0.4242921332287284,0.7541655190674377,0.6462346760070052,trend_exit
2017-05-30,2017-05-30,2017-06-21,108320,31947.850000000002,33400.0,0.04388558228487982,0.7061789669398643,0.8327974276527331,trend_exit
2017-06-13,2017-06-13,2017-06-23,011790,33850.700000000004,33100.0,-0.02364352878965592,0.6538505998663537,0.7684824902723736,trend_exit
2017-06-08,2017-06-08,2017-06-26,028300,5179.758000000001,5610.0,0.08143758839698667,0.8120532438682351,1.0,trend_exit
2017-06-08,2017-06-08,2017-06-26,001720,53079.5,54300.0,0.02145932045328247,0.6194137008829877,0.6131221719457014,trend_exit
2017-06-23,2017-06-23,2017-06-30,088980,8717.056,8585.0,-0.0166264275461806,0.6475848754559411,0.5581395348837209,trend_exit
2017-05-31,2017-05-31,2017-07-03,068270,75240.69200000001,90767.0,0.20454566659222118,0.8133955045213217,0.8438356164383561,trend_exit
2017-06-14,2017-06-14,2017-07-03,009150,85227.65000000001,97500.0,0.14227894351187653,0.7437200552462285,1.0,trend_exit
2017-06-08,2017-06-08,2017-07-04,020150,22543.765000000003,29723.0,0.3164799890346621,0.7741458761272697,0.9375,trend_exit
2017-06-08,2017-06-08,2017-07-04,066970,18570.8145,19748.0,0.061793924009095,0.7571721506374716,0.8823529411764706,trend_exit
2017-06-26,2017-06-26,2017-07-04,081660,16484.690000000002,15760.0,-0.0453954548129204,0.6607690902874913,0.8327974276527331,trend_exit
2017-06-26,2017-06-26,2017-07-04,192820,114369.297,111257.0,-0.02867187773305968,0.6074171021749244,0.8074866310160428,trend_exit
2017-07-03,2017-07-03,2017-07-10,028050,12018.0,11850.0,-0.015458062905641556,0.6791196882809662,0.8438356164383561,trend_exit
2017-06-08,2017-06-08,2017-07-12,058470,8803.185000000001,9511.0,0.07878381517598454,0.6930163312180481,0.7588961510530138,trend_exit
2017-06-21,2017-06-21,2017-07-12,006400,154919.03050000002,168883.0,0.08850200621414284,0.6367962651454664,0.8327974276527331,trend_exit
2017-06-30,2017-06-30,2017-07-12,035720,20402.558,19770.0,-0.032457351671295376,0.6799559357958191,0.8438356164383561,trend_exit
2017-07-06,2017-07-06,2017-07-13,130960,77415.95000000001,72000.0,-0.07135415892978136,0.6141250956458436,0.7482376636455186,trend_exit
2017-07-04,2017-07-04,2017-07-14,069620,85027.35,81200.0,-0.04644564366642023,0.7457201521105072,0.8438356164383561,trend_exit
2017-07-07,2017-07-07,2017-07-21,014680,72408.45,72300.0,-0.0029955067398901303,0.9207572593308531,0.6932907348242812,trend_exit
2017-07-03,2017-07-03,2017-07-24,011790,33650.4,36950.0,0.09640821505836494,0.638859373218739,0.7846153846153846,trend_exit
2017-07-07,2017-07-07,2017-07-24,111770,34000.925,33400.0,-0.019147273199185078,0.7152208181814306,0.5435684647302904,trend_exit
2017-07-17,2017-07-17,2017-07-24,000270,37656.4,36500.0,-0.03216319138313806,0.7168185499830597,0.4890798424633012,trend_exit
2017-07-12,2017-07-12,2017-07-26,000660,69003.35,66800.0,-0.033383161831998076,0.835951707145155,0.6932907348242812,trend_exit
2017-06-23,2017-06-23,2017-07-28,051910,283925.25,323000.0,0.1359169358836525,0.6420130637256349,0.8327974276527331,trend_exit
2017-07-14,2017-07-14,2017-07-28,042700,4261.382500000001,4225.0,-0.010024915623040198,0.6895611862953146,0.4890798424633012,trend_exit
2017-07-12,2017-07-12,2017-08-03,214370,10383.552,11120.0,0.06931809076508699,0.872401999097584,0.4890798424633012,trend_exit
2017-07-17,2017-07-17,2017-08-04,034230,13570.325,13400.0,-0.014032456849780606,0.7322144171905681,0.5435684647302904,trend_exit
2017-07-10,2017-07-10,2017-08-09,003670,14304.424500000001,19787.0,0.3812033822122658,0.7234125259636015,0.5435684647302904,trend_exit
2017-07-27,2017-07-27,2017-08-09,014680,74411.45,74200.0,-0.004337370122474482,0.8444881074880104,0.8,trend_exit
2017-07-21,2017-07-21,2017-08-11,028300,5360.028,5470.0,0.018986281414947737,0.9563018537716952,0.6932907348242812,trend_exit
2017-08-11,2017-08-11,2017-08-21,064350,18627.9,18000.0,-0.03515694200634545,0.6772938991821156,0.4890798424633012,trend_exit
2017-08-21,2017-08-21,2017-08-28,005380,148222.0,144500.0,-0.026573315702122513,0.6230155461962381,0.45263157894736844,trend_exit
2017-08-01,2017-08-01,2017-08-29,066570,68402.45,74400.0,0.08604881842682555,0.7301409811754148,0.4890798424633012,trend_exit
2017-08-22,2017-08-22,2017-08-29,042700,3820.7225000000003,3675.0,-0.0395828275934722,0.6421763081072875,0.6187624750499003,trend_exit
2017-08-18,2017-08-18,2017-08-30,005930,46970.350000000006,46200.0,-0.017876170818399317,0.7017168881553433,0.4539162112932605,trend_exit
2017-08-21,2017-08-21,2017-08-30,053800,53279.8,52000.0,-0.02548432989613325,0.6050468740600112,0.4574468085106383,trend_exit
2017-08-16,2017-08-16,2017-09-04,000660,66199.15000000001,68100.0,0.027171043736966327,0.7405794514835335,0.6326530612244898,trend_exit
2017-08-23,2017-08-23,2017-09-04,000270,35252.8,34900.0,-0.011492704125629749,0.6532480318468715,0.4574468085106383,trend_exit
2017-08-28,2017-08-28,2017-09-04,025980,5878.805,5560.0,-0.05564821422040711,0.6374622622760245,0.4574468085106383,trend_exit
2017-08-17,2017-08-17,2017-09-05,009420,11967.925000000001,11850.0,-0.011338640574702907,0.9522483321417391,0.7140515117919386,trend_exit
2017-08-08,2017-08-08,2017-09-11,011200,7324.9710000000005,7965.0,0.08574525414503342,0.6831014200948852,0.4539162112932605,trend_exit
2017-09-07,2017-09-07,2017-09-14,003410,2896.338,2870.0,-0.010579911598715408,0.7112041763871544,0.5073260073260072,trend_exit
2017-09-08,2017-09-08,2017-09-22,185750,73706.394,72567.0,-0.01693536248700489,0.6058408955403083,0.5273069679849339,trend_exit
2017-09-12,2017-09-12,2017-09-22,009420,13019.5,12300.0,-0.056680364069280564,0.684476375440823,0.8192771084337349,trend_exit
2017-08-21,2017-08-21,2017-09-25,130960,70906.2,77900.0,0.09698658227348256,0.606640457538657,0.5073260073260072,trend_exit
2017-09-15,2017-09-15,2017-09-25,068760,14643.933,14058.0,-0.041451978781929744,0.7167301193458775,0.6363636363636365,trend_exit
2017-09-19,2017-09-19,2017-09-25,028050,11116.650000000001,10300.0,-0.0748516864343125,0.6623046095861186,0.6842105263157895,stoploss
2017-09-20,2017-09-20,2017-09-25,023590,18928.350000000002,17500.0,-0.07684769142582437,0.6270414445672556,0.5073260073260072,stoploss
2017-09-07,2017-09-07,2017-09-26,207940,413702.62450000003,472718.0,0.14093770512205195,0.6648555709585352,0.8192771084337349,trend_exit
2017-09-08,2017-09-08,2017-09-29,068270,90509.561,111593.0,0.2310921550044862,0.6461872559419404,0.5273069679849339,trend_exit
2017-09-26,2017-09-26,2017-10-13,025980,4767.14,4400.0,-0.07839920791082278,0.7027637994058227,0.5273069679849339,stoploss
2017-09-18,2017-09-18,2017-10-18,005380,137205.5,150500.0,0.09524946157406222,0.645603382395191,0.5273069679849339,trend_exit
2017-10-10,2017-10-10,2017-10-24,068760,18013.9805,23621.0,0.3092924409460751,0.6281113627169728,0.6139552044144072,trend_exit
2017-10-10,2017-10-10,2017-10-24,207940,506931.25800000003,554899.0,0.09298182496373109,0.6595654654031893,0.56,trend_exit
2017-10-10,2017-10-10,2017-10-25,041510,29744.550000000003,30400.0,0.0205029156601797,0.6635191290788582,0.5356045081967213,trend_exit
2017-10-16,2017-10-16,2017-10-26,038500,3249.8675000000003,3125.0,-0.039864702176319544,0.6025327398997574,0.5356045081967213,trend_exit
2017-10-18,2017-10-18,2017-10-26,018670,92501.5445,91291.0,-0.01456711893064666,0.6383828665361186,0.5356045081967213,trend_exit
2017-10-24,2017-10-24,2017-10-26,028300,11119.6545,9670.0,-0.13167311088667366,0.6316531900850932,0.5356045081967213,stoploss
2017-10-24,2017-10-24,2017-10-31,077970,10465.675000000001,9850.0,-0.06023978386487261,0.6432666484551206,0.5356045081967213,trend_exit
2017-09-28,2017-09-28,2017-11-01,053800,46219.225000000006,49450.0,0.06829625550839502,0.6347490531541622,0.6187624750499003,trend_exit
2017-10-26,2017-10-26,2017-11-02,014830,55100.527,53227.0,-0.035450976721148275,0.6191727247274151,0.5356045081967213,trend_exit
2017-09-27,2017-09-27,2017-11-06,042700,4161.2325,4825.0,0.15777296750421899,0.6158026213011406,0.5273069679849339,trend_exit
2017-10-26,2017-10-26,2017-11-06,068240,9895.8215,10112.0,0.020312664289670268,0.6229180704100024,0.5356045081967213,trend_exit
2017-11-01,2017-11-01,2017-11-07,028300,10761.1175,9870.0,-0.08418479772198384,0.6687337396879662,0.6276595744680851,stoploss
2017-09-21,2017-09-21,2017-11-08,000270,30645.9,34500.0,0.12407369338149632,0.7529846976320584,0.8192771084337349,trend_exit
2017-11-02,2017-11-02,2017-11-09,068760,25207.755,24111.0,-0.044943371593384684,0.6928302721599741,0.7016129032258065,trend_exit
2017-10-25,2017-10-25,2017-11-13,011780,68602.75,73200.0,0.06541210082686177,0.6932495732576395,0.6382978723404256,trend_exit
2017-11-09,2017-11-09,2017-11-13,042660,18683.984,17013.0,-0.09079987972586567,0.7036252698228327,0.5356045081967213,stoploss
2017-09-29,2017-09-29,2017-11-14,064350,17726.55,19800.0,0.11529316195198724,0.6063812162092528,0.4574468085106383,trend_exit
2017-11-09,2017-11-09,2017-11-16,000990,14722.050000000001,13950.0,-0.053863082926630446,0.6546849856464911,0.56,trend_exit
2017-11-10,2017-11-10,2017-11-17,014830,55331.8735,52591.0,-0.050960862548780406,0.6050814034091129,0.5356045081967213,trend_exit
2017-09-28,2017-09-28,2017-11-21,009450,34051.0,49400.0,0.4485888813838066,0.6441044389669506,0.6187624750499003,trend_exit
2017-11-16,2017-11-16,2017-11-23,207940,574666.709,556353.0,-0.03332059818345934,0.6285579780041106,0.5356045081967213,trend_exit
2017-11-03,2017-11-03,2017-11-27,009420,12468.675000000001,14700.0,0.17718602818663576,0.7309757119471935,0.6276595744680851,trend_exit
2017-11-09,2017-11-09,2017-11-28,004490,34201.225,34200.0,-0.00153576370437003,0.6834158135585093,0.6382978723404256,trend_exit
2017-11-02,2017-11-02,2017-11-29,039490,72208.15000000001,83900.0,0.16017582502806116,0.6395228561414966,0.5356045081967213,trend_exit
2017-11-13,2017-11-13,2017-11-29,088390,16024.0,16450.0,0.025045244633050467,0.643053135252809,0.56,trend_exit
2017-11-27,2017-11-27,2017-11-30,000990,14521.75,13400.0,-0.07863033036651912,0.6813665636940768,0.688034188034188,stoploss
2017-11-27,2017-11-27,2017-12-04,012510,34451.6,33350.0,-0.0334273299353296,0.627718051523933,0.6425898203592814,trend_exit
2017-11-22,2017-11-22,2017-12-08,011780,75312.8,86200.0,0.1428429164763494,0.7247405992947753,0.6850507982583454,trend_exit
2017-11-30,2017-11-30,2017-12-12,086280,73388.9185,71028.0,-0.0336217040723934,0.6273742470337743,0.6674418604651161,trend_exit
2017-11-13,2017-11-13,2017-12-14,104700,7300.935,7660.0,0.04760691610047196,0.6062937473373674,0.5029821073558648,trend_exit
2017-11-28,2017-11-28,2017-12-14,005850,17282.8855,17098.0,-0.012181559612832071,0.641447378961154,0.6850507982583454,trend_exit
2017-12-07,2017-12-07,2017-12-14,088980,8367.532500000001,8325.0,-0.006575415153750597,0.6972139290159547,0.55,trend_exit
2017-11-24,2017-11-24,2017-12-21,052690,18728.05,23650.0,0.2609174473583744,0.676437523054773,0.6850507982583454,trend_exit
2017-12-11,2017-12-11,2017-12-21,041510,37005.425,35000.0,-0.05561144075497049,0.6207805741495485,0.6425898203592814,trend_exit
2017-12-13,2017-12-13,2017-12-21,068760,46706.955500000004,43464.0,-0.07082781278689854,0.6475703990647768,0.6425898203592814,trend_exit
2017-12-14,2017-12-14,2017-12-21,032190,10265.375,10150.0,-0.012722379844866682,0.646806304574272,0.6425898203592814,trend_exit
2017-12-13,2017-12-13,2017-12-22,207940,528052.893,504717.0,-0.04562605151753241,0.6778447827787477,0.6850507982583454,trend_exit
2017-12-15,2017-12-15,2017-12-22,079550,57886.700000000004,56200.0,-0.030594247037747824,0.6173800023217427,0.6425898203592814,trend_exit
2017-12-22,2017-12-22,2018-01-04,014830,53769.533500000005,51435.0,-0.04485227680095083,0.6185362740217729,0.5570264765784112,trend_exit
2017-12-26,2017-12-26,2018-01-04,005290,21081.575,19500.0,-0.07640913926023085,0.6097013066781496,0.688034188034188,stoploss
2017-12-13,2017-12-13,2018-01-05,025980,5508.25,5550.0,0.006068170471565493,0.6289828916730233,0.688034188034188,trend_exit
2017-12-22,2017-12-22,2018-01-08,077970,8963.425000000001,8410.0,-0.06314996778575166,0.6267832955723509,0.6308330452817145,trend_exit
2017-12-20,2017-12-20,2018-01-09,039030,92638.75,99000.0,0.06706426846217162,0.6243079187232403,0.6425898203592814,trend_exit
2017-12-28,2017-12-28,2018-01-15,000990,12018.0,12000.0,-0.0029955067398901303,0.8209409989307703,0.8279569892473119,trend_exit
2017-12-19,2017-12-19,2018-01-19,009420,15523.25,32300.0,1.077628718213003,0.6564479422847707,0.6850507982583454,trend_exit
2018-01-09,2018-01-09,2018-01-23,000100,33921.8065,34331.0,0.010544750911187561,0.695386060087008,0.6091549295774649,trend_exit
2017-12-26,2017-12-26,2018-01-24,068760,46859.1835,73309.0,0.5621065292356193,0.6534216074091899,0.6850507982583454,trend_exit
2018-01-11,2018-01-11,2018-01-30,084370,20330.45,22550.0,0.10750991738992499,0.6252421571501141,0.5893085787451989,trend_exit
2018-01-23,2018-01-23,2018-01-30,086280,69881.6655,70778.0,0.011307221920748178,0.7348670623481863,0.6091549295774649,trend_exit
2018-01-23,2018-01-23,2018-01-30,011780,105658.25,101000.0,-0.045521764746245585,0.6622449102981232,0.5893085787451989,trend_exit
2017-12-13,2017-12-13,2018-01-31,003670,31707.49,44944.0,0.4153306994656467,0.6555931389152183,0.6850507982583454,trend_exit
2018-01-16,2018-01-16,2018-02-01,011200,4626.93,4620.0,-0.0029955067398901303,0.6076308700873174,0.5893085787451989,trend_exit
2018-01-05,2018-01-05,2018-02-05,010620,45187.68,53141.0,0.1742423709294214,0.6413696615189508,0.5893085787451989,trend_exit
2018-01-11,2018-01-11,2018-02-05,036570,427640.5,420500.0,-0.018172390126753646,0.6398614949111121,0.5893085787451989,trend_exit
2017-12-27,2017-12-27,2018-02-06,112610,12497.7185,16915.0,0.3514168606053978,0.6370672854413146,0.8279569892473119,trend_exit
2018-01-10,2018-01-10,2018-02-06,031430,14561.810000000001,17000.0,0.1656861337979274,0.6228016848590849,0.5893085787451989,trend_exit
2018-01-30,2018-01-30,2018-02-06,000100,35998.9175,32795.0,-0.09036688394866321,0.6827523347433875,0.5909090909090908,stoploss
2018-02-02,2018-02-02,2018-02-09,011070,127691.25,123000.0,-0.038183900619658706,0.6701210869140818,0.6091549295774649,trend_exit
2018-02-02,2018-02-02,2018-02-09,025980,5558.325000000001,5180.0,-0.06946247295723085,0.6810685488300969,0.5909090909090908,trend_exit
2018-01-24,2018-01-24,2018-02-26,014680,66199.15000000001,75000.0,0.13124564288212137,0.8332492228268041,0.8333333333333334,trend_exit
2018-02-19,2018-02-19,2018-02-27,237690,43114.575000000004,40000.0,-0.07363113285936373,0.622610686034312,0.5909090909090908,stoploss
2018-02-20,2018-02-20,2018-02-27,030190,9564.325,9210.0,-0.03849095466747521,0.6580688167516284,0.5085616438356166,trend_exit
2018-02-19,2018-02-19,2018-02-28,006400,178941.00950000001,167414.0,-0.065821303528524,0.6960306601494689,0.6091549295774649,trend_exit
2018-02-20,2018-02-20,2018-02-28,009150,96043.85,92600.0,-0.037303273452698904,0.7073219118463844,0.5797665369649806,trend_exit
2018-02-20,2018-02-20,2018-03-02,086520,4596.885,4393.0,-0.04578633139615207,0.6957602715829357,0.57,trend_exit
2018-02-19,2018-02-19,2018-03-05,025980,5728.58,5600.0,-0.02391168492017215,0.677307380510212,0.5893085787451989,trend_exit
2018-02-26,2018-02-26,2018-03-05,111770,29043.5,26900.0,-0.07519238383803595,0.7842351232551676,0.6676136363636364,stoploss
2018-02-20,2018-02-20,2018-03-06,008730,17776.625,17550.0,-0.014229360185074591,0.6520725757158368,0.553030303030303,trend_exit
2018-02-14,2018-02-14,2018-03-13,081660,17806.670000000002,19860.0,0.11363943960324985,0.6903536462331229,0.5893085787451989,trend_exit
2018-03-12,2018-03-12,2018-03-20,108320,43615.325000000004,39150.0,-0.10372615588672107,0.6694297419560427,0.5085616438356166,stoploss
2018-03-13,2018-03-13,2018-03-21,014680,75312.8,72100.0,-0.044095426009921224,0.729836400963405,0.5797665369649806,trend_exit
2018-03-13,2018-03-13,2018-03-23,282330,168752.75,161500.0,-0.04441409102962768,0.634466366372341,0.4699930216329379,trend_exit
2018-03-09,2018-03-09,2018-03-26,003030,75137.5375,73917.0,-0.017719678396433958,0.7898823341610856,0.4872881355932203,trend_exit
2018-03-12,2018-03-12,2018-03-26,000100,32997.422,33102.0,0.001664523974024501,0.7689837004469842,0.5085616438356166,trend_exit
2018-03-12,2018-03-12,2018-03-26,151910,2423.63,2715.0,0.11854016495917286,0.6959463554597936,0.4699930216329379,trend_exit
2018-03-22,2018-03-22,2018-03-29,025540,56084.0,53500.0,-0.047504635903287906,0.7644472446788391,0.5085616438356166,trend_exit
2018-03-27,2018-03-27,2018-04-03,010130,484225.25,462500.0,-0.04629870086287324,0.6266998205742023,0.4588996763754045,trend_exit
2018-03-09,2018-03-09,2018-04-04,009150,95943.70000000001,103000.0,0.07193593742997173,0.6705546197020438,0.5662650602409639,trend_exit
2018-03-29,2018-03-29,2018-04-05,003230,82523.6,77300.0,-0.06470330911399891,0.6656522652117891,0.5085616438356166,trend_exit
2018-03-13,2018-03-13,2018-04-12,012330,224336.0,251500.0,0.11940459845945361,0.6571640592016006,0.5797665369649806,trend_exit
2018-03-13,2018-03-13,2018-04-13,039200,19240.818,27708.0,0.4379034196986844,0.6576332588896029,0.4699930216329379,trend_exit
2018-03-27,2018-03-27,2018-04-16,011200,4441.6525,4600.0,0.03409710687632583,0.6767959759677884,0.4699930216329379,trend_exit
2018-04-06,2018-04-06,2018-04-17,005850,17921.842500000002,17417.0,-0.029626864536947073,0.6289007310411414,0.5485262401150252,trend_exit
2018-02-20,2018-02-20,2018-04-18,028300,15703.52,38172.0,1.4271463977503136,0.735562876080901,0.6676136363636364,trend_exit
2018-03-20,2018-03-20,2018-04-18,207940,672993.979,783985.0,0.1631738870281929,0.6469985004319311,0.5085616438356166,trend_exit
2018-03-29,2018-03-29,2018-04-18,000100,33997.9205,36559.0,0.07371747927935779,0.6727198917239336,0.644808743169399,trend_exit
2018-04-18,2018-04-18,2018-04-23,035900,23885.775,22000.0,-0.08033128504308529,0.6581056830808895,0.5485262401150252,stoploss
2018-04-13,2018-04-13,2018-04-24,064960,21768.604000000003,19036.0,-0.12684129859682336,0.6231349039507637,0.5485262401150252,stoploss
2018-04-04,2018-04-04,2018-04-25,081660,22533.75,24600.0,0.09005824596438683,0.6695678931163271,0.5485262401150252,trend_exit
2018-04-12,2018-04-12,2018-05-02,192530,10966.425000000001,11200.0,0.019767152923582554,0.6687183936067002,0.5084288604180714,trend_exit
2018-04-23,2018-04-23,2018-05-08,004490,32298.375000000004,32000.0,-0.010724223741906624,0.7172937667638206,0.5485262401150252,trend_exit
2018-04-23,2018-04-23,2018-05-08,058470,11570.3295,11413.0,-0.015077271567762951,0.7118000424997245,0.5485262401150252,trend_exit
2018-04-16,2018-04-16,2018-05-09,111770,28392.525,30100.0,0.058547980498388164,0.6975486091807972,0.5485262401150252,trend_exit
2018-04-18,2018-04-18,2018-05-09,003030,65403.959,73064.0,0.11544324098178849,0.6809766302648563,0.5084288604180714,trend_exit
2018-05-02,2018-05-02,2018-05-10,081660,25938.850000000002,25500.0,-0.01839325953155213,0.6978557384122607,0.6168831168831169,trend_exit
2018-04-20,2018-04-20,2018-05-11,025540,50876.200000000004,51000.0,0.0009297078005039427,0.6694178039707771,0.5084288604180714,trend_exit
2018-05-08,2018-05-08,2018-05-15,035420,146626.6105,142401.0,-0.03027562312776777,0.7157287335532823,0.6168831168831169,trend_exit
2018-03-27,2018-03-27,2018-05-21,064350,16074.075,36100.0,1.2424836265850443,0.7380476621008962,0.553030303030303,trend_exit
2018-05-08,2018-05-08,2018-05-23,012450,28207.2475,28878.0,0.022243769088068577,0.7169824502902009,0.6168831168831169,trend_exit
2018-05-10,2018-05-10,2018-05-24,064960,18539.768,18623.0,0.002982642501243804,0.665478747554107,0.6168831168831169,trend_exit
2018-05-11,2018-05-11,2018-05-25,004490,33049.5,33500.0,0.012110621945869093,0.6996785558302017,0.6168831168831169,trend_exit
2018-05-21,2018-05-21,2018-05-30,000030,15773.625,15200.0,-0.03781153666325898,0.613950726154342,0.5100418410041844,trend_exit
2018-04-03,2018-04-03,2018-06-04,192400,18968.41,32100.0,0.6897489035717808,0.6338204774780234,0.5662650602409639,trend_exit
2018-05-11,2018-05-11,2018-06-04,005290,13870.775000000001,15800.0,0.13737696704041413,0.7715748737251216,0.6168831168831169,trend_exit
2018-05-23,2018-05-23,2018-06-07,005930,51877.700000000004,50600.0,-0.02609213592738302,0.6695603575292777,0.5100418410041844,trend_exit
2018-05-15,2018-05-15,2018-06-08,014680,72308.3,76000.0,0.049478413958010226,0.7270966357051577,0.6168831168831169,trend_exit
2018-06-05,2018-06-05,2018-06-15,042700,4932.387500000001,4715.0,-0.04550737345758016,0.6411798566558852,0.5100418410041844,trend_exit
2018-06-07,2018-06-07,2018-06-15,027410,11917.85,11100.0,-0.07002101889183032,0.6668401527906226,0.5100418410041844,trend_exit
2018-05-24,2018-05-24,2018-06-18,108320,35853.700000000004,37750.0,0.05131060392651232,0.6662223792146135,0.5100418410041844,trend_exit
2018-06-08,2018-06-08,2018-06-18,086280,67376.914,63275.0,-0.06228879078670779,0.6749427408508362,0.5100418410041844,trend_exit
2018-05-03,2018-05-03,2018-06-19,006400,182862.8835,211471.0,0.1547110570418191,0.7591435407229115,0.6168831168831169,trend_exit
2018-05-10,2018-05-10,2018-06-19,020150,34201.225,38350.0,0.11962290824378363,0.714035032804875,0.6168831168831169,trend_exit
2018-06-05,2018-06-05,2018-06-20,035420,135193.4865,137995.0,0.019191168651457202,0.7348381947237566,0.5100418410041844,trend_exit
2018-05-08,2018-05-08,2018-06-21,000990,13820.7,19300.0,0.3943613565159505,0.708635097552075,0.6168831168831169,trend_exit
2018-06-04,2018-06-04,2018-06-22,105630,16474.675,16350.0,-0.009056324328097443,0.7502518382307892,0.5100418410041844,trend_exit
2018-05-30,2018-05-30,2018-06-29,081660,27941.850000000002,33650.0,0.20248032968468443,0.6800901116373934,0.5100418410041844,trend_exit
2018-06-25,2018-06-25,2018-07-02,082270,13570.325,12200.0,-0.10232805772890474,0.6271309941209141,0.5100418410041844,stoploss
2018-06-27,2018-06-27,2018-07-02,214370,13235.824,12000.0,-0.09472957633767265,0.6456090464286538,0.5100418410041844,stoploss
2018-06-29,2018-06-29,2018-07-04,204320,38457.600000000006,34150.0,-0.11334105612414724,0.6289907238285497,0.5100418410041844,stoploss
2018-06-26,2018-06-26,2018-07-19,112610,12592.861,12384.0,-0.018060788569015385,0.8226318178859707,0.5100418410041844,trend_exit
2018-07-10,2018-07-10,2018-07-19,010130,388081.25,372500.0,-0.04158922905963636,0.643944117374065,0.5897435897435896,trend_exit
2018-07-06,2018-07-06,2018-07-20,180640,16524.75,17000.0,0.027216750631628317,0.7111684800744789,0.6831683168316832,trend_exit
2018-07-10,2018-07-10,2018-07-20,008560,3545.3100000000004,3485.0,-0.018485689544779027,0.6513658649931174,0.6831683168316832,trend_exit
2018-07-09,2018-07-09,2018-07-23,005290,12068.075,10450.0,-0.13537784609392967,0.631534812473592,0.6831683168316832,stoploss
2018-07-09,2018-07-09,2018-07-25,011210,40610.825000000004,41200.0,0.012986069600900763,0.6565303491568808,0.6831683168316832,trend_exit
2018-07-12,2018-07-12,2018-07-31,012330,208312.0,228000.0,0.09287030991973588,0.7078179773004007,0.5603112840466926,trend_exit
2018-07-10,2018-07-10,2018-08-02,086280,56857.158,65275.0,0.14633037936929583,0.7013781661157392,0.47674418604651164,trend_exit
2018-08-01,2018-08-01,2018-08-03,007390,6894.326,4717.0,-0.3168404714253431,0.6601557417404045,0.5897435897435896,stoploss
2018-07-03,2018-07-03,2018-08-07,086520,4228.3330000000005,4882.0,0.15286024066694837,0.6544956720366192,0.5100418410041844,trend_exit
2018-08-01,2018-08-01,2018-08-08,012450,23820.6775,23122.0,-0.030786718807640945,0.6647479255802075,0.7142857142857143,trend_exit
2018-07-27,2018-07-27,2018-08-09,180640,17626.4,18100.0,0.025328484545908525,0.6849567282041074,0.47058823529411764,trend_exit
2018-08-03,2018-08-03,2018-08-13,096530,13388.052000000001,12438.0,-0.07235623225843468,0.6726390343834506,0.47674418604651164,trend_exit
2018-08-02,2018-08-02,2018-08-23,000640,94856.07100000001,96074.0,0.011320498400149814,0.6517395174140233,0.47058823529411764,trend_exit
2018-08-16,2018-08-16,2018-08-23,064960,18733.057500000003,17658.0,-0.05880217364410478,0.7133669465763164,0.6480263157894736,trend_exit
2018-08-17,2018-08-17,2018-08-28,011810,17640.421000000002,16996.0,-0.03797613446980663,0.6965657976163928,0.6480263157894736,trend_exit
2018-08-17,2018-08-17,2018-08-30,007390,5928.88,5681.0,-0.04324619489684389,0.7795206569837557,0.5931232091690544,trend_exit
2018-08-23,2018-08-23,2018-09-03,180640,17876.775,17800.0,-0.005788236412887837,0.6933961808918939,0.6480263157894736,trend_exit
2018-08-17,2018-08-17,2018-09-05,004490,32548.750000000004,35050.0,0.07523099965436453,0.6890808687498837,0.6480263157894736,trend_exit
2018-08-24,2018-08-24,2018-09-05,096530,12985.449,12438.0,-0.04359541206468864,0.6641315679130722,0.6480263157894736,trend_exit
2018-08-22,2018-08-22,2018-09-07,005290,10766.125,10550.0,-0.021544427544729294,0.7312728048103776,0.5317919075144508,trend_exit
2018-08-20,2018-08-20,2018-09-10,010050,738.1055,797.0,0.07817175187015968,0.6308782018824607,0.5391304347826088,trend_exit
2018-08-30,2018-08-30,2018-09-10,108230,18577.825,17450.0,-0.062117066987120384,0.6485822155148258,0.5161290322580645,trend_exit
2018-08-28,2018-08-28,2018-09-12,079550,32348.45,34100.0,0.05256511517553375,0.7212539493207487,0.6480263157894736,trend_exit
2018-08-23,2018-08-23,2018-09-13,006400,215219.34550000002,233499.0,0.08330759466973658,0.6091586266457472,0.5931232091690544,trend_exit
2018-08-02,2018-08-02,2018-09-14,039200,16823.197,26453.0,0.570053569485039,0.6031726193696739,0.6831683168316832,trend_exit
2018-08-14,2018-08-14,2018-09-19,012450,23973.907000000003,26280.0,0.09454750116449517,0.6278291033131044,0.47674418604651164,trend_exit
2018-09-10,2018-09-10,2018-09-20,064960,18126.1485,17300.0,-0.04700935226256142,0.7503597974239529,0.6480263157894736,trend_exit
2018-09-05,2018-09-05,2018-10-01,000270,32248.300000000003,34350.0,0.06357466905232201,0.6558257786710967,0.5931232091690544,trend_exit
2018-09-11,2018-09-11,2018-10-02,180640,19328.95,22200.0,0.14681345856862382,0.7148821523938655,0.5931232091690544,trend_exit
2018-09-14,2018-09-14,2018-10-02,271560,105658.25,102500.0,-0.03134634541079373,0.635336040180614,0.5136540962288685,trend_exit
2018-09-18,2018-09-18,2018-10-02,096530,12356.507000000001,11760.0,-0.04970231473991804,0.6644390885652762,0.6480263157894736,trend_exit
2018-09-17,2018-09-17,2018-10-04,016360,31647.4,31250.0,-0.014038278025998996,0.6221603324648676,0.5136540962288685,trend_exit
2018-09-21,2018-09-21,2018-10-04,067160,35252.8,32250.0,-0.08655128103299603,0.6021637134090947,0.5931232091690544,stoploss
2018-09-03,2018-09-03,2018-10-05,207940,687561.7980000001,738895.0,0.07304777497251247,0.6604523203730718,0.5931232091690544,trend_exit
2018-09-07,2018-09-07,2018-10-08,112610,14897.3125,15421.0,0.03360042289506926,0.6601135104690266,0.5931232091690544,trend_exit
2018-10-02,2018-10-02,2018-10-08,003230,77115.5,71000.0,-0.08068416855236626,0.6640959429968688,0.4941131788834032,stoploss
2018-09-21,2018-09-21,2018-10-10,199800,98347.3,92900.0,-0.056805321549244336,0.619536766563064,0.6480263157894736,trend_exit
2018-09-06,2018-09-06,2018-10-11,025980,8042.045,9140.0,0.1348220508589546,0.6694360617724187,0.5136540962288685,trend_exit
2018-10-19,2018-10-19,2018-10-23,000990,13720.550000000001,12050.0,-0.1230726902347209,0.6970908594186778,0.4941131788834032,stoploss
2018-10-17,2018-10-17,2018-10-24,000660,70505.6,66700.0,-0.05539489061861769,0.6328894211441859,0.4941131788834032,trend_exit
2018-10-17,2018-10-17,2018-10-26,047810,32248.300000000003,29700.0,-0.08040268789362548,0.6881051726405519,0.4941131788834032,stoploss
2018-10-19,2018-10-19,2018-10-26,005290,8342.495,8020.0,-0.040098915252571365,0.7550283447904328,0.4941131788834032,trend_exit
2018-10-19,2018-10-19,2018-10-26,240810,19579.325,18050.0,-0.07949201517416982,0.6898621347992149,0.4941131788834032,stoploss
2018-10-19,2018-10-19,2018-10-26,004800,36336.423,32546.0,-0.10565822618258269,0.6874566949337194,0.4941131788834032,stoploss
2018-10-23,2018-10-23,2018-10-26,096530,10066.076500000001,9197.0,-0.0877076584903762,0.7172053574066335,0.4941131788834032,stoploss
2018-10-18,2018-10-18,2018-10-29,004370,228342.0,214000.0,-0.06421508088744077,0.6279148051114919,0.4941131788834032,trend_exit
2018-10-19,2018-10-19,2018-10-29,064760,58287.3,54500.0,-0.06637895390591098,0.6384078244528599,0.4941131788834032,trend_exit
2018-10-24,2018-10-24,2018-10-29,185750,68802.0485,63585.0,-0.07721319518560554,0.669792645351009,0.4941131788834032,stoploss
2018-10-04,2018-10-04,2018-10-30,012450,28564.783000000003,28878.0,0.009448697719846022,0.6435637142714762,0.4941131788834032,trend_exit
2018-10-31,2018-10-31,2018-11-06,007390,13770.625,12461.0,-0.09646014614441967,0.6141744471996673,0.45106221547799696,stoploss
2018-10-18,2018-10-18,2018-11-09,204320,28592.825,30350.0,0.05986292015566841,0.6920181193960718,0.4941131788834032,trend_exit
2018-11-02,2018-11-02,2018-11-09,207940,584864.9835000001,535263.0,-0.0861820752173651,0.6730996496966843,0.4941131788834032,stoploss
2018-11-06,2018-11-06,2018-11-12,096530,9462.172,8745.0,-0.07717990118970575,0.7126475174127477,0.4941131788834032,stoploss
2018-10-30,2018-10-30,2018-11-13,004800,37802.619,37977.0,0.0031060149562653905,0.6321714996802252,0.4941131788834032,trend_exit
2018-10-30,2018-10-30,2018-11-13,012330,191787.25,186500.0,-0.029026955650075847,0.6227577767506576,0.4941131788834032,trend_exit
2018-10-31,2018-10-31,2018-11-15,005290,8632.93,8480.0,-0.019188155122304873,0.6330225389020943,0.4941131788834032,trend_exit
2018-11-02,2018-11-02,2018-11-20,000990,12418.6,11700.0,-0.05927801845618663,0.731816228489663,0.4941131788834032,trend_exit
2018-11-12,2018-11-12,2018-11-22,241590,11517.25,11050.0,-0.042008726041372624,0.6531274264340031,0.4941131788834032,trend_exit
2018-11-09,2018-11-09,2018-11-27,214370,12562.816,12416.0,-0.013169021977238238,0.6322043047873909,0.4941131788834032,trend_exit
2018-11-13,2018-11-13,2018-11-27,005850,11734.5755,12793.0,0.08856178904809986,0.7008819916219504,0.4941131788834032,trend_exit
2018-11-05,2018-11-05,2018-11-29,079550,32298.375000000004,36600.0,0.13148416909519423,0.6507218339895355,0.4941131788834032,trend_exit
2018-11-26,2018-11-26,2018-11-30,007630,8072.09,7400.0,-0.08463607318550703,0.647515819142854,0.47368421052631576,stoploss
2018-11-15,2018-11-15,2018-12-05,032350,11316.95,13250.0,0.1690539412120755,0.6926357889005479,0.47368421052631576,trend_exit
2018-11-02,2018-11-02,2018-12-06,240810,19128.65,20250.0,0.05703355960823164,0.6234835561651706,0.4941131788834032,trend_exit
2018-11-26,2018-11-26,2018-12-06,096530,9059.569000000001,8493.0,-0.06394437748639048,0.8000049769108195,0.49399038461538447,trend_exit
2018-11-28,2018-11-28,2018-12-06,000990,11967.925000000001,11100.0,-0.07391214433579762,0.8027214529031088,0.49399038461538447,stoploss
2018-11-09,2018-11-09,2018-12-07,267270,39502.1645,46800.0,0.1829680877360531,0.6773064089253105,0.4941131788834032,trend_exit
2018-11-29,2018-11-29,2018-12-10,005290,8192.27,8020.0,-0.022496817121505974,0.8206798041364429,0.49399038461538447,trend_exit
2018-11-16,2018-11-16,2018-12-11,053800,42764.05,44100.0,0.029693165170277425,0.7303730680291484,0.49399038461538447,trend_exit
2018-11-02,2018-11-02,2018-12-14,038500,3450.1675,4195.0,0.2140591724894516,0.6231282017719855,0.45106221547799696,trend_exit
2018-12-14,2018-12-14,2018-12-21,032500,11091.612500000001,10600.0,-0.0457564218007076,0.6467927774051152,0.47368421052631576,trend_exit
2018-12-03,2018-12-03,2018-12-26,012330,181772.25,190000.0,0.04369616374336571,0.7933588135011884,0.47658610271903323,trend_exit
2018-11-28,2018-11-28,2018-12-27,011210,32799.125,36050.0,0.09746601471838057,0.7846207800513163,0.47658610271903323,trend_exit
2018-12-05,2018-12-05,2018-12-28,005850,13171.728000000001,15902.0,0.2054718257164132,0.7457592094592178,0.49399038461538447,trend_exit
2018-12-20,2018-12-20,2019-01-02,082270,11867.775000000001,11600.0,-0.02402935680866891,0.6660584128573869,0.49399038461538447,trend_exit
2018-12-21,2018-12-21,2019-01-02,240810,20230.300000000003,19450.0,-0.04001300030152799,0.6569705668999516,0.47658610271903323,trend_exit
2018-12-28,2018-12-28,2019-01-03,005290,7320.965,6570.0,-0.1039234581779861,0.6157453426284483,0.49295278365045797,stoploss
2018-12-27,2018-12-27,2019-01-11,003850,7643.448,7429.0,-0.029514363151289746,0.6776564309862141,0.47658610271903323,trend_exit
2019-01-07,2019-01-07,2019-01-14,086450,11729.568000000001,11071.0,-0.05756175333993552,0.6213777920457565,0.5417910447761195,trend_exit
2018-12-27,2018-12-27,2019-01-16,007630,5708.55,6050.0,0.058224067407660396,0.6898321106320436,0.47368421052631576,trend_exit
2018-12-27,2018-12-27,2019-01-17,019170,6239.345,6740.0,0.07862123347883476,0.8152381297735756,0.47658610271903323,trend_exit
2018-12-21,2018-12-21,2019-01-18,112040,12976.435500000001,18666.0,0.4362958918880302,0.7542236102425532,0.47658610271903323,trend_exit
2019-01-09,2019-01-09,2019-01-23,096530,8279.4005,8719.0,0.05151592799502813,0.7498217977558692,0.625,trend_exit
2018-12-28,2018-12-28,2019-01-28,001440,8779.149000000001,9547.0,0.0858318385984791,0.615332741321761,0.49295278365045797,trend_exit
2019-01-18,2019-01-18,2019-01-30,086450,11388.0565,11211.0,-0.01702423938623765,0.673019778397225,0.5417910447761195,trend_exit
2019-01-08,2019-01-08,2019-02-01,018670,71157.57650000001,81852.0,0.14856668846781207,0.6491400937161966,0.6043165467625898,trend_exit
2019-01-14,2019-01-14,2019-02-15,004800,38033.965500000006,53384.0,0.401482156784309,0.6690953833252234,0.541095890410959,trend_exit
2019-01-31,2019-01-31,2019-02-15,000270,36404.525,35900.0,-0.01533806580363295,0.6097114723891681,0.6043165467625898,trend_exit
2019-01-16,2019-01-16,2019-02-18,240810,17876.775,23350.0,0.30420475728983565,0.7781312374960664,0.625,trend_exit
2019-01-24,2019-01-24,2019-02-20,000080,16224.300000000001,17250.0,0.06162515486030218,0.7487940802161592,0.5417910447761195,trend_exit
2019-01-09,2019-01-09,2019-02-21,011070,86729.90000000001,104000.0,0.19732641222923109,0.6261385021378565,0.5417910447761195,trend_exit
2019-02-01,2019-02-01,2019-02-21,001440,10216.301500000001,10110.0,-0.011889478790343078,0.6105907394819758,0.5102459016393445,trend_exit
2019-01-11,2019-01-11,2019-02-22,042700,3685.5200000000004,4295.0,0.1636234506935248,0.6552936036807968,0.5417910447761195,trend_exit
2019-01-29,2019-01-29,2019-02-22,096530,9638.436,9775.0,0.012647435745799518,0.618535993275617,0.6043165467625898,trend_exit
2019-01-09,2019-01-09,2019-03-05,064760,43665.4,62600.0,0.43147892839639623,0.6001616335577844,0.5417910447761195,trend_exit
2019-01-17,2019-01-17,2019-03-06,039030,40110.075000000004,55000.0,0.36916971608754134,0.7654578106356846,0.6043165467625898,trend_exit
2019-02-26,2019-02-26,2019-03-18,096530,10468.6795,11458.0,0.09286113879023605,0.7287879048989631,0.9433962264150944,trend_exit
2019-03-11,2019-03-11,2019-03-18,200130,31296.875,29900.0,-0.046066100848726865,0.6272509809731048,0.6585655008891524,trend_exit
2019-02-20,2019-02-20,2019-03-19,145020,108604.663,131665.0,0.2105143450424407,0.6349894580429412,0.8136645962732919,trend_exit
2019-02-26,2019-02-26,2019-03-21,000080,17726.55,18150.0,0.022352065122655196,0.6200946054553136,0.8074534161490683,trend_exit
2019-03-15,2019-03-15,2019-03-25,111770,34101.075000000004,31750.0,-0.0703408910129667,0.6206058423435393,0.7645895153313551,trend_exit
2019-03-13,2019-03-13,2019-03-26,000990,12468.675000000001,12450.0,-0.0029955067398902413,0.7067367818594967,1.0,trend_exit
2019-04-01,2019-04-01,2019-04-12,000990,13019.5,13400.0,0.02768155459119015,0.7179954035867029,0.8461538461538461,trend_exit
2019-04-01,2019-04-01,2019-04-12,036830,25844.709000000003,25326.0,-0.021540114845170044,0.6032294627758085,0.6224540486835569,trend_exit
2019-04-01,2019-04-01,2019-04-15,051600,35002.425,34800.0,-0.007274495981349882,0.600576757379097,0.5551102204408818,trend_exit
2019-04-01,2019-04-01,2019-04-17,011200,3705.55,3685.0,-0.007037416847701428,0.6512002808452644,0.6224540486835569,trend_exit
2019-03-20,2019-03-20,2019-04-18,005935,35352.950000000004,36950.0,0.043606686287848584,0.6233566362931704,0.6585655008891524,trend_exit
2019-04-01,2019-04-01,2019-04-19,111770,33299.875,37650.0,0.12893892244340255,0.6205731599158486,0.6224540486835569,trend_exit
2019-04-01,2019-04-01,2019-04-23,285130,47041.4565,46571.0,-0.011485890110566555,0.6058792339258117,0.6097560975609756,trend_exit
2019-03-18,2019-03-18,2019-04-24,000660,67901.7,78500.0,0.15434886019054028,0.6728561734406976,0.8032258064516129,trend_exit
2019-04-16,2019-04-16,2019-04-24,011790,36805.125,36150.0,-0.019273131119647013,0.6069219854683877,0.5551102204408818,trend_exit
2019-03-22,2019-03-22,2019-04-25,006400,210317.00300000003,225177.0,0.06904925085871438,0.6145349544683126,0.8136645962732919,trend_exit
2019-04-12,2019-04-12,2019-04-30,035720,20603.859500000002,24086.0,0.16725077648680342,0.6170087500510966,0.6224540486835569,trend_exit
2019-04-23,2019-04-23,2019-04-30,002960,326489.0,322000.0,-0.015228690706271863,0.6186331503611513,0.5551102204408818,trend_exit
2019-04-02,2019-04-02,2019-05-07,028670,4276.405000000001,4660.0,0.08806579358129074,0.6175537456203727,0.5551102204408818,trend_exit
2019-05-02,2019-05-02,2019-05-08,011070,126189.0,116000.0,-0.08212284747481957,0.6307096283130404,0.6224540486835569,stoploss
2019-04-19,2019-04-19,2019-05-09,000990,14822.2,14100.0,-0.050151124664354896,0.6451645635352049,0.6224540486835569,trend_exit
2019-04-23,2019-04-23,2019-05-09,000080,18627.9,19500.0,0.04524664615979246,0.6206903237335601,0.6224540486835569,trend_exit
2019-04-29,2019-04-29,2019-05-09,004370,281922.25,274500.0,-0.02778780319751284,0.607139983680791,0.4510556621880998,trend_exit
2019-04-30,2019-04-30,2019-05-09,058470,11470.1795,10952.0,-0.04660846850740219,0.6006434953367443,0.6224540486835569,trend_exit
2019-04-30,2019-04-30,2019-05-10,196170,12284.399000000001,11724.0,-0.04705032781823515,0.6066551575407616,0.5551102204408818,trend_exit
2019-05-02,2019-05-02,2019-05-10,086450,11789.658000000001,11091.0,-0.06067135280768954,0.6951389299784526,0.6224540486835569,trend_exit
2019-04-24,2019-04-24,2019-05-13,012450,31574.290500000003,30967.0,-0.02070485162604052,0.6369937657929405,0.5069767441860465,trend_exit
2019-04-29,2019-04-29,2019-05-14,003540,12468.675000000001,12800.0,0.025032732026458282,0.6007507298821603,0.6097560975609756,trend_exit
2019-05-07,2019-05-07,2019-05-14,001440,8460.672,8130.0,-0.040524795193573326,0.6603737796534195,0.6097560975609756,trend_exit
2019-05-09,2019-05-09,2019-05-28,009830,25373.002500000002,25456.0,0.0017661882940342988,0.6144574613849207,0.6224540486835569,trend_exit
2019-05-15,2019-05-15,2019-06-07,096530,12180.243,14424.0,0.1824365080401107,0.6874983782344897,0.4591194968553459,trend_exit
2019-06-21,2019-06-21,2019-06-28,285130,39424.0475,38364.0,-0.028348015256424275,0.6513696804118251,0.4591194968553459,trend_exit
2019-06-12,2019-06-12,2019-07-03,271560,85027.35,89300.0,0.048674926361929494,0.8065291664521532,0.5333333333333333,trend_exit
2019-06-21,2019-06-21,2019-07-08,240810,23685.475000000002,22550.0,-0.04936780875198821,0.6685147681017518,0.4591194968553459,trend_exit
2019-06-26,2019-06-26,2019-07-08,039030,61291.8,56500.0,-0.0795628452745718,0.791152232688655,0.5833333333333334,stoploss
2019-06-24,2019-06-24,2019-07-10,035420,113670.25,115500.0,0.014572854374825361,0.7349210560459571,0.4591194968553459,trend_exit
2019-07-02,2019-07-02,2019-07-19,007390,8309.4455,8790.0,0.056245570176734594,0.635524575281916,0.5257069408740359,trend_exit
2019-07-01,2019-07-01,2019-07-23,005290,11867.775000000001,14750.0,0.24099715405794253,0.6408103494154135,0.5697399527186762,trend_exit
2019-07-19,2019-07-19,2019-07-26,000990,14021.0,13700.0,-0.024359888738321067,0.6636114780877357,0.5257069408740359,trend_exit
2019-07-17,2019-07-17,2019-07-29,079550,29093.575,28400.0,-0.025303696778412377,0.6741651701040444,0.5257069408740359,trend_exit
2019-07-22,2019-07-22,2019-07-29,000100,37055.5,34994.0,-0.057049317915019215,0.6019977641339965,0.5257069408740359,trend_exit
2019-07-23,2019-07-23,2019-07-29,000370,3645.46,3350.0,-0.08242718340072297,0.6269451763030265,0.6576819407008087,stoploss
2019-07-19,2019-07-19,2019-07-30,307950,53480.100000000006,52000.0,-0.029134201319743314,0.6171503112451999,0.5641025641025641,trend_exit
2019-07-23,2019-07-23,2019-07-31,066575,29143.65,27700.0,-0.050961358649311284,0.6396950867622302,0.456315289648623,trend_exit
2019-07-24,2019-07-24,2019-07-31,091990,44884.2255,40759.0,-0.09327027376243802,0.6424665429533445,0.5257069408740359,stoploss
2019-07-15,2019-07-15,2019-08-06,039030,61291.8,69200.0,0.12733187799999346,0.6016954176438508,0.5697399527186762,trend_exit
2019-08-01,2019-08-01,2019-08-06,006280,106659.75,98400.0,-0.07882401749488432,0.6108381525737396,0.5257069408740359,stoploss
2019-07-11,2019-07-11,2019-08-07,204320,28993.425000000003,33200.0,0.14336957430865804,0.664673354885605,0.5257069408740359,trend_exit
2019-09-27,2019-09-27,2019-10-01,001440,5494.229,5078.0,-0.0771438540330226,0.6737789885941687,0.65382403680276,stoploss
2019-10-01,2019-10-01,2019-10-10,122870,24236.300000000003,23550.0,-0.02977455304646337,0.769782393709611,0.65382403680276,trend_exit
2019-10-14,2019-10-14,2019-10-23,028050,17125.65,16750.0,-0.02340203145574049,0.6225108800265207,0.5751424501424505,trend_exit
2019-10-14,2019-10-14,2019-10-24,006120,22233.300000000003,22450.0,0.008232021337363227,0.8269156351549757,0.75,trend_exit
2019-10-01,2019-10-01,2019-10-25,196170,10389.561,11487.0,0.10397056237506086,0.630076672341981,0.65382403680276,trend_exit
2019-10-11,2019-10-11,2019-10-25,003490,15065.5645,16016.0,0.061491987240172685,0.6497825491437739,0.5751424501424505,trend_exit
2019-10-14,2019-10-14,2019-10-25,285130,31505.187,31325.0,-0.007210701526704222,0.7509475323801863,0.65382403680276,trend_exit
2019-10-14,2019-10-14,2019-10-25,003090,14571.825,14200.0,-0.026978432694600762,0.7029025561911889,0.65382403680276,trend_exit
2019-09-30,2019-09-30,2019-10-28,028300,24076.06,52143.0,1.162512699337018,0.6853719797301931,0.6485195797516713,trend_exit
2019-10-25,2019-10-25,2019-10-29,005290,18828.2,17200.0,-0.08784695297479317,0.6084310241302148,0.65382403680276,stoploss
2019-10-14,2019-10-14,2019-10-30,002380,192118.7465,196660.0,0.022102286098353296,0.6250388970021726,0.6485195797516713,trend_exit
2019-10-28,2019-10-28,2019-11-08,066970,21727.5425,20953.0,-0.03709448502977264,0.6279381196116827,0.65382403680276,trend_exit
2019-10-30,2019-10-30,2019-11-08,122870,26790.125,25400.0,-0.05331162135301715,0.6651616546730443,0.65382403680276,trend_exit
2019-10-08,2019-10-08,2019-11-12,185750,64141.067500000005,70841.0,0.1027995207594572,0.7071324584477837,0.6485195797516713,trend_exit
2019-10-15,2019-10-15,2019-11-14,051915,165748.25,175000.0,0.054234358432140306,0.6738252059397076,0.65382403680276,trend_exit
2019-10-28,2019-10-28,2019-11-14,048260,318867.585,344680.0,0.0793288380190793,0.6803842665230453,0.65382403680276,trend_exit
2019-10-30,2019-10-30,2019-11-18,112040,13432.118,14372.0,0.06836777342188327,0.6717395432390505,0.65382403680276,trend_exit
2019-11-04,2019-11-04,2019-11-18,003470,2734.0950000000003,2780.0,0.015264648814324211,0.6330661963109192,0.65382403680276,trend_exit
2019-11-04,2019-11-04,2019-11-19,006120,23535.25,23300.0,-0.01148065136338039,0.6268585066114905,0.65382403680276,trend_exit
2019-11-04,2019-11-04,2019-11-19,023590,18677.975000000002,18800.0,0.005023296154963219,0.6256732593258275,0.6485195797516713,trend_exit
2019-11-04,2019-11-04,2019-11-20,285130,34010.94,34895.0,0.024454410845451413,0.6676425076442649,0.65382403680276,trend_exit
2019-11-14,2019-11-14,2019-11-22,108320,35853.700000000004,35450.0,-0.012742757372321445,0.6161946749748721,0.6379821958456974,trend_exit
2019-11-20,2019-11-20,2019-11-27,000150,74511.6,70700.0,-0.05257771944234202,0.6221541282222418,0.5704339754003249,trend_exit
2019-11-18,2019-11-18,2019-12-04,011160,1201.8000000000002,1290.0,0.07177983025461798,0.6628651426523574,0.5704339754003249,trend_exit
2019-11-25,2019-11-25,2019-12-05,285130,38154.1455,41700.0,0.09129557101468855,0.6727899170386048,0.875,trend_exit
2019-11-28,2019-11-28,2019-12-05,014820,29994.925000000003,28350.0,-0.056257850286340116,0.6260011769349618,0.5761904761904761,trend_exit
2019-11-28,2019-11-28,2019-12-09,005850,15207.7775,14348.0,-0.057950578248531004,0.6628909718593212,0.6379821958456974,trend_exit
2019-11-29,2019-11-29,2019-12-09,009970,49474.100000000006,47800.0,-0.03528715024629059,0.6386466361663936,0.5704339754003249,trend_exit
2019-11-26,2019-11-26,2019-12-11,196170,13801.6715,15159.0,0.09669770795515609,0.6222670923560587,0.5704339754003249,trend_exit
2019-12-13,2019-12-13,2019-12-20,247540,12360.513,12033.0,-0.02795697071796288,0.6961339785062561,0.7307692307692307,trend_exit
2019-12-12,2019-12-12,2019-12-26,138040,12268.375,11950.0,-0.027411943309525455,0.6655347188622204,0.5704339754003249,trend_exit
2019-12-11,2019-12-11,2019-12-27,064350,15022.5,15700.0,0.04353136961224835,0.6165678555646892,0.6379821958456974,trend_exit
2019-12-11,2019-12-11,2019-12-30,000150,69504.1,70300.0,0.009933946342733702,0.6194245736761032,0.5761904761904761,trend_exit
2019-12-11,2019-12-11,2020-01-06,003090,12568.825,12350.0,-0.01888402456076843,0.6105863196118866,0.6379821958456974,trend_exit
2019-12-13,2019-12-13,2020-01-06,091990,43029.4475,46246.0,0.07314022565593015,0.7070732208154853,0.6458333333333334,trend_exit
2019-12-09,2019-12-09,2020-01-08,298380,18577.825,21800.0,0.17168183035419937,0.6051958687260381,0.6379821958456974,trend_exit
2019-12-13,2019-12-13,2020-01-08,001440,5112.6575,5132.0,0.002277582646598164,0.6750553422284732,0.7307692307692307,trend_exit
2019-12-30,2019-12-30,2020-01-08,001120,15072.575,13600.0,-0.09905241805066489,0.6448447652862906,0.5436046511627907,stoploss
2019-11-27,2019-11-27,2020-01-22,122870,24987.425000000003,33950.0,0.3566453926324942,0.7132493743128623,0.875,trend_exit
2019-12-26,2019-12-26,2020-01-28,247540,12545.790500000001,13639.0,0.0855068478945189,0.700126216366454,1.0,trend_exit
2020-01-14,2020-01-14,2020-01-28,298050,109664.25,104500.0,-0.04852082606683583,0.6324082480262245,0.5948275862068966,trend_exit
2020-01-15,2020-01-15,2020-01-28,000150,69203.65000000001,64900.0,-0.06359491154007058,0.6043046018585944,0.5336956521739128,trend_exit
2020-01-16,2020-01-16,2020-01-28,006260,44867.200000000004,41900.0,-0.067533744026817,0.6210956711106075,0.625,trend_exit
2020-01-22,2020-01-22,2020-01-28,001230,4643.9555,4271.0,-0.08168941325988155,0.68306890264172,0.775,stoploss
2020-01-14,2020-01-14,2020-01-29,017670,40780.0785,40115.0,-0.017784443450740373,0.6030260267889213,0.5436046511627907,trend_exit
2020-01-16,2020-01-16,2020-01-30,026960,16324.45,16200.0,-0.009112098723081052,0.7036151802888448,0.8636363636363636,trend_exit
2020-01-14,2020-01-14,2020-02-03,005385,71807.55,72700.0,0.010909716318130869,0.6151056720844859,0.675,trend_exit
2020-01-15,2020-01-15,2020-02-04,005380,115172.5,124000.0,0.07503093186307486,0.6515868690801722,0.675,trend_exit
2019-12-11,2019-12-11,2020-02-17,278280,54381.450000000004,77400.0,0.42114452630446597,0.6590164102203977,0.6403940886699507,trend_exit
2020-02-06,2020-02-06,2020-02-17,005830,45468.100000000006,43350.0,-0.048014432096348814,0.6136574104712174,0.5151515151515152,trend_exit
2020-02-07,2020-02-07,2020-02-17,079550,29193.725000000002,27850.0,-0.04745882890929476,0.6529791950666253,0.5217391304347826,trend_exit
2020-02-07,2020-02-07,2020-02-17,096530,16257.3495,15404.0,-0.053911340221848625,0.607534333753927,0.4605263157894737,trend_exit
2020-02-06,2020-02-06,2020-02-18,298380,19379.025,18250.0,-0.059672764754676866,0.6011852116102494,0.5217391304347826,trend_exit
2020-02-10,2020-02-10,2020-02-19,005385,75813.55,74500.0,-0.018800069380737416,0.6162938794588587,0.4605263157894737,trend_exit
2020-02-11,2020-02-11,2020-02-19,000070,38093.054000000004,36901.0,-0.03274627180062806,0.6373947696363341,0.6111111111111112,trend_exit
2020-02-06,2020-02-06,2020-02-20,011200,3535.295,3625.0,0.023836058942747318,0.6617929867715414,0.6111111111111112,trend_exit
2020-02-10,2020-02-10,2020-02-20,001120,13169.725,12350.0,-0.06364977248955461,0.6553376682626372,0.653846153846154,trend_exit
2020-03-05,2020-03-05,2020-03-10,298050,89133.5,82000.0,-0.08141159047944935,0.606711268877195,0.4605263157894737,stoploss
2020-02-10,2020-02-10,2020-03-11,192820,70486.5715,72440.0,0.026171914178007682,0.6165623408161242,0.6111111111111112,trend_exit
2020-03-06,2020-03-06,2020-03-12,030200,23985.925000000003,22000.0,-0.08417123792390757,0.6074011378179129,0.4605263157894737,stoploss
2020-05-08,2020-05-08,2020-05-11,025980,12318.45,11050.0,-0.10431710158339724,0.6600684296985385,0.8182017303690722,stoploss
2020-05-11,2020-05-11,2020-05-18,034020,3498.2395,3440.0,-0.01812325885634758,0.6048658448593531,0.8182017303690722,trend_exit
2020-05-11,2020-05-11,2020-05-19,029960,10515.75,9920.0,-0.05806813589140092,0.6103060251003214,0.8182017303690722,trend_exit
2020-05-13,2020-05-13,2020-05-25,003000,21957.8875,21967.0,-0.0010856235600988917,0.6095644070192705,0.8182017303690722,trend_exit
2020-05-06,2020-05-06,2020-05-27,042670,3801.6940000000004,4596.0,0.20712135169216683,0.6021797952259774,0.8182017303690722,trend_exit
2020-05-18,2020-05-18,2020-05-28,005440,5883.8125,5625.0,-0.04542122985734165,0.6100824810539356,0.8182017303690722,trend_exit
2020-05-19,2020-05-19,2020-06-01,003090,17426.100000000002,17200.0,-0.014455328501500664,0.7189671455446857,0.8182017303690722,trend_exit
2020-05-22,2020-05-22,2020-06-03,005690,22934.350000000002,22000.0,-0.042179089444436046,0.600026265011134,0.8182017303690722,trend_exit
2020-06-05,2020-06-05,2020-06-10,029960,10365.525000000001,9540.0,-0.08102194534285534,0.6402461598109424,0.8182017303690722,stoploss
2020-06-04,2020-06-04,2020-06-11,192400,17786.64,17220.0,-0.033309832548474416,0.6463054046260872,0.8182017303690722,trend_exit
2020-06-05,2020-06-05,2020-06-12,088350,1677.5125,1505.0,-0.10418402247375202,0.6725367528632196,0.8182017303690722,stoploss
2020-06-03,2020-06-03,2020-06-15,069080,20580.825,19450.0,-0.05636314384870378,0.6896520859088936,0.8254716981132078,trend_exit
2020-06-03,2020-06-03,2020-06-15,042670,5296.9335,4875.0,-0.08103669793098212,0.6337594360167705,0.8182017303690722,stoploss
2020-06-08,2020-06-08,2020-06-15,085620,3244.86,2950.0,-0.09223356323539378,0.6435283839437451,0.8182017303690722,stoploss
2020-06-17,2020-06-17,2020-06-19,079550,36354.450000000004,33550.0,-0.07852615016868636,0.6080085269683744,0.542513863216266,stoploss
2020-06-18,2020-06-18,2020-06-22,001120,16875.275,15450.0,-0.08583267531936523,0.6522396964472188,0.542513863216266,stoploss
2020-06-24,2020-06-24,2020-06-29,053030,13770.625,12700.0,-0.07913039531611665,0.6230771417611811,0.542513863216266,stoploss
2020-06-26,2020-06-26,2020-07-01,083790,11087.6065,9003.0,-0.18923029059517926,0.6009558289786326,0.5016393442622951,stoploss
2020-06-29,2020-06-29,2020-07-01,042660,23933.847,22121.0,-0.07713045462352963,0.6055147957538191,0.542513863216266,stoploss
2020-07-01,2020-07-01,2020-07-08,041960,15618.392500000002,15004.0,-0.040778748517173,0.6053190052762148,0.542513863216266,trend_exit
2020-07-02,2020-07-02,2020-07-09,047050,14421.6,13900.0,-0.037613718311421684,0.6272850213672501,0.542513863216266,trend_exit
2020-06-24,2020-06-24,2020-07-10,112040,16923.347,19979.0,0.17878759443979964,0.6629199334322069,0.542513863216266,trend_exit
2020-06-25,2020-06-25,2020-07-10,204270,13019.5,13700.0,0.050689350589500526,0.6620359390996415,0.542513863216266,trend_exit
2020-06-30,2020-06-30,2020-07-10,028050,12268.375,11950.0,-0.027411943309525455,0.6593570265168777,0.542513863216266,trend_exit
2020-07-03,2020-07-03,2020-07-10,001120,15623.400000000001,14500.0,-0.07329710562361591,0.6434684238081423,0.542513863216266,stoploss
2020-06-29,2020-06-29,2020-07-15,294140,30594.823500000002,29888.0,-0.02456806132579914,0.604607383634992,0.542513863216266,trend_exit
2020-06-22,2020-06-22,2020-07-16,066970,24049.019500000002,37221.0,0.5453922560127658,0.625558268051907,0.542513863216266,trend_exit
2020-07-08,2020-07-08,2020-07-16,183490,14416.5925,13424.0,-0.07024742497230185,0.6269703867047712,0.6240105540897097,trend_exit
2020-06-30,2020-06-30,2020-07-24,035900,21231.800000000003,30300.0,0.4249639691406286,0.6133396272864093,0.6180904522613065,trend_exit
2020-07-17,2020-07-17,2020-08-03,214370,14000.970000000001,13580.0,-0.031522101682954884,0.611525715938322,0.5016393442622951,trend_exit
2020-07-03,2020-07-03,2020-08-04,010780,32799.125,46200.0,0.40646130041578865,0.6130914826909003,0.542513863216266,trend_exit
2020-07-17,2020-07-17,2020-08-10,084370,30896.275,32650.0,0.05517655445518921,0.6281111392758643,0.542513863216266,trend_exit
2020-07-30,2020-07-30,2020-08-11,011070,162243.0,160000.0,-0.015304204187545856,0.6836778498847177,0.6500479386385426,trend_exit
2020-07-22,2020-07-22,2020-08-12,183490,14817.192500000001,21407.0,0.44257351721657123,0.6342214641572814,0.5016393442622951,trend_exit
2020-07-30,2020-07-30,2020-08-12,112040,18921.339500000002,18287.0,-0.03497479657822322,0.7025440758312338,0.6409020485453607,trend_exit
2020-07-22,2020-07-22,2020-08-18,247540,34173.183000000005,37112.0,0.08436875780637698,0.6320369659863756,0.6240105540897097,trend_exit
2020-07-29,2020-07-29,2020-08-18,066970,36602.822,39048.0,0.06520278682337666,0.7501951023442406,0.6500479386385426,trend_exit
2020-08-14,2020-08-14,2020-08-18,010780,47220.725000000006,41900.0,-0.11400873239451537,0.678253098667212,0.6409020485453607,stoploss
2020-07-15,2020-07-15,2020-08-19,003090,23435.100000000002,33950.0,0.44650865581968935,0.6035392873154296,0.4829188302814977,trend_exit
2020-08-03,2020-08-03,2020-08-19,006800,8032.030000000001,9270.0,0.15239796166099984,0.6973095541788067,0.6500479386385426,trend_exit
2020-08-04,2020-08-04,2020-08-19,096770,130075.8215,161368.0,0.2387079023752312,0.8247293858770659,0.6500479386385426,trend_exit
2020-07-24,2020-07-24,2020-08-20,161390,25688.475000000002,28950.0,0.12527407718831096,0.6214324951852084,0.6240105540897097,trend_exit
2020-08-11,2020-08-11,2020-08-20,010140,5379.056500000001,4814.0,-0.1063899403176003,0.6788511992383108,0.6500479386385426,stoploss
2020-08-24,2020-08-24,2020-08-28,010060,54356.412500000006,50143.0,-0.0788982716620601,0.7472408547048395,0.6409020485453607,stoploss
2020-08-18,2020-08-18,2020-08-31,294140,35505.178,34414.0,-0.03218682638346437,0.6611079415008536,0.6409020485453607,trend_exit
2020-08-25,2020-08-25,2020-08-31,001230,5683.512500000001,5250.0,-0.07766104147743158,0.7382128425940675,0.6409020485453607,stoploss
2020-08-24,2020-08-24,2020-09-07,278280,146419.30000000002,156700.0,0.06860878313173191,0.6707830471766203,0.6500479386385426,trend_exit
2020-08-25,2020-08-25,2020-09-09,141080,53980.850000000006,52000.0,-0.038140377559819916,0.6587441073714745,0.6409020485453607,trend_exit
2020-08-27,2020-08-27,2020-09-09,010780,43915.775,43300.0,-0.015500694226619038,0.6783136087116419,0.6409020485453607,trend_exit
2020-08-31,2020-08-31,2020-09-09,204320,31447.100000000002,29850.0,-0.05221069669381273,0.7007419237191328,0.6500479386385426,trend_exit
2020-08-28,2020-08-28,2020-09-10,112040,17302.915500000003,17807.0,0.027589223330599877,0.7314295686440528,0.6409020485453607,trend_exit
2020-08-10,2020-08-10,2020-09-11,105630,11967.925000000001,17350.0,0.44753372033999206,0.6776171222760098,0.6409020485453607,trend_exit
2020-08-25,2020-08-25,2020-09-11,042670,6696.029,6703.0,-0.0004604968108710139,0.730257084509564,0.6500479386385426,trend_exit
2020-08-25,2020-08-25,2020-09-14,000880,26689.975000000002,28000.0,0.04750941130518105,0.6726596417109093,0.6409020485453607,trend_exit
2020-09-01,2020-09-01,2020-09-14,012450,27237.7955,28674.0,0.05114927527817015,0.6362713560652511,0.6500479386385426,trend_exit
2020-08-26,2020-08-26,2020-09-15,112610,40250.285,52906.0,0.31245383728338805,0.722091527820411,0.6500479386385426,trend_exit
2020-09-11,2020-09-11,2020-09-17,294140,33805.6325,31020.0,-0.08377782903485087,0.655101486338301,0.5241280458671763,stoploss
2020-09-14,2020-09-14,2020-09-21,011780,104656.75,100500.0,-0.041158358156545116,0.6911286589908835,0.5744208969935929,trend_exit
2020-09-14,2020-09-14,2020-09-21,016360,31997.925000000003,30700.0,-0.042001942313447005,0.6826278897212891,0.5744208969935929,trend_exit
2020-09-10,2020-09-10,2020-09-22,096770,155697.196,148576.0,-0.04716886487795191,0.7023905531000649,0.5744208969935929,trend_exit
2020-09-15,2020-09-15,2020-09-22,004020,25337.95,24100.0,-0.05028425740835385,0.7353945107863136,0.5744208969935929,trend_exit
2020-09-15,2020-09-15,2020-09-22,036830,50075.0,46050.0,-0.08175886170743873,0.6801146277172461,0.5744208969935929,stoploss
2020-09-17,2020-09-17,2020-09-22,073240,4186.27,3780.0,-0.09840263528152748,0.6923517818686084,0.5744208969935929,stoploss
2020-09-14,2020-09-14,2020-09-23,086280,74640.7935,69277.0,-0.07325362906277255,0.6346629324609417,0.5744208969935929,stoploss
2020-09-16,2020-09-16,2020-09-23,214320,26740.050000000003,25800.0,-0.03660239977112978,0.665518558802536,0.5744208969935929,trend_exit
2020-09-15,2020-09-15,2020-09-24,066970,40840.1685,38327.0,-0.06294437791068364,0.645319750980152,0.5744208969935929,trend_exit
2020-09-14,2020-09-14,2020-09-25,204320,32949.35,33150.0,0.004580515245369066,0.7410418079120811,0.5744208969935929,trend_exit
2020-10-05,2020-10-05,2020-10-15,042660,21576.316000000003,20255.0,-0.0626473258919642,0.6753200488280837,0.5744208969935929,trend_exit
2020-10-05,2020-10-05,2020-10-16,079160,15464.1615,15162.0,-0.021010159522713123,0.6370909174611886,0.5744208969935929,trend_exit
2020-10-05,2020-10-05,2020-10-16,241560,28292.375,27350.0,-0.03475848174640683,0.6358624605183396,0.5744208969935929,trend_exit
2020-10-05,2020-10-05,2020-10-16,010120,59288.8,55600.0,-0.06362415835705892,0.6468214940779979,0.5241280458671763,trend_exit
2020-09-28,2020-09-28,2020-10-20,011780,106159.0,135500.0,0.27447272487495167,0.67073099220505,0.5744208969935929,trend_exit
2020-10-06,2020-10-06,2020-10-20,010060,47034.446,47282.0,0.003755354107923381,0.737228336441081,0.5744208969935929,trend_exit
2020-10-06,2020-10-06,2020-10-22,002380,152228.0,156000.0,0.02324145360906016,0.7283883372682949,0.5744208969935929,trend_exit
2020-10-05,2020-10-05,2020-10-23,214320,26689.975000000002,28700.0,0.07369714658781046,0.627986664254383,0.5744208969935929,trend_exit
2020-10-21,2020-10-21,2020-10-26,267270,30245.300000000003,27950.0,-0.07727564282715005,0.7418662480491347,0.5744208969935929,stoploss
2020-10-22,2020-10-22,2020-10-26,000240,17225.8,15750.0,-0.08704530413681799,0.6785109186788171,0.5744208969935929,stoploss
2020-10-21,2020-10-21,2020-10-27,105630,19479.175000000003,17550.0,-0.10038926186555663,0.664666952131461,0.5744208969935929,stoploss
2020-10-05,2020-10-05,2020-10-28,004020,26890.275,30100.0,0.11768473918544897,0.6696424047896913,0.5744208969935929,trend_exit
2020-10-21,2020-10-21,2020-10-28,006800,8672.99,8510.0,-0.020264637685504017,0.6303665966010075,0.5744208969935929,trend_exit
2020-10-06,2020-10-06,2020-10-29,111770,28142.15,29300.0,0.03958119759862,0.6705111346161212,0.5744208969935929,trend_exit
2020-10-22,2020-10-22,2020-10-29,042670,7450.1585000000005,7134.0,-0.043872824987548964,0.6631859061143356,0.5241280458671763,trend_exit
2020-10-27,2020-10-27,2020-10-30,005850,15623.400000000001,14500.0,-0.07329710562361591,0.6284204136921823,0.5744208969935929,stoploss
2020-12-16,2020-12-16,2020-12-22,100130,8622.915,7860.0,-0.08984258803432488,0.6070598750116332,0.7313825415091237,stoploss
2020-12-16,2020-12-16,2020-12-23,000400,1887.8275,1790.0,-0.053242417540797615,0.6073784003428812,0.7313825415091237,trend_exit
2020-12-29,2020-12-29,2021-01-11,151910,3435.145,3305.0,-0.03932948973041894,0.6152972622948951,0.7313825415091237,trend_exit
2021-01-04,2021-01-04,2021-01-12,016380,12168.225,11550.0,-0.05223029653051281,0.6142902302350632,0.7313825415091237,trend_exit
2021-01-05,2021-01-05,2021-01-12,018000,4399.5895,4026.0,-0.08628725475410826,0.6128394213712032,0.7313825415091237,stoploss
2020-12-30,2020-12-30,2021-01-14,042660,24378.513000000003,25319.0,0.03702065421299494,0.6140825152206151,0.7092157985117344,trend_exit
2021-01-07,2021-01-07,2021-01-18,085620,4181.2625,3870.0,-0.07583056552895195,0.6126177458754324,0.7313825415091237,stoploss
2020-12-14,2020-12-14,2021-01-25,353200,10716.050000000001,14900.0,0.38835205136220896,0.6048016904909103,0.7313825415091237,trend_exit
2021-01-21,2021-01-21,2021-01-28,028670,5207.8,4725.0,-0.09406803256653473,0.636973029521702,0.7313825415091237,stoploss
2021-01-26,2021-01-26,2021-01-29,103140,31246.800000000003,28500.0,-0.08927474173355365,0.6357362300752345,0.6912428528438158,stoploss
2021-01-27,2021-01-27,2021-01-29,267270,36704.975,33900.0,-0.07780484798041676,0.6342120220989822,0.6912428528438158,stoploss
2021-01-27,2021-01-27,2021-01-29,192650,11467.175000000001,10500.0,-0.08571640356059806,0.6202312855969745,0.5987654320987654,stoploss
2021-01-25,2021-01-25,2021-02-01,003690,4781.161,4618.0,-0.03557462298383174,0.652603849978663,0.554520037278658,trend_exit
2021-02-02,2021-02-02,2021-02-04,084990,28598.834000000003,26556.0,-0.07282352839979422,0.6027545752969198,0.6912428528438158,stoploss
2021-02-02,2021-02-02,2021-02-09,010060,86349.33,82247.0,-0.04893727027181327,0.6020975698368864,0.6848816029143898,trend_exit
2021-02-02,2021-02-02,2021-02-19,120110,49173.65,53000.0,0.0761962961870839,0.6048100947753898,0.6912428528438158,trend_exit
2021-02-03,2021-02-03,2021-02-19,005490,262893.75,263500.0,0.0008026056153864758,0.6563064067565956,0.6912428528438158,trend_exit
2021-01-26,2021-01-26,2021-02-22,001800,13119.650000000001,14200.0,0.08072242780866867,0.6170826908859085,0.554520037278658,trend_exit
2021-02-02,2021-02-02,2021-02-22,008560,3615.4150000000004,3790.0,0.04671662865812065,0.6634893183987467,0.6912428528438158,trend_exit
2021-02-04,2021-02-04,2021-02-22,003690,4719.068,4817.0,0.019221274200753147,0.6613836362783214,0.5987654320987654,trend_exit
2021-02-04,2021-02-04,2021-02-23,241560,32849.200000000004,34950.0,0.06235692193417197,0.6076785850473124,0.6912428528438158,trend_exit
2021-02-05,2021-02-05,2021-02-26,088350,2829.2375,3205.0,0.13111483217651387,0.676182133737498,0.6912428528438158,trend_exit
2021-02-05,2021-02-05,2021-02-26,267260,17826.7,17650.0,-0.011397229997699987,0.655391080726432,0.6912428528438158,trend_exit
2021-02-09,2021-02-09,2021-02-26,003670,137848.46300000002,153151.0,0.10934333377369598,0.6271511383795288,0.6912428528438158,trend_exit
2021-02-24,2021-02-24,2021-02-26,115450,9733.578500000001,8733.0,-0.10414237682472094,0.6091370434311595,0.6912428528438158,stoploss
2021-03-04,2021-03-04,2021-03-09,298050,326489.0,303000.0,-0.07333631454658507,0.6134403499980741,0.6912428528438158,stoploss
2021-03-04,2021-03-04,2021-03-11,034020,10778.143,10231.0,-0.05218797894962046,0.6580788526173238,0.6912428528438158,trend_exit
2021-03-04,2021-03-04,2021-03-11,035760,145017.2,140000.0,-0.036045379444645254,0.6267492024315457,0.6282875511396844,trend_exit
2021-02-23,2021-02-23,2021-03-12,005490,279919.25,301000.0,0.07369714658781068,0.6552209729240992,0.6912428528438158,trend_exit
2021-03-11,2021-03-11,2021-03-19,247540,41324.8945,39484.0,-0.04598004478874096,0.7053294095751357,0.7307692307692307,trend_exit
2021-03-04,2021-03-04,2021-03-22,267260,18627.9,19450.0,0.042566526554254525,0.61965748360549,0.6912428528438158,trend_exit
2021-03-11,2021-03-11,2021-03-22,001040,93239.65000000001,92400.0,-0.010491781125304578,0.6107080217484159,0.7463768115942029,trend_exit
2021-02-03,2021-02-03,2021-03-23,010620,47020.425,58800.0,0.24864460497751772,0.619763789689302,0.6912428528438158,trend_exit
2021-03-04,2021-03-04,2021-03-24,052690,19128.65,20400.0,0.06486343782755188,0.6546863347191831,0.6282875511396844,trend_exit
2021-03-10,2021-03-10,2021-03-24,009420,22633.9,22650.0,-0.000789744586659813,0.6377571227982709,0.6912428528438158,trend_exit
2021-03-02,2021-03-02,2021-03-25,067630,8791.167000000001,12030.0,0.3663663766141627,0.6312935375077012,0.6912428528438158,trend_exit
2021-03-03,2021-03-03,2021-03-25,008560,3950.9175,4320.0,0.09177678349396068,0.6649311708908177,0.6282875511396844,trend_exit
2021-03-02,2021-03-02,2021-03-30,007390,8733.08,9980.0,0.14106706912108913,0.6248818007697321,0.6282875511396844,trend_exit
2021-03-29,2021-03-29,2021-04-05,085620,4331.4875,4065.0,-0.06293103697055569,0.615851893694716,0.5371083012644309,trend_exit
2021-03-29,2021-03-29,2021-04-06,267260,20731.050000000003,20150.0,-0.02948596429027961,0.6298117315209943,0.5371083012644309,trend_exit
2021-03-29,2021-03-29,2021-04-12,000150,50275.3,49500.0,-0.01689795983315867,0.782687529649611,0.7307692307692307,trend_exit
2021-04-05,2021-04-05,2021-04-12,073240,3830.7375,3800.0,-0.009511875976884299,0.7521600271015938,0.7307692307692307,trend_exit
2021-03-26,2021-03-26,2021-04-13,103140,32598.825,33050.0,0.01231946243461235,0.6986670174102783,0.5435897435897438,trend_exit
2021-03-30,2021-03-30,2021-04-13,010120,60991.350000000006,61000.0,-0.0013583893453744667,0.6514550733588689,0.547105561861521,trend_exit
2021-03-22,2021-03-22,2021-04-20,097230,7000.485000000001,7700.0,0.0982739053079893,0.6609457393929761,0.7307692307692307,trend_exit
2021-03-26,2021-03-26,2021-04-23,051600,29293.875,34450.0,0.17424973650635178,0.6807567684522235,0.7307692307692307,trend_exit
2021-04-12,2021-04-12,2021-04-23,196170,73596.229,73486.0,-0.0029955067398901303,0.6759307697797035,0.4866666666666667,trend_exit
2021-04-13,2021-04-13,2021-04-26,018250,24686.975000000002,24900.0,0.007116100696825001,0.625736396315216,0.6894409937888198,trend_exit
2021-03-29,2021-03-29,2021-04-28,278280,162643.6,181700.0,0.11549086468818937,0.6626680797975333,0.547105561861521,trend_exit
2021-04-13,2021-04-13,2021-04-28,001040,95342.8,96200.0,0.007477229533850549,0.6505643464149753,0.6894409937888198,trend_exit
2021-04-12,2021-04-12,2021-04-29,090460,17976.925,18400.0,0.021999034873873224,0.7283018700329407,0.547105561861521,trend_exit
2021-03-12,2021-03-12,2021-05-03,002380,204306.0,297500.0,0.45396488600432683,0.6194855502586292,0.7857142857142857,trend_exit
2021-04-06,2021-04-06,2021-05-03,078600,42463.600000000006,49050.0,0.15337430175491473,0.713767366799146,0.7307692307692307,trend_exit
2021-04-27,2021-04-27,2021-05-03,290650,33700.475,30600.0,-0.09336292737713625,0.6807489358390704,0.6426065162907268,stoploss
2021-03-30,2021-03-30,2021-05-07,034310,17376.025,19100.0,0.09756690612496244,0.6426842433782414,0.6491228070175439,trend_exit
2021-05-10,2021-05-10,2021-05-17,047810,32548.750000000004,31250.0,-0.041341833403740647,0.7562159792287217,0.7892976588628763,trend_exit
2021-05-06,2021-05-06,2021-05-18,003230,91937.70000000001,87900.0,-0.04535190678035239,0.6580021096239446,0.674264007597341,trend_exit
2021-04-23,2021-04-23,2021-05-21,316140,10515.75,10900.0,0.03498561681287615,0.7252219623926158,0.7892976588628763,trend_exit
2021-04-23,2021-04-23,2021-05-21,139130,8212.300000000001,9060.0,0.10156837913860906,0.6776254923647151,0.674264007597341,trend_exit
2021-04-30,2021-04-30,2021-05-21,012630,12168.225,13750.0,0.1282972660351036,0.6560990986607499,0.674264007597341,trend_exit
2021-04-22,2021-04-22,2021-05-24,024110,9243.845000000001,10600.0,0.1449889088360956,0.8269760511074712,0.7892976588628763,trend_exit
2021-05-04,2021-05-04,2021-05-31,007390,10165.225,14250.0,0.39973537231099154,0.6717453327159895,0.674264007597341,trend_exit
2021-05-18,2021-05-18,2021-06-04,079550,40911.275,42900.0,0.0470377664836894,0.6788126343446481,0.6809815950920245,trend_exit
2021-05-07,2021-05-07,2021-06-08,041510,32048.0,43350.0,0.3506295244633053,0.653191088880756,0.6809815950920245,trend_exit
2021-05-18,2021-05-18,2021-06-08,140860,140210.0,141800.0,0.009823122459168498,0.6750105612286763,0.674264007597341,trend_exit
2021-05-31,2021-05-31,2021-06-11,069260,21982.925000000003,22050.0,0.001546654960611571,0.7463162544607237,0.6809815950920245,trend_exit
2021-06-04,2021-06-04,2021-06-11,024110,10966.425000000001,10650.0,-0.030310698336057484,0.7546533578337198,0.7892976588628763,trend_exit
2021-05-21,2021-05-21,2021-06-14,093370,9780.649000000001,10010.0,0.02191429219063057,0.684374028807038,0.6426065162907268,trend_exit
2021-05-06,2021-05-06,2021-06-15,001440,10516.7515,27879.0,1.6469372695551474,0.6516668725506731,0.674264007597341,trend_exit
2021-06-08,2021-06-08,2021-06-15,175330,7711.55,7450.0,-0.03536578249508848,0.6570656676049319,0.5888993414863593,trend_exit
2021-05-21,2021-05-21,2021-06-16,010140,5539.2965,6588.0,0.18753672059258797,0.7749421519218419,0.674264007597341,trend_exit
2021-05-04,2021-05-04,2021-06-17,018670,103154.5,124500.0,0.20511708165906484,0.7158183560103132,0.674264007597341,trend_exit
2021-06-10,2021-06-10,2021-06-17,298380,21031.5,20250.0,-0.038602810070608395,0.6699497545501082,0.6689466484268126,trend_exit
2021-05-26,2021-05-26,2021-06-22,181710,37666.415,40010.0,0.06062615728096232,0.6684308312323033,0.674264007597341,trend_exit
2021-06-16,2021-06-16,2021-06-23,033780,85327.8,83900.0,-0.018208016613577183,0.7304771816394264,0.6689466484268126,trend_exit
2021-06-16,2021-06-16,2021-06-23,009420,21181.725000000002,21350.0,0.006432431730654553,0.6817446489877693,0.6689466484268126,trend_exit
2021-06-16,2021-06-16,2021-06-23,290510,8292.42,8030.0,-0.033098299410787124,0.6495197930113953,0.5315533980582524,trend_exit
2021-06-17,2021-06-17,2021-06-23,090435,100150.0,92000.0,-0.08275586620069897,0.6375428980514802,0.5888993414863593,stoploss
2021-06-17,2021-06-17,2021-06-24,028300,30540.7425,29688.0,-0.02937959023098402,0.6624103637263434,0.689655172413793,trend_exit
2021-06-14,2021-06-14,2021-06-29,078600,45017.425,48200.0,0.06909046885733683,0.6254322224057032,0.649550706033376,trend_exit
2021-05-21,2021-05-21,2021-06-30,247540,42933.3035,52406.0,0.21880653791292826,0.7659693094172602,0.7580645161290323,trend_exit
2021-06-25,2021-06-25,2021-07-02,105560,57385.950000000004,54500.0,-0.05171474899343831,0.6534835977372266,0.689655172413793,trend_exit
2021-06-25,2021-06-25,2021-07-02,032830,81421.95000000001,79200.0,-0.028748390329634832,0.6412070859334261,0.689655172413793,trend_exit
2021-06-24,2021-06-24,2021-07-07,000810,216324.0,215000.0,-0.007611268282761041,0.7891472133054159,0.689655172413793,trend_exit
2021-06-22,2021-06-22,2021-07-08,090460,18828.2,19650.0,0.04208182407240213,0.6619814260137998,0.649550706033376,trend_exit
2021-06-11,2021-06-11,2021-07-09,041510,48021.925,59800.0,0.24339663601573647,0.6382029142241927,0.649550706033376,trend_exit
2021-06-23,2021-06-23,2021-07-09,005830,50275.3,53500.0,0.06254462927123261,0.8125252603403765,0.772563176895307,trend_exit
2021-06-29,2021-06-29,2021-07-09,041190,7971.9400000000005,7360.0,-0.07814659919668243,0.6746555155267567,0.6689466484268126,stoploss
2021-06-16,2021-06-16,2021-07-12,000060,18027.0,20650.0,0.14378571032340393,0.685969221849715,0.6923076923076923,trend_exit
2021-06-30,2021-06-30,2021-07-12,042700,16950.3875,16925.0,-0.0029955067398902413,0.6414374051953313,0.6689466484268126,trend_exit
2021-07-05,2021-07-05,2021-07-12,022100,8662.975,8090.0,-0.06754146237291458,0.6326829373576827,0.6689466484268126,trend_exit
2021-07-05,2021-07-05,2021-07-12,097230,8743.095000000001,8370.0,-0.04410909409082264,0.6593690195081399,0.649550706033376,trend_exit
2021-07-13,2021-07-13,2021-07-20,008560,4877.305,4775.0,-0.02244425968849595,0.6600250900556199,0.689655172413793,trend_exit
2021-07-13,2021-07-13,2021-07-20,090435,87931.70000000001,85500.0,-0.02911293651777469,0.623759496167957,0.689655172413793,trend_exit
2021-07-08,2021-07-08,2021-07-26,066970,92839.05,113000.0,0.21533449555978867,0.6338896763480113,0.6401515151515155,trend_exit
2021-07-13,2021-07-13,2021-07-26,015760,24837.2,24900.0,0.0010246726684166596,0.620184632844085,0.649550706033376,trend_exit
2021-07-15,2021-07-15,2021-07-27,005830,56184.15,54300.0,-0.03498495572149796,0.640177659316844,0.6689466484268126,trend_exit
2021-07-15,2021-07-15,2021-07-30,353200,16224.300000000001,15600.0,-0.039921599082857195,0.7832026127680763,0.772563176895307,trend_exit
2021-07-20,2021-07-20,2021-08-02,079550,43014.425,43250.0,0.003968436169959233,0.6935178931079135,0.5825977301387137,trend_exit
2021-07-14,2021-07-14,2021-08-03,267260,21432.100000000002,21800.0,0.01564009126497168,0.6622313001050886,0.6689466484268126,trend_exit
2021-07-27,2021-07-27,2021-08-03,022100,8001.985000000001,7940.0,-0.009234583668927154,0.6441570692306208,0.5240274599542334,trend_exit
2021-06-25,2021-06-25,2021-08-04,086520,8505.7395,13026.0,0.5291393534918394,0.713885967973573,0.722972972972973,trend_exit
2021-07-20,2021-07-20,2021-08-04,021240,80120.0,86000.0,0.07177983025461798,0.6273280013828669,0.5240274599542334,trend_exit
2021-07-27,2021-07-27,2021-08-06,055550,38457.600000000006,38750.0,0.0060917737976367015,0.6383420086582842,0.5094637223974765,trend_exit
2021-07-15,2021-07-15,2021-08-09,009420,22233.300000000003,22800.0,0.02395056064551815,0.6423810835264894,0.6689466484268126,trend_exit
2021-08-03,2021-08-03,2021-08-10,000810,218827.75,214000.0,-0.023528780056459975,0.7083883470715913,0.647160068846816,trend_exit
2021-07-28,2021-07-28,2021-08-11,001450,25688.475000000002,25950.0,0.008665364526309949,0.6936652042406329,0.647160068846816,trend_exit
2021-08-03,2021-08-03,2021-08-11,015760,25337.95,25050.0,-0.01284732979582004,0.643984991937659,0.5240274599542334,trend_exit
2021-08-04,2021-08-04,2021-08-13,298380,20630.9,19500.0,-0.05623361074892519,0.7808848927642189,0.647160068846816,trend_exit
2021-08-06,2021-08-06,2021-08-13,002790,59889.700000000004,56400.0,-0.05968138093862552,0.6296517631752531,0.5094637223974765,trend_exit
2021-08-03,2021-08-03,2021-08-17,214370,14000.970000000001,14180.0,0.01126779073164208,0.6451681230831579,0.5332527206771465,trend_exit
2021-08-09,2021-08-09,2021-08-17,003230,90635.75,86300.0,-0.04926532852654719,0.6620786546338597,0.5332527206771465,trend_exit
2021-08-04,2021-08-04,2021-08-18,282330,170255.0,163500.0,-0.04111626677630609,0.6261458656944663,0.5332527206771465,trend_exit
2021-08-02,2021-08-02,2021-08-19,085620,4096.135,4215.0,0.02747529073138444,0.7204998668009033,0.647160068846816,trend_exit
2021-08-13,2021-08-13,2021-08-23,005830,59489.100000000006,56700.0,-0.04831389279716791,0.7017501075208987,0.5825977301387137,trend_exit
2021-08-17,2021-08-17,2021-08-24,001450,27190.725000000002,25850.0,-0.05073421175786963,0.6507702085405962,0.5825977301387137,trend_exit
2021-08-25,2021-08-25,2021-08-26,086900,179154.329,165802.0,-0.07591796456115762,0.6490427705184125,0.5825977301387137,stoploss
2021-07-07,2021-07-07,2021-09-01,247540,53969.8335,75953.0,0.4052122376845946,0.7119019770206851,0.772563176895307,trend_exit
2021-08-13,2021-08-13,2021-09-01,000810,219328.5,227000.0,0.03342474872166634,0.76220041865666,0.5825977301387137,trend_exit
2021-08-19,2021-08-19,2021-09-06,353200,17325.95,18350.0,0.057516326666070317,0.6913700299925096,0.5825977301387137,trend_exit
2021-08-26,2021-08-26,2021-09-08,047810,31797.625,31900.0,0.0017147507085828462,0.8056708666157322,0.647160068846816,trend_exit
2021-08-11,2021-08-11,2021-09-09,079550,44316.375,50800.0,0.14458368943759514,0.6828467109191891,0.5825977301387137,trend_exit
2021-08-25,2021-08-25,2021-09-09,298040,73109.5,77500.0,0.05846367435148636,0.6640813713111519,0.647160068846816,trend_exit
2021-08-26,2021-08-26,2021-09-10,078930,41562.25,41950.0,0.007815385355701476,0.7411158957972037,0.647160068846816,trend_exit
2021-08-17,2021-08-17,2021-09-13,028300,32697.9735,58571.0,0.7885861795074245,0.6451374952601348,0.5825977301387137,trend_exit
2021-08-25,2021-08-25,2021-09-16,138040,25788.625,36600.0,0.4171015321677678,0.6291259536942188,0.5332527206771465,trend_exit
2021-09-02,2021-09-02,2021-09-23,078600,57686.4,79100.0,0.36915026765407455,0.6227965336776258,0.6213592233009709,trend_exit
2021-09-07,2021-09-07,2021-09-23,005070,44468.603,45785.0,0.02805843709549416,0.6460859111014231,0.4514285714285714,trend_exit
2021-09-13,2021-09-13,2021-09-23,000810,229844.25,227500.0,-0.011683999055882355,0.6411790918545243,0.5897435897435898,trend_exit
2021-09-14,2021-09-14,2021-09-24,021240,78517.6,76000.0,-0.03351605245193445,0.6264993177654548,0.7096018735362997,trend_exit
2021-09-08,2021-09-08,2021-09-30,247540,83317.7895,115388.0,0.3828369510451308,0.6551182649374832,0.6483357452966714,trend_exit
2021-09-10,2021-09-10,2021-09-30,010140,6023.021000000001,6200.0,0.027839683773309032,0.6161560376402684,0.6483357452966714,trend_exit
2021-09-23,2021-09-23,2021-10-01,114090,16274.375000000002,15900.0,-0.024469449671646437,0.6227374407765854,0.6213592233009709,trend_exit
2021-09-27,2021-09-27,2021-10-05,064350,25187.725000000002,23450.0,-0.07038746055866507,0.6186713864861262,0.4514285714285714,trend_exit
2021-08-25,2021-08-25,2021-10-06,348950,5260.8795,5431.0,0.03078838813928364,0.6294869913795273,0.45325779036827196,trend_exit
2021-09-14,2021-09-14,2021-10-08,078930,43114.575000000004,43800.0,0.014373909518996753,0.61952274293525,0.6213592233009709,trend_exit
2021-09-27,2021-09-27,2021-10-13,003230,82022.85,81700.0,-0.00543019414711865,0.668423466677989,0.6483357452966714,trend_exit
2021-09-02,2021-09-02,2021-10-18,005830,59589.25,65300.0,0.09419148588042314,0.6905220922758993,0.7096018735362997,trend_exit
2021-10-12,2021-10-12,2021-10-25,005387,95843.55,98600.0,0.027216750631628317,0.6169444096978741,0.49792531120331945,trend_exit
2021-09-28,2021-09-28,2021-10-26,001450,25788.625,28100.0,0.0879932528391878,0.6727326704608978,0.7096018735362997,trend_exit
2021-10-08,2021-10-08,2021-10-26,004370,292938.75,290000.0,-0.011516912665190282,0.623303740019973,0.6483357452966714,trend_exit
2021-10-13,2021-10-13,2021-10-27,021240,76815.05,81200.0,0.05549888986598339,0.6191537606630747,0.5897435897435898,trend_exit
2021-10-07,2021-10-07,2021-10-28,033780,81421.95000000001,81500.0,-0.0005428511599145924,0.7279614955596098,0.7096018735362997,trend_exit
2021-10-07,2021-10-07,2021-10-28,161890,47320.875,45350.0,-0.04308669271225429,0.6253892316242069,0.6213592233009709,trend_exit
2021-10-13,2021-10-13,2021-10-28,006260,63695.4,62800.0,-0.015536443762029895,0.6087335553229152,0.49792531120331945,trend_exit
2021-10-18,2021-10-18,2021-10-29,090435,72508.6,72000.0,-0.00850381885734941,0.6168909625509383,0.5246478873239436,trend_exit
2021-09-23,2021-09-23,2021-11-08,316140,11116.650000000001,13350.0,0.19909999865067252,0.6535591267339554,0.5246478873239436,trend_exit
2021-10-14,2021-10-14,2021-11-09,298380,19028.5,22700.0,0.19115799984234183,0.7023539341019038,0.7096018735362997,trend_exit
2021-11-02,2021-11-02,2021-11-09,084990,22906.308,21781.0,-0.050552865175828465,0.6667959483908641,0.4691119691119691,trend_exit
2021-11-05,2021-11-05,2021-11-12,042700,16174.225,16100.0,-0.0060822079574137655,0.7059284290542851,0.4691119691119691,trend_exit
2021-11-05,2021-11-05,2021-11-12,128940,266467.102,253781.0,-0.04903709839573367,0.7335188940490345,0.46219686162624823,trend_exit
2021-11-08,2021-11-08,2021-11-16,298040,69403.95,67400.0,-0.030330406266501964,0.8227511147445801,0.6260869565217391,trend_exit
2021-11-17,2021-11-17,2021-11-19,035900,55483.100000000006,51500.0,-0.07318174363004237,0.6675186932268911,0.4691119691119691,stoploss
2021-11-05,2021-11-05,2021-11-23,267260,22583.825,24350.0,0.07658800048264647,0.7860924306595913,0.5263157894736843,trend_exit
2021-11-04,2021-11-04,2021-11-24,326030,98147.0,99500.0,0.01226476611613192,0.6553824091249257,0.46219686162624823,trend_exit
2021-11-17,2021-11-17,2021-11-26,145720,60190.15,56100.0,-0.06935187900345818,0.7231186710152471,0.6260869565217391,trend_exit
2021-11-17,2021-11-17,2021-11-30,009240,88132.0,86300.0,-0.022255820814233163,0.6701057038687009,0.4691119691119691,trend_exit
2021-11-16,2021-11-16,2021-12-01,357780,248872.75,264200.0,0.05999431436346492,0.7585375231687521,0.5263157894736843,trend_exit
2021-11-24,2021-11-24,2021-12-01,009420,20280.375,19300.0,-0.04976855704098182,0.7127306469554937,0.46219686162624823,trend_exit
2021-11-23,2021-11-23,2022-01-07,307950,115172.5,139500.0,0.2094097983459593,0.7011047926559157,0.46219686162624823,trend_exit
2022-01-12,2022-01-12,2022-01-26,298380,26189.225000000002,28850.0,0.09994568376880175,0.6536312060491825,0.4743742550655543,trend_exit
2022-01-24,2022-01-24,2022-02-03,357780,253679.95,240500.0,-0.0533770997668519,0.6526302480623521,0.5133333333333334,trend_exit
2022-02-04,2022-02-04,2022-02-14,049770,37692.454000000005,35834.0,-0.05073177246565064,0.6932902817359496,0.4743742550655543,trend_exit
2022-02-04,2022-02-04,2022-02-15,145720,56785.05,53600.0,-0.05750545257950812,0.6762799954221278,0.4743742550655543,trend_exit
2022-01-13,2022-01-13,2022-02-16,282330,146219.0,164000.0,0.11992285544286307,0.6487305255199801,0.4743742550655543,trend_exit
2022-02-04,2022-02-04,2022-02-17,267250,49724.475000000006,49500.0,-0.00600760490683927,0.8587198596125796,0.4743742550655543,trend_exit
2022-02-07,2022-02-07,2022-02-17,271560,102153.0,98500.0,-0.03720644523410965,0.69943959454073,0.4743742550655543,trend_exit
2022-02-07,2022-02-07,2022-02-17,363280,25337.95,24900.0,-0.018758423629378074,0.6616815754957661,0.4743742550655543,trend_exit
2022-02-04,2022-02-04,2022-02-24,042670,6229.33,6470.0,0.037077021124262144,0.8427785994152887,0.4743742550655543,trend_exit
2022-02-10,2022-02-10,2022-02-25,002840,185778.25,187500.0,0.00775386785051535,0.6760194304943958,0.4743742550655543,trend_exit
2022-02-28,2022-02-28,2022-03-08,085620,4086.1200000000003,4000.0,-0.022544614450872746,0.661627310903624,0.75,trend_exit
2022-02-28,2022-02-28,2022-03-08,028300,27936.842500000002,26325.0,-0.05910940006910237,0.6890616201543804,0.5703883495145633,trend_exit
2022-02-25,2022-02-25,2022-03-11,081660,34551.75,33750.0,-0.024669517462935997,0.6712278474011335,0.4743742550655543,trend_exit
2022-02-25,2022-02-25,2022-03-15,145720,57185.65,67200.0,0.17335730205042688,0.7007682172549168,0.4743742550655543,trend_exit
2022-02-28,2022-02-28,2022-03-15,042670,6770.14,6580.0,-0.029542963661017385,0.7379755109359316,0.75,trend_exit
2022-02-03,2022-02-03,2022-03-16,395400,6063.081,6242.0,0.027965319942121925,0.6836526034474102,0.4743742550655543,trend_exit
2022-02-04,2022-02-04,2022-03-16,001430,15623.400000000001,18400.0,0.1759540176914116,0.8708171226760463,0.5133333333333334,trend_exit
2022-02-28,2022-02-28,2022-03-16,047810,37155.65,37250.0,0.001035508731511925,0.602038672765404,0.5343283582089553,trend_exit
2022-03-15,2022-03-15,2022-03-16,214370,13019.5,11080.0,-0.15024540112907558,0.7644547347038673,0.75,stoploss
2022-02-25,2022-02-25,2022-03-23,326030,82022.85,89400.0,0.08830527103118224,0.6871329589112579,0.5133333333333334,trend_exit
2022-03-16,2022-03-16,2022-03-25,028300,29059.524,27401.0,-0.05848772677763059,0.6843123192710203,0.5703883495145633,trend_exit
2022-02-25,2022-02-25,2022-03-28,344820,57886.700000000004,64200.0,0.10739945445154064,0.6545632633288747,0.4743742550655543,trend_exit
2022-03-17,2022-03-17,2022-03-28,267260,20680.975000000002,20250.0,-0.02230794244468659,0.6460263953314791,0.75,trend_exit
2022-03-17,2022-03-17,2022-03-28,000250,37055.5,34850.0,-0.06092955161851821,0.600374088170897,0.5028776978417266,trend_exit
2022-03-23,2022-03-23,2022-03-30,042670,6840.245000000001,6600.0,-0.03656959655684855,0.7291876067242868,0.5703883495145633,trend_exit
2022-03-11,2022-03-11,2022-04-04,009420,19128.65,19700.0,0.028324006137390834,0.6715780976160725,0.75,trend_exit
2022-03-30,2022-03-30,2022-04-06,003000,11808.6865,11334.0,-0.04163778079805913,0.6609106246324579,0.5028776978417266,trend_exit
2022-03-11,2022-03-11,2022-04-07,000240,13319.95,14150.0,0.06072282553613184,0.6573151160516532,0.5703883495145633,trend_exit
2022-03-14,2022-03-14,2022-04-07,024110,10565.825,10950.0,0.034805611487981336,0.717489345277559,0.5028776978417266,trend_exit
2022-03-31,2022-03-31,2022-04-07,267260,21482.175000000003,20250.0,-0.05877198188730903,0.6774236703638741,0.7123287671232876,trend_exit
2022-03-31,2022-03-31,2022-04-07,006260,52879.200000000004,50900.0,-0.0388725623685684,0.6895188274725802,0.5703883495145633,trend_exit
2022-03-15,2022-03-15,2022-04-08,088350,2874.3050000000003,3125.0,0.08558851618043306,0.6909658375219349,0.5384615384615384,trend_exit
2022-04-04,2022-04-04,2022-04-11,161390,34651.9,34100.0,-0.017403086122261824,0.6708134215932671,0.5028776978417266,trend_exit
2022-03-17,2022-03-17,2022-04-14,009450,45367.950000000004,48650.0,0.07073440611709358,0.6604021231728497,0.5703883495145633,trend_exit
2022-04-07,2022-04-07,2022-04-14,001800,14221.300000000001,14200.0,-0.0029955067398902413,0.7194917712612725,0.5343283582089553,trend_exit
2022-04-14,2022-04-14,2022-04-22,028300,27442.1015,26325.0,-0.04214651709527417,0.7054967261496178,0.6406349206349208,trend_exit
2022-04-15,2022-04-15,2022-04-22,363280,26639.9,25550.0,-0.04235094726331545,0.664716433624506,0.5363321799307957,trend_exit
2022-04-13,2022-04-13,2022-04-25,085620,4026.03,3995.0,-0.009195783439268967,0.6990178158150684,0.6406349206349208,trend_exit
2022-04-11,2022-04-11,2022-04-26,006260,54181.15,56700.0,0.04491968147593761,0.6804708562528075,0.6444444444444445,trend_exit
2022-04-11,2022-04-11,2022-04-26,267260,21532.25,21250.0,-0.014588582242914705,0.6436193850766163,0.6444444444444445,trend_exit
2022-04-15,2022-04-15,2022-04-26,267270,36805.125,35750.0,-0.030124880706151602,0.6521115874649449,0.6406349206349208,trend_exit
2022-04-22,2022-04-22,2022-04-29,139130,9223.815,8940.0,-0.03222365149344386,0.7130648742143122,0.55396370582617,trend_exit
2022-04-13,2022-04-13,2022-05-02,145020,120180.0,124800.0,0.036884672990514344,0.6790209740416115,0.5953991880920162,trend_exit
2022-04-06,2022-04-06,2022-05-03,016380,12618.900000000001,23000.0,0.8199288369033748,0.6069602361268903,0.5028776978417266,trend_exit
2022-04-15,2022-04-15,2022-05-06,000250,37656.4,41400.0,0.09776558566405713,0.6662311629839965,0.6406349206349208,trend_exit
2022-04-29,2022-04-29,2022-05-09,028300,27936.842500000002,26460.0,-0.054284320069456715,0.6991554097337752,0.6406349206349208,trend_exit
2022-05-02,2022-05-02,2022-05-09,003000,10893.3155,9871.0,-0.0952071938061465,0.6338383206669935,0.5862313697657912,stoploss
2022-04-22,2022-04-22,2022-05-11,033780,82123.0,81800.0,-0.005427225016134352,0.6475051500219171,0.48332009531374104,trend_exit
2022-04-13,2022-04-13,2022-05-12,010120,43815.625,48850.0,0.11322673133157424,0.7876317686003222,0.5953991880920162,trend_exit
2022-05-04,2022-05-04,2022-05-12,017800,36204.225,33550.0,-0.07470260722332811,0.8330542859696534,0.6406349206349208,stoploss
2022-05-04,2022-05-04,2022-05-12,012510,40710.975000000006,36700.0,-0.0998754021489292,0.6583782213587249,0.6237785016286646,stoploss
2022-05-16,2022-05-16,2022-05-19,007340,15806.674500000001,14601.0,-0.0776618763168686,0.6648273736748671,0.6237785016286646,stoploss
2022-05-11,2022-05-11,2022-05-27,028300,27847.709000000003,42112.0,0.50995660002049,0.6955151075241874,0.6406349206349208,trend_exit
2022-05-13,2022-05-13,2022-05-31,033780,83525.1,85000.0,0.016131677783085552,0.6896554209731277,0.48332009531374104,trend_exit
2022-05-17,2022-05-17,2022-05-31,002840,172758.75,175000.0,0.011453833742140374,0.733344587583406,0.6482758620689655,trend_exit
2022-05-16,2022-05-16,2022-06-02,073240,4266.39,4140.0,-0.031080140352851116,0.7089771701212789,0.5862313697657912,trend_exit
2022-05-18,2022-05-18,2022-06-03,006800,7851.76,7840.0,-0.0029955067398901303,0.7752662148658274,0.6406349206349208,trend_exit
2022-05-13,2022-05-13,2022-06-07,067310,15623.400000000001,15259.0,-0.024789002393845183,0.6627132156909411,0.5953991880920162,trend_exit
2022-05-17,2022-05-17,2022-06-07,195940,39308.875,42700.0,0.0846392831135463,0.6428481477619388,0.5953991880920162,trend_exit
2022-05-17,2022-05-17,2022-06-07,271560,91336.8,94400.0,0.03198710705871033,0.7846955172981759,0.5862313697657912,trend_exit
2022-05-18,2022-05-18,2022-06-08,001800,14321.45,14200.0,-0.009967566133317507,0.7570538029115192,0.6406349206349208,trend_exit
2022-05-20,2022-05-20,2022-06-08,049770,33181.698000000004,32331.0,-0.027099110479517963,0.8087627515787973,0.6406349206349208,trend_exit
2022-05-27,2022-05-27,2022-06-14,042660,19440.1165,18834.0,-0.032631877489005756,0.6166027424190634,0.543859649122807,trend_exit
2022-05-31,2022-05-31,2022-06-14,267260,22583.825,21550.0,-0.04720856630796588,0.6192669610809887,0.5029673590504453,trend_exit
2022-06-28,2022-06-28,2022-07-04,003530,3405.1000000000004,3150.0,-0.07630466065607477,0.6011184579170216,0.5659340659340659,stoploss
2022-06-28,2022-06-28,2022-07-07,006800,6820.215,6400.0,-0.06302074054850171,0.6581776153783868,0.543859649122807,trend_exit
2022-06-28,2022-06-28,2022-07-08,365550,5775.650500000001,5429.0,-0.06142927104055218,0.6179144588748327,0.5659340659340659,trend_exit
2022-06-28,2022-06-28,2022-07-12,161890,36254.3,36500.0,0.005266961436298567,0.6143360120119866,0.5659340659340659,trend_exit
2022-07-01,2022-07-01,2022-07-12,009970,48272.3,46350.0,-0.04126227670941718,0.6386151431742297,0.5659340659340659,trend_exit
2022-07-05,2022-07-05,2022-07-12,005940,9364.025,8980.0,-0.04244916048387304,0.6575389891532349,0.4568245125348189,trend_exit
2022-07-05,2022-07-05,2022-07-12,138930,6830.2300000000005,6490.0,-0.05123765963957294,0.6188211890487261,0.4568245125348189,trend_exit
2022-06-28,2022-06-28,2022-07-19,352820,147220.5,152500.0,0.03430738246371945,0.6360030672136796,0.543859649122807,trend_exit
2022-06-28,2022-06-28,2022-07-28,192820,58988.350000000006,68500.0,0.1595043767116726,0.6064524552408708,0.5029673590504453,trend_exit
2022-06-28,2022-06-28,2022-08-03,145020,107160.5,129700.0,0.20851853061529213,0.6232471963945878,0.5029673590504453,trend_exit
2022-07-07,2022-07-07,2022-08-19,022100,5227.83,5950.0,0.13643232469303723,0.6039683263134563,0.5659340659340659,trend_exit
2022-08-16,2022-08-16,2022-08-22,192820,69604.25,64300.0,-0.07759152637949551,0.7011475327371411,0.45136186770428016,stoploss
2022-07-20,2022-07-20,2022-08-23,000240,12018.0,13000.0,0.0800882010317856,0.7083178586298298,0.45136186770428016,trend_exit
2022-08-12,2022-08-12,2022-08-26,086900,109741.3655,112735.0,0.025738079594061603,0.8471403632874911,0.45136186770428016,trend_exit
2022-08-12,2022-08-12,2022-08-26,007340,12095.1155,12197.0,0.0069109716232143015,0.7001566298763635,0.45136186770428016,trend_exit
2022-08-16,2022-08-16,2022-08-29,025540,61892.700000000004,60500.0,-0.023968093167691884,0.7376520839376596,0.5,trend_exit
2022-08-25,2022-08-25,2022-09-01,036930,16624.9,15300.0,-0.0810741718747181,0.652679745101598,0.6088631984585742,stoploss
2022-08-30,2022-08-30,2022-09-06,017800,29093.575,28000.0,-0.039031813725195375,0.6833758998863709,0.7257594673325012,trend_exit
2022-09-05,2022-09-05,2022-09-07,084990,16124.150000000001,14500.0,-0.10207669861667135,0.7141537641274776,0.6088631984585742,stoploss
2022-08-26,2022-08-26,2022-09-08,192400,16775.125,16900.0,0.0059328917072154486,0.6822575605188772,0.7014218009478673,trend_exit
2022-08-26,2022-08-26,2022-09-14,001430,18077.075,18950.0,0.04671662865812087,0.6939135290201175,0.7235772357723578,trend_exit
2022-08-30,2022-08-30,2022-09-19,151910,2133.195,2075.0,-0.028739754218437552,0.704519871717769,0.6088631984585742,trend_exit
2022-09-02,2022-09-02,2022-09-19,032830,64196.15,62300.0,-0.030992512790876114,0.6685375739313157,0.6088631984585742,trend_exit
2022-09-02,2022-09-02,2022-09-19,003100,101852.55,101300.0,-0.006916861678966324,0.6569893905643276,0.49369747899159666,trend_exit
2022-08-30,2022-08-30,2022-09-20,192080,36595.8115,36879.0,0.00622666886345713,0.6606569145838261,0.6461538461538464,trend_exit
2022-09-06,2022-09-06,2022-09-22,007340,13018.498500000002,13239.0,0.015412146032048213,0.6678081777340252,0.5283018867924528,trend_exit
2022-09-13,2022-09-13,2022-09-22,319660,17401.0625,15550.0,-0.10771684200318221,0.6724109483177432,0.7235772357723578,stoploss
2022-09-13,2022-09-13,2022-09-23,192820,61892.700000000004,56800.0,-0.08365930069297345,0.7515522183064131,0.4682539682539683,stoploss
2022-09-08,2022-09-08,2022-09-27,348370,66099.0,71200.0,0.07555636242605779,0.6480425774934877,0.7004830917874396,trend_exit
2022-09-20,2022-09-20,2022-09-27,012750,56985.350000000006,55900.0,-0.02051755407310829,0.7483494200328835,0.7868561278863233,trend_exit
2022-09-19,2022-09-19,2022-09-28,049770,30374.4935,29128.0,-0.0424759510804682,0.6821199123283591,0.7257594673325012,trend_exit
2022-09-20,2022-09-20,2022-09-28,000810,195292.5,191000.0,-0.023446880960610317,0.6151562874403009,0.7257594673325012,trend_exit
2022-09-06,2022-09-06,2022-10-13,004690,216824.75,269500.0,0.24107487729145305,0.6740242471681348,0.7235772357723578,trend_exit
2022-10-06,2022-10-06,2022-10-14,001740,4016.0150000000003,3905.0,-0.029101609431239628,0.6755382253762418,0.7235772357723578,trend_exit
2022-09-14,2022-09-14,2022-10-18,039200,18322.4425,18700.0,0.01907537709560292,0.7607616857853621,0.6461538461538464,trend_exit
2022-10-05,2022-10-05,2022-10-25,357780,190485.30000000002,210500.0,0.10341454169954312,0.6115958878662601,0.7994214079074252,trend_exit
2022-10-19,2022-10-19,2022-10-26,009240,40310.375,38500.0,-0.046343528185981864,0.6489097098094122,0.45161290322580644,trend_exit
2022-10-05,2022-10-05,2022-11-04,195940,33199.725,35100.0,0.055651816393057496,0.609416692292429,0.7994214079074252,trend_exit
2022-10-06,2022-10-06,2022-11-22,128940,222913.87000000002,251487.0,0.12648786502158882,0.7903790852508437,0.7868561278863233,trend_exit
2022-11-21,2022-11-21,2022-11-23,950160,12368.525000000001,11400.0,-0.07968816006759094,0.750531235741797,0.6338797814207651,stoploss
2022-10-19,2022-10-19,2022-11-25,192820,46669.9,58700.0,0.2558833423684217,0.7562529606115138,0.45161290322580644,trend_exit
2022-11-24,2022-11-24,2022-11-28,001570,32398.525,27650.0,-0.1478462368271395,0.6922559195648421,0.47696476964769646,stoploss
2022-11-25,2022-11-25,2022-12-05,393890,54481.600000000006,51300.0,-0.05981010102493323,0.7441645424848424,0.7234234234234235,trend_exit
2022-11-29,2022-11-29,2022-12-06,005850,28042.0,26700.0,-0.04928500106982381,0.6831169466047672,0.6038781163434906,trend_exit
2022-11-29,2022-11-29,2022-12-08,352820,144216.0,145000.0,0.0039281355744160695,0.7027543206624401,0.7234234234234235,trend_exit
2022-12-05,2022-12-05,2022-12-12,068760,56570.72900000001,55212.0,-0.025482206531225793,0.6264763303082624,0.796271637816245,trend_exit
2022-11-29,2022-11-29,2022-12-15,192820,63595.25,65200.0,0.02369595213478992,0.7843684740461526,0.6672794117647058,trend_exit
2022-12-01,2022-12-01,2022-12-15,161890,39959.850000000006,41400.0,0.03448586518718155,0.6948714764702708,0.6038781163434906,trend_exit
2022-12-01,2022-12-01,2022-12-19,089590,11567.325,13700.0,0.18259407425658059,0.7928914352237069,0.49329758713136734,trend_exit
2022-12-02,2022-12-02,2022-12-19,950210,8402.585000000001,8270.0,-0.01725540414051152,0.7228495199124643,0.7639999999999999,trend_exit
2022-12-05,2022-12-05,2022-12-20,225570,14271.375,13600.0,-0.04847290467807064,0.6751931992616099,0.796271637816245,trend_exit
2022-12-12,2022-12-12,2022-12-20,326030,73109.5,71700.0,-0.020750381277399033,0.7260989524682545,0.8014911463187325,trend_exit
2022-12-09,2022-12-09,2022-12-21,073240,3004.5,2965.0,-0.01462722582792475,0.9111385153079056,0.8608247422680413,trend_exit
2022-12-15,2022-12-15,2022-12-22,017960,11817.7,11500.0,-0.028343078602435345,0.6201496193580965,0.796271637816245,trend_exit
2022-12-06,2022-12-06,2022-12-23,008930,30774.092,33869.0,0.09891776823179721,0.7082499145705518,0.8987341772151899,trend_exit
2022-12-15,2022-12-15,2022-12-23,298040,84126.0,79500.0,-0.05640646173596753,0.6308302886558914,0.8014911463187325,trend_exit
2022-12-20,2022-12-20,2022-12-28,025540,53980.850000000006,52900.0,-0.021492807171432204,0.6261292351067287,0.7297297297297297,trend_exit
2022-12-22,2022-12-22,2022-12-29,009540,74111.0,70700.0,-0.04745651792581407,0.8959080442462437,0.8608247422680413,trend_exit
2022-12-22,2022-12-22,2022-12-29,010780,30295.375,28200.0,-0.07056110049801334,0.6658255446508905,0.7234234234234235,trend_exit
2022-12-28,2022-12-28,2023-01-02,267260,43815.625,40450.0,-0.07819813137436693,0.8156779377097421,0.7099125364431487,stoploss
2022-12-02,2022-12-02,2023-01-03,049770,28569.790500000003,31030.0,0.08448310112739543,0.6669134993737295,0.796271637816245,trend_exit
2022-12-23,2022-12-23,2023-01-03,042660,16816.1865,16080.0,-0.04521277758188513,0.6586798156391453,0.820627802690583,trend_exit
2022-12-22,2022-12-22,2023-01-05,192820,71306.8,71800.0,0.005406216517919837,0.7666193285804777,0.7234234234234235,trend_exit
2022-12-05,2022-12-05,2023-01-06,009420,14872.275000000001,17500.0,0.17492112000349636,0.6409837722300886,0.796271637816245,trend_exit
2022-12-19,2022-12-19,2023-01-06,251270,51176.65,51700.0,0.008711003944181561,0.65270762923251,0.7234234234234235,trend_exit
2022-12-28,2022-12-28,2023-01-19,003100,133499.95,139500.0,0.043376795272207946,0.8216089954291117,0.7234234234234235,trend_exit
2023-01-09,2023-01-09,2023-01-19,326030,73409.95,72200.0,-0.017957374987995545,0.6710412404820622,0.4626994394135403,trend_exit
2023-01-06,2023-01-06,2023-01-20,950160,9133.68,9820.0,0.0735289609445482,0.834432439812047,0.4626994394135403,trend_exit
2023-01-09,2023-01-09,2023-01-25,005387,79819.55,80200.0,0.0032592265929838327,0.7385307477225379,0.546875,trend_exit
2023-01-06,2023-01-06,2023-01-31,017800,28492.675000000003,29800.0,0.04431402105979876,0.7254900856328915,0.546875,trend_exit
2023-01-10,2023-01-10,2023-01-31,161390,32198.225000000002,32450.0,0.006307801128788926,0.7645002821272042,0.6012658227848101,trend_exit
2022-12-19,2022-12-19,2023-02-02,017390,419127.75,461500.0,0.09944462040511515,0.8240379913333671,0.7639999999999999,trend_exit
2023-01-10,2023-01-10,2023-02-02,029780,30445.600000000002,30600.0,0.0035637333473474975,0.8795804082848437,0.6012658227848101,trend_exit
2023-01-09,2023-01-09,2023-02-13,272210,11266.875,13650.0,0.20969878515560003,0.6661419757101071,0.4626994394135403,trend_exit
2023-01-27,2023-01-27,2023-02-15,003100,143114.35,141900.0,-0.009972445111199657,0.8195829180178755,0.8297872340425532,trend_exit
2023-02-13,2023-02-13,2023-02-20,001040,82223.15000000001,82100.0,-0.0029955067398902413,0.7765578558046996,0.4626994394135403,trend_exit
2023-02-20,2023-02-20,2023-02-22,028300,35915.793000000005,32858.0,-0.0865101321861389,0.6508923018430042,0.5579937304075236,stoploss
2023-01-09,2023-01-09,2023-02-24,005385,78417.45000000001,91800.0,0.16890181968426665,0.6507706301610129,0.4626994394135403,trend_exit
2023-02-16,2023-02-16,2023-02-27,078340,72508.6,66700.0,-0.08148895441368342,0.6716654514293172,0.6565656565656567,stoploss
2023-02-21,2023-02-21,2023-02-28,010140,5848.76,5500.0,-0.06104028888174595,0.6395034831381895,0.6565656565656567,trend_exit
2023-02-21,2023-02-21,2023-02-28,329180,112368.3,106400.0,-0.05453406343248046,0.6323102650752721,0.6398104265402842,trend_exit
2023-02-21,2023-02-21,2023-02-28,017800,28542.75,27750.0,-0.02923246708884042,0.6369546870720549,0.5994397759103642,trend_exit
2023-03-06,2023-03-06,2023-03-10,009420,17736.565000000002,16450.0,-0.07392863274258576,0.6110075248421991,0.6398104265402842,stoploss
2023-03-06,2023-03-06,2023-03-13,034730,184676.6,172700.0,-0.06625446862244588,0.6290182704857454,0.5579937304075236,trend_exit
2023-03-06,2023-03-06,2023-03-13,041510,130295.15000000001,113100.0,-0.13327280409132647,0.616861743264482,0.5579937304075236,stoploss
2023-03-06,2023-03-06,2023-03-13,089860,27040.5,26100.0,-0.03622898984856038,0.6011402039441177,0.5579937304075236,trend_exit
2023-03-02,2023-03-02,2023-03-14,012510,39058.5,35000.0,-0.10525237784349117,0.631836368767198,0.5579937304075236,stoploss
2023-02-23,2023-02-23,2023-03-15,009240,46669.9,51800.0,0.10825821353806209,0.618907043136865,0.6565656565656567,trend_exit
2023-03-08,2023-03-08,2023-03-15,049770,33021.458,32531.0,-0.016330426718287105,0.610386123371567,0.5579937304075236,trend_exit
2023-02-28,2023-02-28,2023-03-17,005070,76670.834,93547.0,0.21828177191864118,0.6286268928980628,0.7026143790849675,trend_exit
2023-03-07,2023-03-07,2023-03-23,051600,33450.1,36150.0,0.07909318656745423,0.6124535895476564,0.5579937304075236,trend_exit
2023-03-20,2023-03-20,2023-03-27,182400,9918.856,9147.0,-0.07920031301996922,0.6455207257960391,0.5579937304075236,stoploss
2023-03-03,2023-03-03,2023-03-28,068760,58281.291000000005,74413.0,0.27487533692415966,0.6560120261164738,0.5579937304075236,trend_exit
2023-03-20,2023-03-20,2023-03-29,089860,26589.825,25850.0,-0.029281877560307312,0.6338292856293906,0.5579937304075236,trend_exit
2023-03-16,2023-03-16,2023-03-31,277810,112468.45000000001,126800.0,0.1257361508938728,0.6053709168208857,0.7744360902255639,trend_exit
2023-03-21,2023-03-21,2023-04-03,352820,189884.40000000002,184000.0,-0.0324428968361804,0.6297966196848529,0.6565656565656567,trend_exit
2023-03-21,2023-03-21,2023-04-03,012750,55783.55,54400.0,-0.02626491142998255,0.6420639070535641,0.5579937304075236,trend_exit
2023-03-21,2023-03-21,2023-04-03,377740,6690.02,6200.0,-0.07463654817175425,0.6000944642580188,0.5579937304075236,stoploss
2023-03-22,2023-03-22,2023-04-10,009540,74111.0,76500.0,0.030687077491870385,0.6260614175993944,0.5579937304075236,trend_exit
2023-03-27,2023-03-27,2023-04-10,192820,79018.35,79900.0,0.009640798624623415,0.6109930122562666,0.5579937304075236,trend_exit
2023-03-28,2023-03-28,2023-04-10,000240,11907.835000000001,11720.0,-0.01725040697994229,0.6541472045448796,0.5579937304075236,trend_exit
2023-04-03,2023-04-03,2023-04-11,004690,518777.00000000006,506000.0,-0.02609213592738313,0.7801682972612054,0.7945205479452054,trend_exit
2023-03-23,2023-03-23,2023-04-19,009420,17676.475000000002,21650.0,0.2229545200612677,0.6631544171508992,0.5579937304075236,trend_exit
2023-04-04,2023-04-04,2023-04-19,128940,283480.58400000003,310528.0,0.09376876407168688,0.7227797231215398,0.4948424867577363,trend_exit
2023-04-03,2023-04-03,2023-04-20,008930,39308.875,43450.0,0.10369032438603254,0.75257450955663,0.4948424867577363,trend_exit
2023-03-20,2023-03-20,2023-04-21,950160,9163.725,10400.0,0.1332072928858079,0.6403571022691766,0.5579937304075236,trend_exit
2023-04-13,2023-04-13,2023-04-24,000120,79418.95000000001,77700.0,-0.02311161253076266,0.7012055458749917,0.5583333333333333,trend_exit
2023-03-29,2023-03-29,2023-04-25,005940,8713.050000000001,9190.0,0.05315761989200096,0.6772563073160407,0.5994397759103642,trend_exit
2023-04-12,2023-04-12,2023-04-26,015760,18677.975000000002,18420.0,-0.015291004511998718,0.6664279451978435,0.5010638297872338,trend_exit
2023-04-12,2023-04-12,2023-04-27,032830,63995.850000000006,64800.0,0.01104681006659014,0.650606141841317,0.5010638297872338,trend_exit
2023-04-20,2023-04-20,2023-04-27,049770,31046.5,30950.0,-0.004603578503212913,0.6669528917547068,0.4948424867577363,trend_exit
2023-04-24,2023-04-24,2023-05-04,005440,4191.2775,4095.0,-0.024436463584193602,0.8190964748343301,0.5583333333333333,trend_exit
2023-03-31,2023-03-31,2023-05-08,085620,2553.8250000000003,2715.0,0.06151654870635226,0.8545327599106695,0.5010638297872338,trend_exit
2023-04-27,2023-04-27,2023-05-08,086520,139316.662,125178.0,-0.10283356487539164,0.8436694609043314,0.4948424867577363,stoploss
2023-04-20,2023-04-20,2023-05-10,042700,21181.725000000002,21000.0,-0.01006646059279881,0.7926330556695286,0.5583333333333333,trend_exit
2023-04-12,2023-04-12,2023-05-11,042670,8963.425000000001,9740.0,0.08500824182720335,0.6914065338273663,0.4948424867577363,trend_exit
2023-05-03,2023-05-03,2023-05-11,018260,118277.15000000001,117000.0,-0.012281746727918375,0.7060453170077247,0.4948424867577363,trend_exit
2023-05-08,2023-05-08,2023-05-15,280360,107160.5,104800.0,-0.023494664545238186,0.7693076847000682,0.5010638297872338,trend_exit
2023-05-02,2023-05-02,2023-05-16,101490,46269.3,47500.0,0.0250587322479483,0.7230831880668187,0.4948424867577363,trend_exit
2023-05-03,2023-05-03,2023-05-16,145020,111066.35,108500.0,-0.024571798749126184,0.8192543620504713,0.4948424867577363,trend_exit
2023-05-11,2023-05-11,2023-05-18,017390,96644.75,89300.0,-0.0773834067551522,0.8829693195196769,0.4948424867577363,stoploss
2023-05-11,2023-05-11,2023-05-18,021240,49974.850000000006,48350.0,-0.03396458418584547,0.798984259258263,0.4948424867577363,trend_exit
2023-05-08,2023-05-08,2023-05-22,012510,32348.45,32400.0,9.119447763339394e-05,0.7504174563834654,0.5010638297872338,trend_exit
2023-05-04,2023-05-04,2023-05-25,089860,26339.45,27700.0,0.05007697579106618,0.6676848740366506,0.4948424867577363,trend_exit
2023-05-15,2023-05-15,2023-05-25,090430,116374.3,113500.0,-0.026161704087586335,0.7772732675951596,0.4948424867577363,trend_exit
2023-05-04,2023-05-04,2023-05-26,017800,35953.85,42950.0,0.19279506923458833,0.7964693128847689,0.5010638297872338,trend_exit
2023-05-17,2023-05-17,2023-05-30,000250,65898.7,60500.0,-0.08330133978363752,0.6453895867303754,0.4624148461357764,stoploss
2023-05-19,2023-05-19,2023-06-02,042700,25988.925000000003,25700.0,-0.012600559661471222,0.7045848842661042,0.4624148461357764,trend_exit
2023-05-25,2023-05-25,2023-06-02,001680,19158.695,18700.0,-0.025405957973651083,0.6247734729539407,0.4624148461357764,trend_exit
2023-05-08,2023-05-08,2023-06-08,005940,9384.055,9750.0,0.03743797324291043,0.7750710046824747,0.4948424867577363,trend_exit
2023-05-22,2023-05-22,2023-06-09,326030,72408.45,73900.0,0.019068216485783163,0.6863135266891004,0.4624148461357764,trend_exit
2023-05-26,2023-05-26,2023-06-09,028300,35056.506,34670.0,-0.012508690968803249,0.6566146928409112,0.4624148461357764,trend_exit
2023-06-01,2023-06-01,2023-06-09,003620,10517.753,10116.0,-0.03964031100559218,0.644872681208089,0.6300653594771242,trend_exit
2023-05-18,2023-05-18,2023-06-15,003670,308704.363,362523.0,0.1725756383300614,0.6010483145699305,0.4624148461357764,trend_exit
2023-06-08,2023-06-08,2023-06-15,004990,28743.050000000003,27800.0,-0.034260456005886675,0.6142140232335462,0.6300653594771242,trend_exit
2023-06-09,2023-06-09,2023-06-16,161390,35803.625,34650.0,-0.03367256807097041,0.6304809179054328,0.6300653594771242,trend_exit
2023-06-12,2023-06-12,2023-06-19,021240,48873.200000000004,45650.0,-0.06735132956303258,0.6270649109421496,0.4624148461357764,trend_exit
2023-05-17,2023-05-17,2023-06-23,010140,5498.235000000001,6620.0,0.20221671136282815,0.6008474557145785,0.4624148461357764,trend_exit
2023-06-07,2023-06-07,2023-06-26,192820,87230.65000000001,91100.0,0.0427911519632147,0.6734936898594162,0.6300653594771242,trend_exit
2023-05-10,2023-05-10,2023-06-29,009540,87330.8,114500.0,0.3091400742922312,0.7225406855129333,0.5010638297872338,trend_exit
2023-06-02,2023-06-02,2023-06-29,161890,38958.350000000006,43750.0,0.12130968072313109,0.6910611084539771,0.4624148461357764,trend_exit
2023-06-27,2023-06-27,2023-06-29,000250,60891.200000000004,51800.0,-0.15057840870273542,0.6344491454283947,0.4624148461357764,stoploss
2023-06-12,2023-06-12,2023-06-30,042660,26781.111500000003,33493.0,0.24874430622493016,0.6532405848526271,0.4624148461357764,trend_exit
2023-06-15,2023-06-15,2023-06-30,042700,29193.725000000002,30150.0,0.03120704877503644,0.6478239787444224,0.4624148461357764,trend_exit
2023-06-05,2023-06-05,2023-07-06,105630,16354.495,19750.0,0.20580763881734043,0.623264692844945,0.4624148461357764,trend_exit
2023-06-19,2023-06-19,2023-07-10,005290,38457.600000000006,36850.0,-0.04323917769179586,0.6508708809136456,0.4624148461357764,trend_exit
2023-06-28,2023-06-28,2023-07-10,009240,42914.275,42150.0,-0.0192826279833459,0.666720349821082,0.6300653594771242,trend_exit
2023-07-18,2023-07-18,2023-07-19,067310,19990.9415,18378.0,-0.08206259320002507,0.6018508225728307,0.5940983606557377,stoploss
2023-07-12,2023-07-12,2023-07-27,042700,31747.550000000003,45900.0,0.4436121842472882,0.6247989931814186,0.5940983606557377,trend_exit
2023-07-13,2023-07-13,2023-08-02,095340,69904.7,91700.0,0.30981822395346836,0.6011737889861636,0.5940983606557377,trend_exit
2023-08-30,2023-08-30,2023-09-06,112040,37456.1,34850.0,-0.07097308582580675,0.6178091902216329,0.4971833545338906,trend_exit
2023-08-18,2023-08-18,2023-09-07,042700,57886.700000000004,57300.0,-0.011620113082970729,0.6404950683821858,0.4971833545338906,trend_exit
2023-09-11,2023-09-11,2023-09-13,000150,149323.65,129800.0,-0.1320510850089721,0.6229542944621832,0.4971833545338906,stoploss
2023-09-14,2023-09-14,2023-09-15,180640,52578.75,42900.0,-0.18530489979316733,0.6072063143287323,0.4971833545338906,stoploss
2023-08-25,2023-08-25,2023-09-21,240810,30846.2,32700.0,0.05850801719498677,0.6260337618037544,0.4971833545338906,trend_exit
2023-09-05,2023-09-05,2023-09-21,000240,10896.32,11170.0,0.023579061554726888,0.6258966135385817,0.4971833545338906,trend_exit
2023-09-07,2023-09-07,2023-09-21,298380,18077.075,19070.0,0.05334491337785563,0.6746192020389693,0.4971833545338906,trend_exit
2023-09-01,2023-09-01,2023-09-22,001040,73309.8,89000.0,0.21220491666871277,0.6252798351572068,0.4971833545338906,trend_exit
2023-08-29,2023-08-29,2023-09-26,088350,2328.4875,2890.0,0.23928730560073852,0.6164187421540908,0.4971833545338906,trend_exit
2023-10-17,2023-10-17,2023-10-31,006360,13299.92,13160.0,-0.012004583486216469,0.7906512361306371,0.5740740740740741,trend_exit
2023-10-30,2023-10-30,2023-11-15,006040,26409.555,28461.0,0.07606161860735638,0.7068541770394104,0.5740740740740741,trend_exit
2023-11-01,2023-11-01,2023-11-20,298380,16154.195000000002,19080.0,0.1793456746065032,0.8120136298395901,0.5740740740740741,trend_exit
2023-11-14,2023-11-14,2023-11-23,067160,65698.40000000001,64300.0,-0.02275321773437411,0.7752669287025733,0.5018513947173538,trend_exit
2023-11-14,2023-11-14,2023-11-29,010950,68702.90000000001,69100.0,0.004271289858215566,0.741202948105617,0.5018513947173538,trend_exit
2023-10-30,2023-10-30,2023-11-30,006280,98147.0,114600.0,0.1658848462000877,0.7785422148468698,0.5,trend_exit
2023-11-13,2023-11-13,2023-11-30,082640,4621.922500000001,4455.0,-0.037561209648149796,0.7227914007484315,0.6331976481230213,trend_exit
2023-11-20,2023-11-20,2023-11-30,120110,44166.15,43050.0,-0.026733708960368974,0.709361681473597,0.5018513947173538,trend_exit
2023-11-23,2023-11-23,2023-11-30,280360,133399.80000000002,123500.0,-0.07560018830612947,0.6957257097030589,0.5018513947173538,stoploss
2023-11-09,2023-11-09,2023-12-01,012750,55182.65,58400.0,0.05671619612323808,0.747717493415015,0.5,trend_exit
2023-11-15,2023-11-15,2023-12-01,003620,8255.3645,8446.0,0.021557679252079076,0.7485237744286517,0.6331976481230213,trend_exit
2023-10-25,2023-10-25,2023-12-06,035760,52278.3,77100.0,0.47258709636694385,0.6174739184322654,0.5,trend_exit
2023-12-01,2023-12-01,2023-12-08,000880,25538.25,25400.0,-0.006905328282086565,0.7069775445305497,0.6331976481230213,trend_exit
2023-12-04,2023-12-04,2023-12-12,000670,50582.760500000004,49188.0,-0.02903247045997026,0.6605432892423648,0.6331976481230213,trend_exit
2023-11-06,2023-11-06,2023-12-13,015760,17125.65,19190.0,0.11886059799190085,0.7620738534074885,0.5740740740740741,trend_exit
2023-12-06,2023-12-06,2023-12-13,294870,15923.85,14890.0,-0.06632723870169588,0.7094544241012708,0.6331976481230213,trend_exit
2023-12-06,2023-12-06,2023-12-15,005940,10535.78,10260.0,-0.027636302200691354,0.7025844215481218,0.5018513947173538,trend_exit
2023-11-16,2023-11-16,2023-12-18,030190,8452.66,9430.0,0.11395170277758737,0.7506989781826233,0.6331976481230213,trend_exit
2023-12-06,2023-12-06,2023-12-18,330590,3230.8390000000004,3166.0,-0.021538677724269206,0.7275377488799073,0.6331976481230213,trend_exit
2023-12-08,2023-12-08,2023-12-22,089590,11216.800000000001,11640.0,0.03617252692389994,0.7104642767663332,0.6331976481230213,trend_exit
2023-12-06,2023-12-06,2023-12-26,064760,102753.90000000001,110500.0,0.07377189576259391,0.6650849103541652,0.5224053194564903,trend_exit
2023-12-05,2023-12-05,2023-12-27,035250,15833.715,15870.0,0.0007881915267518025,0.7058466953316246,0.5018513947173538,trend_exit
2023-12-19,2023-12-19,2023-12-27,222080,11507.235,10890.0,-0.055058404560261454,0.6871550816739683,0.5018513947173538,trend_exit
2023-12-18,2023-12-18,2024-01-02,000880,25688.475000000002,25100.0,-0.024373770727923683,0.6775267461365619,0.5018513947173538,trend_exit
2023-12-19,2023-12-19,2024-01-03,139480,76013.85,73700.0,-0.03189418770395147,0.7074651875136736,0.6331976481230213,trend_exit
2023-12-15,2023-12-15,2024-01-04,018880,6553.816000000001,6516.0,-0.00726141838586869,0.6820714569329298,0.5018513947173538,trend_exit
2023-12-19,2023-12-19,2024-01-04,066570,98447.45000000001,97800.0,-0.008066740174580533,0.6840742668596387,0.5018513947173538,trend_exit
2023-12-05,2023-12-05,2024-01-08,326030,91336.8,95600.0,0.04510558723318536,0.6831936640280528,0.5224053194564903,trend_exit
2023-12-18,2023-12-18,2024-01-23,067160,77115.5,105000.0,0.3595515817183317,0.7112376462355887,0.5224053194564903,trend_exit
2024-01-23,2024-01-23,2024-01-31,036540,6910.35,6370.0,-0.07957701129465222,0.6043651913863484,0.6202898550724638,stoploss
2024-01-26,2024-01-26,2024-02-15,016380,7601.385,7810.0,0.0259031742241711,0.6045211916428868,0.6202898550724638,trend_exit
2024-02-19,2024-02-19,2024-02-26,006800,9033.53,8680.0,-0.0405766073727547,0.6169317388652626,0.47167325428194995,trend_exit
2024-03-13,2024-03-13,2024-03-20,032350,9203.785,8970.0,-0.02686286131194937,0.6007069094367412,0.45848177582899424,trend_exit
2024-03-11,2024-03-11,2024-03-28,010140,8032.030000000001,8620.0,0.07159335809253697,0.6383688533738652,0.47167325428194995,trend_exit
2024-03-14,2024-03-14,2024-03-28,082740,9584.355000000001,9880.0,0.029300354588284616,0.6299789513132961,0.45848177582899424,trend_exit
2024-03-14,2024-03-14,2024-04-09,336570,8202.285,10100.0,0.22951714065044082,0.6579950685742162,0.574829931972789,trend_exit
2024-04-03,2024-04-03,2024-04-11,330590,3294.9350000000004,3226.0,-0.02239012302215382,0.644719969920115,0.48166089965397924,trend_exit
2024-04-02,2024-04-02,2024-04-16,093370,8052.06,7360.0,-0.08731926985144178,0.616509149686704,0.5981873111782477,stoploss
2024-04-09,2024-04-09,2024-04-18,025320,8241.3435,7757.0,-0.060181813802567485,0.6324747753304342,1.0,trend_exit
2024-04-15,2024-04-15,2024-04-24,336570,10986.455,10750.0,-0.022990127388680004,0.6080324291228559,0.49166666666666664,trend_exit
2024-04-22,2024-04-22,2024-04-29,093370,7941.895,7770.0,-0.02311161253076255,0.634808699504743,0.5427435387673957,trend_exit
2024-04-15,2024-04-15,2024-05-03,082740,10726.065,12030.0,0.11988459887200009,0.6013263029236227,0.4978354978354982,trend_exit
2024-04-30,2024-04-30,2024-05-03,002350,9333.980000000001,8470.0,-0.09392402812090894,0.6280293864172796,0.49166666666666664,stoploss
2024-05-02,2024-05-02,2024-05-20,025320,8432.630000000001,9101.0,0.07764107994777425,0.6115558844965795,0.49166666666666664,trend_exit
2024-05-16,2024-05-16,2024-05-23,139480,65397.950000000004,62100.0,-0.051853307328440734,0.6505416340253432,0.6879194630872483,trend_exit
2024-05-21,2024-05-21,2024-05-27,000670,38786.092000000004,34912.0,-0.10123371026913464,0.6744313938322388,0.4896810506566605,stoploss
2024-05-16,2024-05-16,2024-05-29,036460,28943.350000000002,28900.0,-0.0029955067398902413,0.6373412550712743,0.6785714285714286,trend_exit
2024-05-22,2024-05-22,2024-05-29,189300,67400.95,60600.0,-0.10225152612834076,0.6831312358694259,0.5434565434565436,stoploss
2024-05-20,2024-05-20,2024-05-30,271560,94942.20000000001,92100.0,-0.03139120433274145,0.6335349540030565,0.5658338960162054,trend_exit
2024-05-10,2024-05-10,2024-06-04,025540,64897.200000000004,67300.0,0.03546917278403372,0.6371952878236453,0.5658338960162054,trend_exit
2024-05-28,2024-05-28,2024-06-04,000720,34551.75,33200.0,-0.04056379199316951,0.6212871102329436,0.5658338960162054,trend_exit
2024-05-27,2024-05-27,2024-06-07,376300,26189.225000000002,25150.0,-0.04112187359496133,0.6349969007403893,0.6879194630872483,trend_exit
2024-06-03,2024-06-03,2024-06-11,034220,10345.495,10080.0,-0.02712436669294216,0.6274384563789868,0.6879194630872483,trend_exit
2024-06-03,2024-06-03,2024-06-11,140860,181271.5,175700.0,-0.03218956096242376,0.6667968566190003,0.5185185185185185,trend_exit
2024-06-05,2024-06-05,2024-06-14,181710,22433.600000000002,21550.0,-0.040828266528778245,0.669192726669825,0.6879194630872483,trend_exit
2024-06-07,2024-06-07,2024-06-14,035420,175663.1,169900.0,-0.034258475456712234,0.6312515249843778,0.5157232704402517,trend_exit
2024-06-03,2024-06-03,2024-06-17,006280,115873.55,116000.0,-0.000410361122102576,0.6474328817511747,0.5798319327731091,trend_exit
2024-06-04,2024-06-04,2024-06-18,002710,49424.025,54000.0,0.09094716587732377,0.6439271886647207,0.5658338960162054,trend_exit
2024-06-11,2024-06-11,2024-06-18,000670,34492.6615,32744.0,-0.05212057932960612,0.7255089670521203,0.6879194630872483,trend_exit
2024-06-10,2024-06-10,2024-06-20,271560,98046.85,95200.0,-0.03049205558363166,0.7005824412269505,0.6808510638297872,trend_exit
2024-06-12,2024-06-12,2024-06-24,025540,71607.25,71300.0,-0.005784330497261014,0.6953325735808655,0.5798319327731091,trend_exit
2024-06-07,2024-06-07,2024-06-25,005250,14201.27,14240.0,0.0012231300440030957,0.6771434224864517,0.6879194630872483,trend_exit
2024-06-03,2024-06-03,2024-06-27,036460,38758.05,53100.0,0.3679829093568949,0.6955856494669842,0.4896810506566605,trend_exit
2024-06-07,2024-06-07,2024-06-27,032640,9774.640000000001,9680.0,-0.011167674717432075,0.8603299379543707,0.4896810506566605,trend_exit
2024-06-20,2024-06-20,2024-06-27,023530,65197.65,63000.0,-0.03515694200634534,0.7133586876108621,0.5658338960162054,trend_exit
2024-06-20,2024-06-20,2024-06-27,195870,46920.275,44900.0,-0.044493025669606556,0.6395340214753367,0.5658338960162054,trend_exit
2024-06-19,2024-06-19,2024-07-04,006360,14922.35,15070.0,0.008379712310728538,0.6946771049292585,0.5658338960162054,trend_exit
2024-06-21,2024-06-21,2024-07-05,028670,4086.1200000000003,4060.0,-0.00788278366763584,0.6482312950796338,0.5658338960162054,trend_exit
2024-06-24,2024-06-24,2024-07-10,085620,4807.200000000001,5300.0,0.10085912797470442,0.6021059047941726,0.5348101265822784,trend_exit
2024-06-19,2024-06-19,2024-07-11,140860,191987.55000000002,183800.0,-0.04408228554403659,0.6873333029965913,0.5658338960162054,trend_exit
2024-07-03,2024-07-03,2024-07-18,323410,20831.2,21450.0,0.028160883674488213,0.646525876648486,0.48769574944071586,trend_exit
2024-07-08,2024-07-08,2024-07-19,377300,27290.875,27750.0,0.015298153686900795,0.6935359143226567,0.4659600489196902,trend_exit
2024-06-14,2024-06-14,2024-07-22,016360,36154.15,44500.0,0.2289944584508279,0.6261528062258975,0.5185185185185185,trend_exit
2024-07-16,2024-07-16,2024-07-23,011170,107861.55,101500.0,-0.06039038007519826,0.6158078597644903,0.48769574944071586,trend_exit
2024-07-12,2024-07-12,2024-07-24,282330,104055.85,102700.0,-0.014510476825666196,0.7515895387378039,0.4659600489196902,trend_exit
2024-07-02,2024-07-02,2024-07-25,003530,3204.8,3515.0,0.09514712306540174,0.6156127617698252,0.48769574944071586,trend_exit
2024-08-01,2024-08-01,2024-08-05,001740,4777.155000000001,4245.0,-0.11272870568361293,0.6261659570508085,0.4659600489196902,stoploss
2024-08-01,2024-08-01,2024-08-19,282330,108462.45000000001,110700.0,0.019098775659225797,0.6866144611260196,0.4659600489196902,trend_exit
2024-07-18,2024-07-18,2024-08-22,137310,9143.695,12070.0,0.31805522822010146,0.6195580848747375,0.5348101265822784,trend_exit
2024-09-20,2024-09-20,2024-09-27,048410,9366.028,9140.0,-0.025596549572561522,0.6562260429006928,0.47111375818939843,trend_exit
2024-09-23,2024-09-23,2024-09-30,089860,31647.4,30350.0,-0.042433975618850206,0.6089688755609923,0.47111375818939843,trend_exit
2024-09-23,2024-09-23,2024-09-30,003690,7156.719,6993.0,-0.02434195055024513,0.6088652104658039,0.47111375818939843,trend_exit
2024-09-20,2024-09-20,2024-10-02,000400,2593.885,2425.0,-0.06651123700549566,0.6005755436968402,0.47111375818939843,trend_exit
2024-09-24,2024-09-24,2024-10-02,001450,33299.875,30950.0,-0.07196123108570229,0.6266814228279156,0.6595744680851063,trend_exit
2024-09-20,2024-09-20,2024-10-04,004990,25037.5,24450.0,-0.024929605591612503,0.6151650156521458,0.47111375818939843,trend_exit
2024-09-23,2024-09-23,2024-10-04,316140,15733.565,15590.0,-0.010611072570011926,0.6409458197918874,0.47111375818939843,trend_exit
2024-09-24,2024-09-24,2024-10-08,357780,220330.0,215000.0,-0.025654699768529077,0.6769360449394638,0.47111375818939843,trend_exit
2024-09-27,2024-09-27,2024-10-08,069960,49824.625,47050.0,-0.05710429330878053,0.6471987077067209,0.47111375818939843,trend_exit
2024-09-20,2024-09-20,2024-10-11,131290,42313.375,51200.0,0.20820426165485517,0.6230406510664849,0.6595744680851063,trend_exit
2024-10-02,2024-10-02,2024-10-11,007390,9974.94,9800.0,-0.01901164317780346,0.6496396663607107,0.47111375818939843,trend_exit
2024-10-07,2024-10-07,2024-10-23,006040,29186.714500000002,30143.0,0.031215264054472502,0.6217985646766235,0.47111375818939843,trend_exit
2024-10-14,2024-10-14,2024-10-23,088980,11937.880000000001,11700.0,-0.021396596380596877,0.6216768685694709,0.47111375818939843,trend_exit
2024-10-15,2024-10-15,2024-10-23,137310,9293.92,9020.0,-0.03092882228381555,0.6763337192574694,0.47111375818939843,trend_exit
2024-10-15,2024-10-15,2024-10-25,375500,30195.225000000002,30150.0,-0.0029955067398902413,0.6643006175672088,0.47111375818939843,trend_exit
2024-10-10,2024-10-10,2024-10-30,032830,97245.65000000001,101800.0,0.04526320714602661,0.6029316595267565,0.47111375818939843,trend_exit
2024-10-14,2024-10-14,2024-10-30,024110,14351.495,14460.0,0.006049195571611321,0.6958385063685765,0.47111375818939843,trend_exit
2024-10-29,2024-10-29,2024-11-07,006650,102753.90000000001,101900.0,-0.009797681645173584,0.6043884755638811,0.7224932249322493,trend_exit
2024-10-31,2024-10-31,2024-11-07,004990,23985.925000000003,23450.0,-0.023809796787074178,0.7522658623173641,0.47111375818939843,trend_exit
2024-10-08,2024-10-08,2024-11-08,003540,16664.96,16780.0,0.005392752217827201,0.6080416716381437,0.47111375818939843,trend_exit
2024-10-29,2024-10-29,2024-11-08,004170,149323.65,141500.0,-0.05381531994429545,0.7582130998707538,0.47111375818939843,trend_exit
2024-10-31,2024-10-31,2024-11-08,048410,8163.226500000001,7873.0,-0.03699958588678143,0.6417705118737795,0.6595744680851063,trend_exit
2024-10-07,2024-10-07,2024-11-11,003690,7369.037,7940.0,0.07586513678788687,0.6351479390193067,0.47111375818939843,trend_exit
2024-10-29,2024-10-29,2024-11-11,114090,11136.68,10860.0,-0.026306762877266743,0.6818266471195656,0.47111375818939843,trend_exit
2024-10-15,2024-10-15,2024-11-12,012750,58988.350000000006,63600.0,0.0765617278666042,0.6638838098844767,0.47111375818939843,trend_exit
2024-09-23,2024-09-23,2024-11-13,376300,18657.945,38600.0,1.065720528171779,0.6267876086257098,0.7224932249322493,trend_exit
2024-10-23,2024-10-23,2024-11-22,007390,11326.965,21250.0,0.8732400956478632,0.6169866555245663,0.47111375818939843,trend_exit
2024-11-22,2024-11-22,2024-12-05,278280,43064.5,40100.0,-0.07023534465743253,0.6071515092033515,0.7,trend_exit
2024-12-18,2024-12-18,2024-12-20,069080,15603.37,14480.0,-0.07338735157853715,0.6240136071348726,0.4858757062146893,stoploss
2024-12-19,2024-12-19,2024-12-27,006360,18367.510000000002,17520.0,-0.04757258877223969,0.6236819462370146,0.4700854700854701,trend_exit
2024-12-18,2024-12-18,2024-12-30,000880,27891.775,26900.0,-0.03700463667156362,0.6703516197550441,0.4858757062146893,trend_exit
2024-12-18,2024-12-18,2025-01-02,064960,22678.967500000002,22232.0,-0.02117889626148106,0.6348571634916824,0.5065963060686014,trend_exit
2024-12-30,2024-12-30,2025-01-06,012510,63795.55,56700.0,-0.11255644006517695,0.6855532942298312,0.4858757062146893,stoploss
2024-12-26,2024-12-26,2025-01-07,005387,159639.1,155900.0,-0.02488707340494911,0.6749881282255501,0.4858757062146893,trend_exit
2025-01-10,2025-01-10,2025-01-17,007070,16985.440000000002,15840.0,-0.06883542610612392,0.6258261193936914,0.5358744394618835,trend_exit
2025-01-02,2025-01-02,2025-01-20,005385,154431.30000000002,154400.0,-0.0017023751014206834,0.6936787015225554,0.4858757062146893,trend_exit
2025-01-14,2025-01-14,2025-01-21,032830,93640.25,85800.0,-0.08510175912601681,0.6430856643617678,0.5065963060686014,stoploss
2025-01-14,2025-01-14,2025-01-31,192400,22884.275,22700.0,-0.00954039400417972,0.650329578901171,0.4700854700854701,trend_exit
2025-01-14,2025-01-14,2025-02-03,023530,53680.4,52500.0,-0.023456419847840193,0.6906803982834666,0.5358744394618835,trend_exit
2025-01-15,2025-01-15,2025-02-03,120110,27391.025,26850.0,-0.021222279925632526,0.6568723473349127,0.4858757062146893,trend_exit
2024-12-18,2024-12-18,2025-02-07,034020,18087.09,23200.0,0.28075881747699616,0.6287280916405794,0.5065963060686014,trend_exit
2025-01-31,2025-01-31,2025-02-12,005385,161241.5,156800.0,-0.029004319607545126,0.656857516167058,0.4700854700854701,trend_exit
2025-02-06,2025-02-06,2025-02-13,005250,14762.11,14190.0,-0.04019716693616293,0.715709004736399,0.5065963060686014,trend_exit
2025-01-20,2025-01-20,2025-02-17,012510,57085.5,76500.0,0.3380849777964632,0.6499986818973098,0.5065963060686014,trend_exit
2025-02-12,2025-02-12,2025-02-17,329180,353529.5,326500.0,-0.0778414531177738,0.7292152695317038,0.6197698744769874,stoploss
2025-02-10,2025-02-10,2025-02-18,036570,173660.1,170800.0,-0.017944824401229686,0.6641725257323483,0.6197698744769874,trend_exit
2025-02-03,2025-02-03,2025-02-21,032830,91737.40000000001,90300.0,-0.017145133827642822,0.6472814546968967,0.5065963060686014,trend_exit
2025-01-07,2025-01-07,2025-02-25,000720,26239.300000000003,34450.0,0.31094674781720544,0.6422079396713442,0.4858757062146893,trend_exit
2025-02-19,2025-02-19,2025-02-26,033100,42363.450000000004,40300.0,-0.0501351990926141,0.6484079181121701,0.6197698744769874,trend_exit
2025-02-13,2025-02-13,2025-02-27,300720,15803.67,15840.0,0.0007953848694639554,0.6382330117719015,0.6197698744769874,trend_exit
2025-02-07,2025-02-07,2025-02-28,002840,171456.80000000002,182000.0,0.05989963652651853,0.7182813056501357,0.8135593220338984,trend_exit
2025-02-10,2025-02-10,2025-02-28,005300,102854.05,104900.0,0.018361941022254413,0.6787971760862811,0.6197698744769874,trend_exit
2025-02-21,2025-02-21,2025-02-28,005387,166249.0,155000.0,-0.06906206954628302,0.634209380790793,0.6197698744769874,trend_exit
2025-02-17,2025-02-17,2025-03-04,085620,4787.17,4485.0,-0.06452611877163339,0.6599068399980902,0.6197698744769874,trend_exit
2025-02-06,2025-02-06,2025-03-06,253450,38107.075000000004,48350.0,0.2668900722503629,0.625912044482623,0.5176991150442475,trend_exit
2025-03-04,2025-03-04,2025-03-11,042660,85227.65000000001,78000.0,-0.08617684519049873,0.6620254722653619,0.5957313245448834,stoploss
2025-02-06,2025-02-06,2025-03-12,028670,3375.0550000000003,3685.0,0.09019630791201916,0.6658946401810693,0.4858757062146893,trend_exit
2025-02-28,2025-02-28,2025-03-17,192400,21982.925000000003,22250.0,0.01063097836161453,0.6824350404198753,0.6197698744769874,trend_exit
2025-03-10,2025-03-10,2025-03-17,006360,18637.915,17950.0,-0.03835407554975978,0.6761446255684689,0.6197698744769874,trend_exit
2025-03-13,2025-03-13,2025-03-20,329180,310465.0,300000.0,-0.03515694200634534,0.7697301207003782,0.6853146853146853,trend_exit
2025-03-17,2025-03-17,2025-03-20,053030,16604.870000000003,15350.0,-0.07695904876099613,0.6224706465204392,0.5957313245448834,stoploss
2025-03-05,2025-03-05,2025-03-25,950160,40610.825000000004,50400.0,0.2391868424244028,0.6786592780112443,0.47990353697749194,trend_exit
2025-03-10,2025-03-10,2025-03-25,267250,76514.6,74800.0,-0.02387518199141081,0.6474028773418145,0.6197698744769874,trend_exit
2025-03-14,2025-03-14,2025-03-25,214320,18607.870000000003,18120.0,-0.027679148661292396,0.6553523800509841,0.5864811133200796,trend_exit
2025-03-14,2025-03-14,2025-03-27,257720,26840.2,25950.0,-0.034616917906722056,0.649726603440957,0.6197698744769874,trend_exit
2025-03-14,2025-03-14,2025-03-27,000070,40298.357,40171.0,-0.004655611641933621,0.7571779723384814,0.5674318507890961,trend_exit
2025-03-21,2025-03-21,2025-03-28,395400,5107.650000000001,4960.0,-0.030364257535265726,0.7138957636681118,0.8135593220338984,trend_exit
2025-03-14,2025-03-14,2025-03-31,055550,45768.55,47050.0,0.026456485949412967,0.6375098545437147,0.6197698744769874,trend_exit
2025-03-13,2025-03-13,2025-04-01,268280,147721.25,149700.0,0.011875068752803086,0.662929868813148,0.5864811133200796,trend_exit
2025-03-17,2025-03-17,2025-04-01,064960,25588.325,26400.0,0.03017294019831307,0.6713406550306862,0.6197698744769874,trend_exit
2025-04-03,2025-04-03,2025-04-07,009540,207811.25,186200.0,-0.10533861857815685,0.6089009904629863,0.4681528662420382,stoploss
2025-05-08,2025-05-08,2025-05-12,003570,36354.450000000004,33600.0,-0.07715286574270841,0.6398512342435985,0.5857753357753358,stoploss
2025-04-15,2025-04-15,2025-05-20,005940,13159.710000000001,15840.0,0.20186843023136536,0.6888692413558146,0.4681528662420382,trend_exit
2025-05-13,2025-05-13,2025-05-20,030000,18617.885000000002,18160.0,-0.02605693396430364,0.6013150462216017,0.5857753357753358,trend_exit
2025-05-13,2025-05-13,2025-05-21,175330,17606.370000000003,17380.0,-0.014337992442508107,0.7212051125514505,0.6575110206849781,trend_exit
2025-05-09,2025-05-09,2025-05-22,056190,21131.65,21200.0,0.0017296330385936365,0.6236342625883988,0.5857753357753358,trend_exit
2025-05-19,2025-05-19,2025-05-23,329180,424135.25,389000.0,-0.08421547136202423,0.687617253310384,0.6105804555473915,stoploss
2025-05-14,2025-05-14,2025-05-28,003230,1000498.5,1106000.0,0.10379076030598755,0.6867164588973673,0.6575110206849781,trend_exit
2025-05-14,2025-05-14,2025-05-29,310210,107160.5,107000.0,-0.0029955067398901303,0.6469810195374677,0.5710306406685237,trend_exit
2025-05-23,2025-05-23,2025-06-05,139480,86629.75,86800.0,0.00046231231187898736,0.6172090010333661,0.6575110206849781,trend_exit
2025-05-21,2025-05-21,2025-06-10,010620,182673.6,187500.0,0.02488126363086951,0.640245741958104,0.6575110206849781,trend_exit
2025-05-21,2025-05-21,2025-06-10,036460,38557.75,37750.0,-0.022417672193009164,0.6554329345882565,0.6152219873150105,trend_exit
2025-05-22,2025-05-22,2025-06-16,326030,90335.3,91900.0,0.015795043576542156,0.6402012385041359,0.6575110206849781,trend_exit
2025-05-29,2025-05-29,2025-06-16,069620,145117.35,157900.0,0.08645279148220375,0.6446230974612226,0.6575110206849781,trend_exit
2025-05-12,2025-05-12,2025-06-20,002030,263394.5,306000.0,0.1600128324623331,0.6260204032685467,0.6575110206849781,trend_exit
2025-06-18,2025-06-18,2025-06-23,259960,383073.75,350500.0,-0.08640503297341573,0.6263041751202377,0.6575110206849781,stoploss
2025-05-22,2025-05-22,2025-06-24,082640,5468.1900000000005,6900.0,0.2599507332407982,0.6126057891897416,0.6575110206849781,trend_exit
2025-06-05,2025-06-05,2025-06-24,323280,23785.625,27050.0,0.13553564390256723,0.6434962946497109,0.5857753357753358,trend_exit
2025-05-19,2025-05-19,2025-06-25,003570,34952.35,53900.0,0.5397863090750694,0.6069017649138222,0.5857753357753358,trend_exit
2025-06-10,2025-06-10,2025-06-25,042660,79018.35,82500.0,0.04249519257235801,0.6433250094483026,0.5857753357753358,trend_exit
2025-05-21,2025-05-21,2025-06-27,071970,41261.8,50100.0,0.2123768231148424,0.6592330002659996,0.6575110206849781,trend_exit
2025-06-20,2025-06-20,2025-06-27,006040,49724.475000000006,45650.0,-0.08331812452519616,0.6221639253903628,0.6575110206849781,stoploss
2025-06-10,2025-06-10,2025-07-04,003230,1158735.5,1269000.0,0.09351659632418263,0.6434841090849606,0.5857753357753358,trend_exit
2025-06-19,2025-06-19,2025-07-04,030190,15533.265000000001,16230.0,0.04328710029732963,0.6167329841064384,0.6575110206849781,trend_exit
2025-06-27,2025-06-27,2025-07-04,336570,11026.515000000001,10730.0,-0.028350752708358073,0.6369676854073616,0.7523510971786834,trend_exit
2025-06-24,2025-06-24,2025-07-07,003470,3690.5275,3660.0,-0.009759444957394336,0.6482044693321164,0.7523510971786834,trend_exit
2025-06-25,2025-06-25,2025-07-07,003540,25337.95,24550.0,-0.03255097590767986,0.652841108790717,0.7523510971786834,trend_exit
2025-07-08,2025-07-08,2025-07-17,023590,38107.075000000004,38500.0,0.008795610788810082,0.6044028524260637,0.7523510971786834,trend_exit
2025-05-28,2025-05-28,2025-07-21,139130,10706.035,14730.0,0.3737957142863815,0.6365973228268984,0.6575110206849781,trend_exit
2025-07-04,2025-07-04,2025-07-21,030000,20530.75,21400.0,0.040775422232504965,0.6305791967690624,0.7523510971786834,trend_exit
2025-07-08,2025-07-08,2025-07-21,003240,1103653.0,1049000.0,-0.050945813584523436,0.6588033583565959,0.7523510971786834,trend_exit
2025-07-08,2025-07-08,2025-07-21,005940,20931.350000000002,21700.0,0.035167344676764634,0.6555230544834209,0.7523510971786834,trend_exit
2025-06-23,2025-06-23,2025-07-22,138930,12058.060000000001,15420.0,0.27689445897598786,0.6605684194433477,0.7523510971786834,trend_exit
2025-06-24,2025-06-24,2025-07-23,000240,19228.800000000003,25550.0,0.3267429584789483,0.6467611328866291,0.7523510971786834,trend_exit
2025-07-18,2025-07-18,2025-07-25,145020,360039.25,338000.0,-0.06262164472345721,0.6314130016315218,0.7523510971786834,trend_exit
2025-07-08,2025-07-08,2025-07-28,010140,17345.98,18630.0,0.07241303172262392,0.6983089439461254,0.7523510971786834,trend_exit
2025-06-25,2025-06-25,2025-07-29,214370,32999.425,51100.0,0.546189062385178,0.6215693819217323,0.7523510971786834,trend_exit
2025-06-27,2025-06-27,2025-08-01,007340,22183.225000000002,28100.0,0.26482285600943944,0.6424806115537601,0.7523510971786834,trend_exit
2025-07-29,2025-07-29,2025-08-01,181710,30846.2,26950.0,-0.12762106839740384,0.6539004270126985,0.7523510971786834,stoploss
2025-07-29,2025-07-29,2025-08-05,009970,140210.0,132200.0,-0.05854289993581052,0.6193963942205896,0.7523510971786834,trend_exit
2025-07-31,2025-07-31,2025-08-12,192820,251877.25,196100.0,-0.22261399153754458,0.6456644750851873,0.7523510971786834,stoploss
2025-08-05,2025-08-05,2025-08-12,005690,13450.145,12220.0,-0.09282241938655678,0.6011452676081758,0.5186372745490979,stoploss
2025-08-04,2025-08-04,2025-08-13,032350,18117.135000000002,16870.0,-0.07023406294648693,0.604506599500227,0.5353697749196141,trend_exit
2025-08-12,2025-08-12,2025-08-13,336570,12919.35,10450.0,-0.19234907328929085,0.6078754664683442,0.5331163859111794,stoploss
2025-07-23,2025-07-23,2025-08-14,042670,13249.845000000001,16270.0,0.22609698453076232,0.6625026224312882,0.7523510971786834,trend_exit
2025-07-31,2025-07-31,2025-08-14,003230,1444163.0,1380000.0,-0.04586255152638585,0.6405270695542042,0.7523510971786834,trend_exit
2025-08-07,2025-08-07,2025-08-14,003380,9524.265000000001,8850.0,-0.07218824759705877,0.6423213185095887,0.5331163859111794,trend_exit
2025-08-01,2025-08-01,2025-08-18,017800,83925.70000000001,82000.0,-0.02441087771683781,0.6126925735621523,0.7523510971786834,trend_exit
2025-08-05,2025-08-05,2025-08-18,192400,31246.800000000003,29650.0,-0.05252617868069698,0.6203078926825624,0.5353697749196141,trend_exit
2025-08-06,2025-08-06,2025-08-21,034230,18878.275,20800.0,0.10014288911460412,0.602922481646728,0.5353697749196141,trend_exit
2025-08-06,2025-08-06,2025-08-21,114090,16174.225,16460.0,0.01614204080875603,0.6191485199834819,0.5331163859111794,trend_exit
2025-08-27,2025-08-27,2025-09-03,032350,16414.585,15570.0,-0.05287614642709515,0.6346127094054322,0.592,trend_exit
2025-08-14,2025-08-14,2025-09-04,030190,15713.535000000002,15700.0,-0.0023600672923057564,0.6347207400705333,0.6105527638190955,trend_exit
2025-08-25,2025-08-25,2025-09-05,079550,521781.50000000006,476000.0,-0.08910913859536995,0.6033544121629217,0.5186372745490979,stoploss
2025-09-01,2025-09-01,2025-09-08,003380,8432.630000000001,8160.0,-0.03378186876454925,0.6130745482076236,0.5331163859111794,trend_exit
2025-09-05,2025-09-05,2025-09-15,114090,16915.335000000003,16270.0,-0.0395936586535236,0.6295897934343333,0.6105527638190955,trend_exit
2025-09-05,2025-09-05,2025-09-15,010950,60690.9,59300.0,-0.024383391908836427,0.6125522434939965,0.5186372745490979,trend_exit
2025-08-28,2025-08-28,2025-09-19,138930,14872.275000000001,14880.0,-0.0009813562484556337,0.6076731655504222,0.5353697749196141,trend_exit
2025-08-26,2025-08-26,2025-09-22,026960,27541.25,28000.0,0.015131847683020894,0.6034059525752168,0.5331163859111794,trend_exit
2025-08-28,2025-08-28,2025-09-22,030610,8813.2,9640.0,0.09217310398039302,0.6031959426034519,0.5331163859111794,trend_exit
2025-09-10,2025-09-10,2025-09-22,001440,16194.255000000001,15900.0,-0.01964307712827784,0.6136479053403849,0.6105527638190955,trend_exit
2025-09-10,2025-09-10,2025-09-22,139130,14361.51,14160.0,-0.015510207492109074,0.6150069508459086,0.5353697749196141,trend_exit
2025-09-03,2025-09-03,2025-09-23,000670,37997.9115,41346.0,0.08648026615883864,0.6275396730429147,0.5353697749196141,trend_exit
2025-09-19,2025-09-19,2025-09-26,020560,9594.37,9270.0,-0.03525765631302524,0.6345855190282929,0.6145610278372591,trend_exit
2025-09-17,2025-09-17,2025-10-13,025980,8703.035,9130.0,0.04748573342517881,0.6241815509829184,0.5535339398180549,trend_exit
2025-10-22,2025-10-22,2025-10-29,381970,15262.86,15120.0,-0.010845935820678387,0.6045339596247821,0.5424721734036323,trend_exit
2025-10-16,2025-10-16,2025-10-31,075580,21181.725000000002,22050.0,0.03943021637756128,0.600306843250487,0.5424721734036323,trend_exit
2025-10-20,2025-10-20,2025-10-31,042670,15052.545,15240.0,0.010934695760750124,0.6237816533839297,0.6145610278372591,trend_exit
2025-10-24,2025-10-24,2025-11-03,032640,15192.755000000001,14600.0,-0.040457112617165225,0.6006945914315853,0.5635245901639344,trend_exit
2025-11-03,2025-11-03,2025-11-11,358570,15693.505000000001,14900.0,-0.05198679326256306,0.605504923529505,0.5535339398180549,trend_exit
2025-09-29,2025-09-29,2025-11-13,415640,8823.215,10290.0,0.16449219473853915,0.611954809406491,0.5424721734036323,trend_exit
2025-11-07,2025-11-07,2025-11-21,381970,15152.695000000002,15630.0,0.02995242760446226,0.6088607475392358,0.5352112676056338,trend_exit
2025-10-20,2025-10-20,2025-11-25,007070,16875.275,21900.0,0.29580999420750187,0.6004454001304667,0.5635245901639344,trend_exit
2025-12-01,2025-12-01,2025-12-11,138930,15322.95,15140.0,-0.013421697519080844,0.604340025787407,0.5711166562694946,trend_exit
2025-12-02,2025-12-02,2025-12-11,293490,16294.405,15960.0,-0.021991904583198885,0.6041751115912337,0.46743295019157083,trend_exit
2025-12-04,2025-12-04,2025-12-17,005385,200300.0,203500.0,0.014452071892161689,0.615481502288506,0.5711166562694946,trend_exit
2025-12-05,2025-12-05,2025-12-17,012450,896342.5,870000.0,-0.0308447942611223,0.6132897165707408,0.5352112676056338,trend_exit
2025-11-28,2025-11-28,2025-12-26,017960,27340.95,31400.0,0.1467377688046685,0.6050044244982264,0.48737727910238426,trend_exit
2025-12-10,2025-12-10,2025-12-26,145020,225838.25,227000.0,0.0036364521953211604,0.6031355829917595,0.5711166562694946,trend_exit
2025-12-22,2025-12-22,2025-12-30,003850,9374.04,9010.0,-0.040276657663078086,0.6058190679975025,0.5515740120562626,trend_exit
2026-01-02,2026-01-02,2026-01-16,336570,8262.375,8090.0,-0.022331351457661963,0.6274456601572486,0.5311128324296411,trend_exit
2025-12-29,2025-12-29,2026-01-23,012450,950423.5,1255000.0,0.3184832866611569,0.6003910165704026,0.5311128324296411,trend_exit
2026-01-14,2026-01-14,2026-01-29,003470,3850.7675000000004,4500.0,0.16684531070754072,0.6132917361286473,0.5515740120562626,end_of_data
2026-01-14,2026-01-14,2026-01-29,005440,8512.75,9480.0,0.11195324660068717,0.611920475101893,0.5515740120562626,end_of_data
2026-01-16,2026-01-16,2026-01-29,020560,7831.7300000000005,7700.0,-0.018294808426746023,0.616593815012023,0.5311128324296411,end_of_data
2026-01-22,2026-01-22,2026-01-29,381970,15332.965,15360.0,0.0002605497371186427,0.6023995664531052,0.5515740120562626,end_of_data
2026-01-26,2026-01-26,2026-01-29,025980,8242.345000000001,8280.0,0.003061628699114083,0.602128631992385,0.5515740120562626,end_of_data
